﻿FECHA,DEPARTAMENTO,MUNICIPIO,DIA,HORA,BARRIO,ZONA ,CLASE DE SITIO ,ARMA O MEDIO,MOVIL VICTIMA ,MOVIL AGRESOR ,EDAD ,GENERO ,ESTADO CIVIL,CLASE EMPLEADO,PROFESION,ESCOLARIDAD,PAIS NACE,CODIGO DANE ,2010
03/01/2010 12:00:00 AM,CASANARE,YOPAL (CT),Domingo,14:00,-,RURAL,VIAS PUBLICAS,ARMA DE FUEGO,VEHICULO,CONDUCTOR MOTOCICLETA,38,MASCULINO,SOLTERO,NO REPORTA,NO REPORTADA,ANALFABETA,COLOMBIA,"54,810,000",1
05/01/2010 12:00:00 AM,ARAUCA,TAME,Martes,12:20,VEREDA FLOR AMARILLO,RURAL,VIAS PUBLICAS,ARMA DE FUEGO,VEHICULO,CONDUCTOR MOTOCICLETA,33,MASCULINO,UNION LIBRE,EMPLEADO EJERCITO,NO REPORTADA,NO REPORTADO,COLOMBIA,"54,810,000",1
05/01/2010 12:00:00 AM,ANTIOQUIA,BRICEÑO,Martes,17:30,LAS AURAS,RURAL,FINCAS Y SIMILARES,ARMA BLANCA / CORTOPUNZANTE,A PIE,A PIE,24,MASCULINO,UNION LIBRE,GANADERO,NO REPORTADA,NO REPORTADA,COLOMBIA,"19,001,000",1
08/01/2010 12:00:00 AM,CESAR,AGUACHICA,Viernes,10:15,-,RURAL,FINCAS Y SIMILARES,ARMA BLANCA / CORTOPUNZANTE,A PIE,VEHICULO,60,MASCULINO,UNION LIBRE,GANADERO,NO REPORTADA,PRIMARIA,COLOMBIA,"68,307,000",1
09/01/2010 12:00:00 AM,GUAJIRA,DIBULLA,Sábado,20:10,-,RURAL,FINCAS Y SIMILARES,ARMA BLANCA / CORTOPUNZANTE,A PIE,VEHICULO,30,FEMENINO,CASADO,AMA DE CASA,PUBLICISTA,SUPERIOR,SUIZA,"68,307,000",1
11/01/2010 12:00:00 AM,ANTIOQUIA,BRICEÑO,Lunes,8:00,-,RURAL,FINCAS Y SIMILARES,ARMA BLANCA / CORTOPUNZANTE,A PIE,VEHICULO,27,MASCULINO,UNION LIBRE,EMPLEADO PARTICULAR,NO REPORTADA,NO REPORTADA,COLOMBIA,"68,307,000",1
11/01/2010 12:00:00 AM,CESAR,CURUMANÍ,Lunes,16:30,-,RURAL,FINCAS Y SIMILARES,ARMA DE FUEGO,CONDUCTOR TAXI,A PIE,56,MASCULINO,CASADO,GANADERO,NO REPORTADA,NO REPORTADO,COLOMBIA,"5,001,000",1
13/01/2010,GUAJIRA,RIOHACHA (CT),Miércoles,21:50,BUENOS AIRES,URBANA,VEHICULO,ARMA DE FUEGO,CONDUCTOR TAXI,A PIE,37,FEMENINO,CASADO,EMPLEADO PARTICULAR,CONTADOR PUBLICO,SUPERIOR,NO REPORTADA,"5,001,000",1
13/01/2010,GUAJIRA,RIOHACHA (CT),Miércoles,21:50,BUENOS AIRES,URBANA,VEHICULO,ARMA BLANCA / CORTOPUNZANTE,A PIE,A PIE,17,MASCULINO,SOLTERO,ESTUDIANTE,NO REPORTADA,SUPERIOR,NO REPORTADA,"5,212,000",1
16/01/2010,VALLE,BUENAVENTURA,Sábado,23:00,-,RURAL,FINCAS Y SIMILARES,ESPOSAS,A PIE,A PIE,30,MASCULINO,SOLTERO,EMPLEADO PARTICULAR,ADMINISTRADOR DE EMPRESAS,SUPERIOR,COLOMBIA,"25,430,000",1
17/01/2010,ARAUCA,TAME,Domingo,9:00,VEREDA BETOYES,URBANA,VIAS PUBLICAS,ARMA DE FUEGO,VEHICULO,VEHICULO,33,MASCULINO,SOLTERO,EMPLEADO PARTICULAR,ABOGADO,SUPERIOR,COLOMBIA,"19,001,000",1
18/01/2010,SANTANDER,BARBOSA,Lunes,5:30,-,URBANA,CARRETERA,ARMA DE FUEGO,VEHICULO,VEHICULO,68,FEMENINO,CASADO,AMA DE CASA,NO REPORTADA,PRIMARIA,COLOMBIA,"19,001,000",1
19/01/2010,RISARALDA,PEREIRA (CT),Martes,7:40,-,RURAL,VIAS PUBLICAS,ARMA DE FUEGO,VEHICULO,A PIE,48,MASCULINO,NO REPORTADA,EMPLEADO PARTICULAR,NO REPORTADA,NO REPORTADA,COLOMBIA,"20,013,000",1
21/01/2010,ANTIOQUIA,MEDELLÍN (CT),Jueves,16:00,CAMPO VALDES 1  C-4,URBANA,CASAS DE HABITACION,ARMA BLANCA / CORTOPUNZANTE,VEHICULO,VEHICULO,17,FEMENINO,SOLTERO,ESTUDIANTE,NO REPORTADA,NO REPORTADA,COLOMBIA,"23,001,000",1
21/01/2010,CASANARE,TÁMARA,Jueves,21:00,-,URBANA,FINCAS Y SIMILARES,ARMA BLANCA / CORTOPUNZANTE,A PIE,VEHICULO,52,MASCULINO,CASADO,AGRICULTOR,NO REPORTADA,PRIMARIA,COLOMBIA,"76,834,000",1
22/01/2010,BOYACÁ,SOGAMOSO,Viernes,21:45,VDA. EL CERRITO,RURAL,FINCAS Y SIMILARES,ARMA BLANCA / CORTOPUNZANTE,A PIE,A PIE,21,MASCULINO,SOLTERO,ESTUDIANTE,NO REPORTADA,SUPERIOR,COLOMBIA,"17,873,000",1
23/01/2010,ARAUCA,SARAVENA,Sábado,6:40,RANCHO PILON,RURAL,FINCAS Y SIMILARES,ARMA DE FUEGO,A PIE,A PIE,18,MASCULINO,SOLTERO,ESTUDIANTE,NO REPORTADA,SECUNDARIA,COLOMBIA,"54,250,000",1
23/01/2010,NARIÑO,PUPIALES,Sábado,18:30,VDA EL COMUN,RURAL,FINCAS Y SIMILARES,ARMA DE FUEGO,A PIE,A PIE,15,MASCULINO,SOLTERO,ESTUDIANTE,NO REPORTADA,SECUNDARIA,COLOMBIA,"54,250,000",1
28/01/2010,ANTIOQUIA,SAN LUIS,Jueves,20:00,-,RURAL,FINCAS Y SIMILARES,ARMA DE FUEGO,A PIE,A PIE,63,FEMENINO,VIUDO,AMA DE CASA,NO REPORTADA,NO REPORTADA,COLOMBIA,"25,040,000",1
29/01/2010,SANTANDER,BUCARAMANGA (CT),Viernes,11:00,VDA. LOS SANTOS,RURAL,CARRETERA,ARMA DE FUEGO,A PIE,A PIE,28,MASCULINO,NO REPORTA,GANADERO,NO REPORTADA,NO REPORTADO,COLOMBIA,"54,250,000",1
29/01/2010,SANTANDER,BUCARAMANGA (CT),Viernes,11:00,VDA. LOS SANTOS,RURAL,CARRETERA,ARMAS BLANCAS,A PIE,A PIE,27,MASCULINO,SOLTERO,GANADERO,NO REPORTADA,NO REPORTADA,COLOMBIA,"5,001,000",1
04/02/2010 12:00:00 AM,CAUCA,EL TAMBO,Jueves,19:40,-,RURAL,FINCAS Y SIMILARES,ARMA BLANCA / CORTOPUNZANTE,A PIE,VEHICULO,29,FEMENINO,UNION LIBRE,AMA DE CASA,NO REPORTADA,NO REPORTADA,COLOMBIA,"76,001,000",1
08/02/2010 12:00:00 AM,CALDAS,MANIZALES (CT),Lunes,4:40,VEREDA EL ROSARIO,RURAL,"COLEGIOS, ESCUELAS",ARMA DE FUEGO,A PIE,A PIE,42,FEMENINO,CASADO,EDUCADOR,NO REPORTADA,SECUNDARIA,COLOMBIA,"54,001,000",1
11/02/2010 12:00:00 AM,ANTIOQUIA,OLAYA,Jueves,14:20,-,RURAL,VIAS PUBLICAS,ARMA BLANCA / CORTOPUNZANTE,PASAJERO TAXI,CONDUCTOR TAXI,17,MASCULINO,SOLTERO,ESTUDIANTE,NO REPORTADA,NO REPORTADO,COLOMBIA,"11,001,000",1
15/02/2010,CAUCA,POPAYÁN (CT),Lunes,12:30,LA CONQUISTA,URBANA,CASAS DE HABITACION,ARMA DE FUEGO,VEHICULO,VEHICULO,5,MASCULINO,SOLTERO,ESTUDIANTE,NO REPORTADA,ANALFABETA,NO REPORTADA,"5,360,000",1
15/02/2010,TOLIMA,MURILLO,Lunes,17:00,-,URBANA,FINCAS Y SIMILARES,ARMA DE FUEGO,VEHICULO,VEHICULO,81,MASCULINO,CASADO,AGRICULTOR,NO REPORTADA,ANALFABETA,COLOMBIA,"54,720,000",1
18/02/2010,MAGDALENA,SANTA MARTA (CT),Jueves,15:30,LUIS R. K.,URBANA,CASAS DE HABITACION,ARMA BLANCA / CORTOPUNZANTE,VEHICULO,CONDUCTOR TAXI,10,FEMENINO,SOLTERO,ESTUDIANTE,NO REPORTADA,PRIMARIA,COLOMBIA,"76,109,000",1
18/02/2010,BOLÍVAR,MONTECRISTO,Jueves,7:00,-,RURAL,FINCAS Y SIMILARES,ARMA DE FUEGO,A PIE,VEHICULO,67,MASCULINO,UNION LIBRE,AGRICULTOR,NO REPORTADA,PRIMARIA,COLOMBIA,"54,498,000",1
18/02/2010,VALLE,YUMBO,Jueves,10:00,INDUSTRIAL E8,URBANA,CASAS DE HABITACION,ARMA DE FUEGO,VEHICULO,CONDUCTOR MOTOCICLETA,36,FEMENINO,UNION LIBRE,EMPLEADO PARTICULAR,CONTADOR PUBLICO,SUPERIOR,COLOMBIA,"85,001,000",1
18/02/2010,CESAR,CURUMANÍ,Jueves,19:00,-,RURAL,FINCAS Y SIMILARES,ARMA BLANCA / CORTOPUNZANTE,VEHICULO,A PIE,60,MASCULINO,UNION LIBRE,AGRICULTOR,NO REPORTADA,PRIMARIA,COLOMBIA,"66,572,000",1
18/02/2010,CESAR,CURUMANÍ,Jueves,19:00,-,RURAL,FINCAS Y SIMILARES,ARMA BLANCA / CORTOPUNZANTE,VEHICULO,A PIE,51,FEMENINO,UNION LIBRE,AGRICULTOR,NO REPORTADA,PRIMARIA,COLOMBIA,"66,572,000",1
18/02/2010,CUNDINAMARCA,FUSAGASUGÁ,Jueves,23:30,BALMORAL,URBANA,CASAS DE HABITACION,ARMA BLANCA / CORTOPUNZANTE,VEHICULO,A PIE,35,MASCULINO,UNION LIBRE,COMERCIANTE,NO REPORTADA,SUPERIOR,COLOMBIA,"66,572,000",1
19/02/2010,ARAUCA,ARAUQUITA,Viernes,15:00,SAN MARTIN,URBANA,CASAS DE HABITACION,ARMA DE FUEGO,VEHICULO,CONDUCTOR MOTOCICLETA,38,MASCULINO,CASADO,EMPLEADO PUBLICO,NO REPORTADA,NO REPORTADA,COLOMBIA,"5,001,000",1
22/02/2010,VALLE,CALI (CT),Lunes,1:38,EL LIDO E19,URBANA,APARTAMENTO,ARMA BLANCA / CORTOPUNZANTE,A PIE,A PIE,29,MASCULINO,SOLTERO,COMERCIANTE,NO REPORTADA,SUPERIOR,ESTADOS UNIDOS,"5,837,000",1
22/02/2010,CASANARE,HATO COROZAL,Lunes,11:00,-,RURAL,FINCAS Y SIMILARES,ARMA DE FUEGO,VEHICULO,A PIE,54,MASCULINO,SEPARADO,GANADERO,NO REPORTADA,PRIMARIA,NO REPORTADA,"19,001,000",1
25/02/2010,SANTANDER,BOLÍVAR,Jueves,5:00,-,RURAL,FINCAS Y SIMILARES,ARMA BLANCA / CORTOPUNZANTE,A PIE,A PIE,13,MASCULINO,SOLTERO,ESTUDIANTE,NO REPORTADA,NO REPORTADA,NO REPORTADA,"5,887,000",1
26/02/2010,ARAUCA,SARAVENA,Viernes,22:30,CENTRO,URBANA,ESTADERO,ARMA DE FUEGO,VEHICULO,A PIE,44,MASCULINO,CASADO,EMPLEADO PARTICULAR,TECNOLOGO,SUPERIOR,COLOMBIA,"25,394,000",1
28/02/2010,ARAUCA,FORTUL,Domingo,18:30,-,URBANA,NO DEFINIDO,ARMA BLANCA / CORTOPUNZANTE,A PIE,A PIE,70,MASCULINO,NO REPORTA,GANADERO,NO REPORTADA,NO REPORTADO,COLOMBIA,"76,001,000",1
03/03/2010 12:00:00 AM,CAQUETÁ,SAN JOSÉ DEL FRAGUA,Miércoles,21:00,VDA.  LUNA,RURAL,FINCAS Y SIMILARES,ARMA BLANCA / CORTOPUNZANTE,CONDUCTOR TAXI,A PIE,78,MASCULINO,UNION LIBRE,GANADERO,NO REPORTADA,PRIMARIA,COLOMBIA,"17,001,000",1
04/03/2010 12:00:00 AM,ANTIOQUIA,BELLO,Jueves,5:30,VDA. SAN FELIX,RURAL,FINCAS Y SIMILARES,ARMA BLANCA / CORTOPUNZANTE,A PIE,A PIE,41,MASCULINO,SOLTERO,GANADERO,NO REPORTADA,NO REPORTADA,COLOMBIA,"5,088,000",1
05/03/2010 12:00:00 AM,NORTE DE SANTANDER,CHITAGÁ,Viernes,9:00,CORREGIMIENTO PRESIDENTE,URBANA,VEHICULO,ARMA DE FUEGO,A PIE,A PIE,44,MASCULINO,UNION LIBRE,EMPLEADO PARTICULAR,NO REPORTADA,SUPERIOR,COLOMBIA,"11,001,000",1
05/03/2010 12:00:00 AM,CUNDINAMARCA,FUSAGASUGÁ,Viernes,10:30,CENTRO,URBANA,ESTACIONES DE SERVICIO,ARMA BLANCA / CORTOPUNZANTE,A PIE,A PIE,52,MASCULINO,UNION LIBRE,COMERCIANTE,NO REPORTADA,PRIMARIA,COLOMBIA,"52,835,000",1
06/03/2010 12:00:00 AM,CAUCA,CALDONO,Sábado,23:00,-,RURAL,FINCAS Y SIMILARES,ARMA BLANCA / CORTOPUNZANTE,A PIE,A PIE,80,MASCULINO,SOLTERO,EMPLEADO PARTICULAR,NO REPORTADA,SUPERIOR,COLOMBIA,"5,360,000",1
07/03/2010 12:00:00 AM,META,PUERTO LLERAS,Domingo,20:00,VEREDA CAÑO RAYADO,URBANA,FINCAS Y SIMILARES,ARMA BLANCA / CORTOPUNZANTE,A PIE,VEHICULO,47,MASCULINO,UNION LIBRE,GANADERO,NO REPORTADA,PRIMARIA,COLOMBIA,"52,835,000",1
08/03/2010 12:00:00 AM,ANTIOQUIA,FRONTINO,Lunes,9:00,-,RURAL,FINCAS Y SIMILARES,ARMA DE FUEGO,VEHICULO,CONDUCTOR MOTOCICLETA,48,MASCULINO,CASADO,GANADERO,NO REPORTADA,NO REPORTADO,NO REPORTADA,"54,520,000",1
12/03/2010 12:00:00 AM,ARAUCA,SARAVENA,Viernes,17:30,VEREDA PUERTO NARIÑO,RURAL,FINCAS Y SIMILARES,ARMA BLANCA / CORTOPUNZANTE,A PIE,VEHICULO,48,MASCULINO,UNION LIBRE,POLITICO,NO REPORTADA,SECUNDARIA,COLOMBIA,"5,001,000",1
12/03/2010 12:00:00 AM,ARAUCA,SARAVENA,Viernes,17:30,VEREDA PUERTO NARIÑO,RURAL,FINCAS Y SIMILARES,ARMA DE FUEGO,A PIE,VEHICULO,42,MASCULINO,SEPARADO,POLITICO,ABOGADO,SUPERIOR,NO REPORTADA,"54,001,000",1
12/03/2010 12:00:00 AM,ARAUCA,SARAVENA,Viernes,17:30,VEREDA PUERTO NARIÑO,RURAL,VEHICULO,ARMA DE FUEGO,A PIE,VEHICULO,46,MASCULINO,CASADO,POLITICO,ABOGADO,SUPERIOR,COLOMBIA,"20,614,000",1
13/03/2010,VALLE,CALI (CT),Sábado,11:40,MANZANARES E4,URBANA,VIAS PUBLICAS,ARMA DE FUEGO,VEHICULO,A PIE,38,MASCULINO,CASADO,COMERCIANTE,NO REPORTADA,SUPERIOR,NO REPORTADA,"19,760,000",1
17/03/2010,RISARALDA,DOSQUEBRADAS,Miércoles,17:50,LA SULTANA,URBANA,CANCHA DE FUTBOL,ARMA DE FUEGO,VEHICULO,A PIE,19,MASCULINO,SOLTERO,ESTUDIANTE,NO REPORTADA,SECUNDARIA,COLOMBIA,"19,760,000",1
19/03/2010,ARAUCA,ARAUQUITA,Viernes,12:30,VEREDA PANAMA DE ARAUCA,RURAL,VIAS PUBLICAS,ARMA DE FUEGO,VEHICULO,A PIE,30,MASCULINO,CASADO,EMPLEADO PARTICULAR,NO REPORTADA,SECUNDARIA,NO REPORTADA,"19,760,000",1
19/03/2010,ARAUCA,ARAUQUITA,Viernes,12:30,VEREDA PANAMA DE ARAUCA,RURAL,VIAS PUBLICAS,ARMA BLANCA / CORTOPUNZANTE,A PIE,A PIE,21,MASCULINO,SOLTERO,EMPLEADO PARTICULAR,NO REPORTADA,SECUNDARIA,NO REPORTADA,"20,013,000",1
19/03/2010,ARAUCA,ARAUQUITA,Viernes,12:30,VEREDA PANAMA DE ARAUCA,RURAL,VIAS PUBLICAS,ARMA DE FUEGO,A PIE,A PIE,43,MASCULINO,CASADO,EMPLEADO PARTICULAR,NO REPORTADA,SECUNDARIA,COLOMBIA,"81,065,000",1
19/03/2010,ARAUCA,ARAUQUITA,Viernes,12:30,VEREDA PANAMA DE ARAUCA,RURAL,VIAS PUBLICAS,ARMA BLANCA / CORTOPUNZANTE,CONDUCTOR MOTOCICLETA,VEHICULO,50,MASCULINO,SOLTERO,EMPLEADO PARTICULAR,NO REPORTADA,SECUNDARIA,NO REPORTADA,"66,170,000",1
19/03/2010,ARAUCA,ARAUQUITA,Viernes,12:30,VEREDA PANAMA DE ARAUCA,RURAL,VIAS PUBLICAS,ARMA DE FUEGO,A PIE,A PIE,24,MASCULINO,SOLTERO,EMPLEADO PARTICULAR,NO REPORTADA,SECUNDARIA,NO REPORTADA,"68,575,000",1
19/03/2010,ARAUCA,ARAUQUITA,Viernes,12:30,VEREDA PANAMA DE ARAUCA,RURAL,VIAS PUBLICAS,ARMA BLANCA / CORTOPUNZANTE,A PIE,A PIE,44,MASCULINO,SEPARADO,EMPLEADO PARTICULAR,NO REPORTADA,SECUNDARIA,COLOMBIA,"76,109,000",1
19/03/2010,VALLE,CALI (CT),Viernes,10:20,SANTO DOMINGO E10,URBANA,VIAS PUBLICAS,ARMA BLANCA / CORTOPUNZANTE,A PIE,A PIE,49,MASCULINO,CASADO,COMERCIANTE,NO REPORTADA,SECUNDARIA,COLOMBIA,"11,001,000",1
20/03/2010,NARIÑO,PASTO (CT),Sábado,16:30,FATIMA,URBANA,NO DEFINIDO,ARMA BLANCA / CORTOPUNZANTE,A PIE,A PIE,51,MASCULINO,SEPARADO,INDEPENDIENTE,NO REPORTADA,SECUNDARIA,COLOMBIA,"25,899,000",1
20/03/2010,NARIÑO,PASTO (CT),Sábado,16:30,FATIMA,URBANA,NO DEFINIDO,ARMA DE FUEGO,A PIE,VEHICULO,26,MASCULINO,NO REPORTA,ESTUDIANTE,NO REPORTADA,SECUNDARIA,COLOMBIA,"86,320,000",1
23/03/2010,VALLE,CANDELARIA,Martes,17:00,CGTO VILLAGORGONA,RURAL,FINCAS Y SIMILARES,ARMA DE FUEGO,A PIE,A PIE,68,MASCULINO,CASADO,EMPLEADO PARTICULAR,NO REPORTADA,SECUNDARIA,JAPON,"5,001,000",1
24/03/2010,ANTIOQUIA,SEGOVIA,Miércoles,19:00,EL CHISPERO,RURAL,FINCAS Y SIMILARES,ARMA DE FUEGO,A PIE,A PIE,13,MASCULINO,SOLTERO,ESTUDIANTE,NO REPORTADA,NO REPORTADO,NO REPORTADA,"76,109,000",1
25/03/2010,CESAR,AGUACHICA,Jueves,9:00,-,RURAL,FINCAS Y SIMILARES,ARMA BLANCA / CORTOPUNZANTE,A PIE,CONDUCTOR MOTOCICLETA,24,MASCULINO,SOLTERO,AGRICULTOR,NO REPORTADA,PRIMARIA,NO REPORTADA,"5,001,000",1
26/03/2010,ANTIOQUIA,ENVIGADO,Viernes,16:30,-,URBANA,ALMACENES,ARMA DE FUEGO,A PIE,CONDUCTOR MOTOCICLETA,39,MASCULINO,CASADO,COMERCIANTE,NO REPORTADA,PRIMARIA,COLOMBIA,"5,001,000",1
26/03/2010,ANTIOQUIA,MEDELLÍN (CT),Viernes,23:50,PAJARITO C-7,URBANA,VIAS PUBLICAS,ARMA DE FUEGO,A PIE,A PIE,29,MASCULINO,NO REPORTA,EMPLEADO PARTICULAR,NO REPORTADA,NO REPORTADO,COLOMBIA,"52,835,000",1
27/03/2010,CAUCA,EL TAMBO,Sábado,17:00,-,RURAL,FINCAS Y SIMILARES,ARMA DE FUEGO,A PIE,A PIE,70,MASCULINO,SOLTERO,COMERCIANTE,NO REPORTADA,NO REPORTADA,COLOMBIA,"52,835,000",1
29/03/2010,CASANARE,TAURAMENA,Lunes,15:30,RAIZAL,RURAL,FINCAS Y SIMILARES,ARMA BLANCA / CORTOPUNZANTE,CONDUCTOR MOTOCICLETA,A PIE,16,FEMENINO,SOLTERO,NO REPORTA,NO REPORTADA,NO REPORTADO,NO REPORTADA,"81,794,000",1
29/03/2010,ANTIOQUIA,PUERTO BERRÍO,Lunes,16:00,GUACIMAL,RURAL,FINCAS Y SIMILARES,ARMA BLANCA / CORTOPUNZANTE,A PIE,A PIE,26,MASCULINO,SOLTERO,GANADERO,NO REPORTADA,NO REPORTADA,COLOMBIA,"54,001,000",1
29/03/2010,CASANARE,NUNCHÍA,Lunes,20:30,-,URBANA,FINCAS Y SIMILARES,ARMA BLANCA / CORTOPUNZANTE,A PIE,A PIE,40,MASCULINO,UNION LIBRE,INDEPENDIENTE,MEDICO VETERINARIO,SUPERIOR,COLOMBIA,"13,001,000",1
30/03/2010,NORTE DE SANTANDER,CÚCUTA (CT),Martes,9:00,BARRIO PALMERAS,URBANA,CASAS DE HABITACION,ARMA BLANCA / CORTOPUNZANTE,A PIE,A PIE,53,MASCULINO,UNION LIBRE,EMPLEADO PARTICULAR,NO REPORTADA,PRIMARIA,COLOMBIA,"76,001,000",1
30/03/2010,CASANARE,OROCUÉ,Martes,21:00,-,URBANA,FINCAS Y SIMILARES,ARMA DE FUEGO,A PIE,A PIE,56,MASCULINO,CASADO,GANADERO,NO REPORTADA,SECUNDARIA,COLOMBIA,"25,053,000",1
07/04/2010 12:00:00 AM,CÓRDOBA,MONTERÍA (CT),Miércoles,10:30,LA PALMA,URBANA,VIAS PUBLICAS,ARMA DE FUEGO,VEHICULO,VEHICULO,15,FEMENINO,SOLTERO,ESTUDIANTE,NO REPORTADA,NO REPORTADA,COLOMBIA,"8,001,000",1
07/04/2010 12:00:00 AM,CÓRDOBA,MONTERÍA (CT),Miércoles,10:30,LA PALMA,URBANA,VIAS PUBLICAS,ARMA DE FUEGO,A PIE,VEHICULO,3,MASCULINO,SOLTERO,NO REPORTA,NO REPORTADA,NO REPORTADA,NO REPORTADA,"5,001,000",1
07/04/2010 12:00:00 AM,NORTE DE SANTANDER,TOLEDO,Miércoles,12:00,-,RURAL,FINCAS Y SIMILARES,ARMA BLANCA / CORTOPUNZANTE,A PIE,A PIE,45,MASCULINO,CASADO,EMPLEADO PARTICULAR,NO REPORTADA,TECNOLOGO,VENEZUELA,"76,147,000",1
07/04/2010 12:00:00 AM,PUTUMAYO,PUERTO GUZMÁN,Miércoles,14:40,-,RURAL,CARRETERA,ARMA DE FUEGO,A PIE,VEHICULO,45,MASCULINO,CASADO,EMPLEADO PARTICULAR,TECNOLOGO OBRAS CIVILES,TECNOLOGO,COLOMBIA,"5,001,000",1
08/04/2010 12:00:00 AM,CHOCÓ,TADÓ,Jueves,12:00,-,URBANA,FINCAS Y SIMILARES,ARMA DE FUEGO,A PIE,A PIE,59,FEMENINO,UNION LIBRE,EMPLEADO PARTICULAR,ABOGADO,SUPERIOR,COLOMBIA,"15,238,000",1
13/04/2010,MAGDALENA,CHIBOLO,Martes,6:00,-,RURAL,FINCAS Y SIMILARES,ARMA DE FUEGO,A PIE,CONDUCTOR TAXI,35,MASCULINO,CASADO,AGRICULTOR,NO REPORTADA,SECUNDARIA,COLOMBIA,"52,540,000",1
13/04/2010,MAGDALENA,CHIBOLO,Martes,6:00,-,RURAL,FINCAS Y SIMILARES,ARMA DE FUEGO,A PIE,A PIE,32,MASCULINO,CASADO,AGRICULTOR,NO REPORTADA,SECUNDARIA,COLOMBIA,"76,109,000",1
13/04/2010,MAGDALENA,CHIBOLO,Martes,6:00,-,RURAL,FINCAS Y SIMILARES,ARMA DE FUEGO,A PIE,VEHICULO,25,MASCULINO,CASADO,EMPLEADO PARTICULAR,NO REPORTADA,SECUNDARIA,COLOMBIA,"5,001,000",1
13/04/2010,MAGDALENA,CHIBOLO,Martes,6:00,-,RURAL,FINCAS Y SIMILARES,ARMA DE FUEGO,A PIE,VEHICULO,22,FEMENINO,UNION LIBRE,AMA DE CASA,NO REPORTADA,NO REPORTADO,NO REPORTADA,"66,001,000",1
14/04/2010,VALLE,SAN PEDRO,Miércoles,13:55,AVENIDA LA PLANTA,URBANA,CASAS DE HABITACION,ARMA DE FUEGO,A PIE,VEHICULO,27,FEMENINO,SOLTERO,NO REPORTA,NO REPORTADA,NO REPORTADA,COLOMBIA,"66,001,000",1
15/04/2010,RISARALDA,PEREIRA (CT),Jueves,9:30,LOS ANDES,URBANA,CASAS DE HABITACION,ARMA DE FUEGO,A PIE,VEHICULO,21,MASCULINO,UNION LIBRE,EMPLEADO PARTICULAR,NO REPORTADA,SECUNDARIA,COLOMBIA,"66,001,000",1
16/04/2010,CASANARE,AGUAZUL,Viernes,18:00,CARLOS PIZARRO,URBANA,APARTAMENTO,ARMA DE FUEGO,A PIE,VEHICULO,17,MASCULINO,SOLTERO,ESTUDIANTE,NO REPORTADA,SECUNDARIA,COLOMBIA,"66,001,000",1
17/04/2010,ARAUCA,TAME,Sábado,14:00,-,RURAL,FINCAS Y SIMILARES,ARMA DE FUEGO,A PIE,VEHICULO,23,MASCULINO,SOLTERO,EMPLEADO PARTICULAR,NO REPORTADA,TECNOLOGO,COLOMBIA,"66,001,000",1
17/04/2010,CAUCA,LA VEGA,Sábado,6:30,C/MIENTO ALTAMIRA,RURAL,FINCAS Y SIMILARES,ARMA DE FUEGO,A PIE,VEHICULO,56,MASCULINO,CASADO,COMERCIANTE,NO REPORTADA,NO REPORTADA,NO REPORTADA,"66,001,000",1
18/04/2010,ARAUCA,ARAUQUITA,Domingo,16:30,VEREDA LA ESMERALDA,RURAL,PARQUES,ARMA DE FUEGO,A PIE,VEHICULO,14,FEMENINO,SOLTERO,ESTUDIANTE,NO REPORTADA,NO REPORTADO,NO REPORTADA,"5,001,000",1
18/04/2010,ARAUCA,ARAUQUITA,Domingo,16:30,VEREDA LA ESMERALDA,RURAL,PARQUES,NO REPORTADA,A PIE,A PIE,31,FEMENINO,UNION LIBRE,EMPLEADO PUBLICO,NO REPORTADA,NO REPORTADO,COLOMBIA,"11,001,000",1
18/04/2010,PUTUMAYO,VILLAGARZÓN,Domingo,19:30,-,URBANA,CARRETERA,ARMA DE FUEGO,A PIE,A PIE,37,MASCULINO,SOLTERO,AGRICULTOR,NO REPORTADA,PRIMARIA,COLOMBIA,"19,256,000",1
19/04/2010,CUNDINAMARCA,BOGOTÁ D.C. (CT),Lunes,20:00,INGLES E-18,URBANA,CASAS DE HABITACION,ARMA DE FUEGO,VEHICULO,VEHICULO,4,MASCULINO,SOLTERO,NO REPORTA,NO REPORTADA,NO REPORTADA,NO REPORTADA,"54,498,000",1
20/04/2010,ANTIOQUIA,TARAZÁ,Martes,21:00,-,RURAL,TERMINAL DE TRANSPORTES,ARMA DE FUEGO,A PIE,A PIE,4,FEMENINO,SOLTERO,ESTUDIANTE,NO REPORTADA,NO REPORTADA,COLOMBIA,"5,001,000",1
21/04/2010,CASANARE,TAURAMENA,Miércoles,12:00,-,URBANA,NO DEFINIDO,ARMA DE FUEGO,A PIE,A PIE,53,MASCULINO,CASADO,GANADERO,NO REPORTADA,PRIMARIA,COLOMBIA,"5,001,000",1
22/04/2010,SUCRE,SAN ONOFRE,Jueves,7:00,-,RURAL,FINCAS Y SIMILARES,ARMA DE FUEGO,A PIE,A PIE,65,MASCULINO,UNION LIBRE,AGRICULTOR,NO REPORTADA,SECUNDARIA,COLOMBIA,"5,001,000",1
22/04/2010,ANTIOQUIA,CIUDAD BOLÍVAR,Jueves,13:00,LAS PALMAS,URBANA,PARQUEADERO,ARMA DE FUEGO,CONDUCTOR TAXI,A PIE,43,MASCULINO,NO REPORTA,COMERCIANTE,NO REPORTADA,NO REPORTADO,COLOMBIA,"44,001,000",1
28/04/2010,PUTUMAYO,VILLAGARZÓN,Miércoles,19:04,EL DORADO,URBANA,VIAS PUBLICAS,ARMA DE FUEGO,A PIE,VEHICULO,27,MASCULINO,SOLTERO,EMPLEADO PARTICULAR,NO REPORTADA,SUPERIOR,COLOMBIA,"18,256,000",1
02/05/2010 12:00:00 AM,ARAUCA,ARAUCA (CT),Domingo,9:30,-,RURAL,FINCAS Y SIMILARES,ARMA DE FUEGO,A PIE,VEHICULO,63,MASCULINO,CASADO,COMERCIANTE,NO REPORTADA,SECUNDARIA,COLOMBIA,"18,256,000",1
02/05/2010 12:00:00 AM,TOLIMA,IBAGUÉ (CT),Domingo,16:30,VRDA. SAN BERNARDO,URBANA,PARQUES,ARMA DE FUEGO,CONDUCTOR MOTOCICLETA,A PIE,NO REPORTADA,MASCULINO,CASADO,COMERCIANTE,NO REPORTADA,PRIMARIA,COLOMBIA,"18,001,000",1
05/05/2010 12:00:00 AM,ANTIOQUIA,CAÑASGORDAS,Miércoles,10:00,-,RURAL,VIAS PUBLICAS,ARMA BLANCA / CORTOPUNZANTE,A PIE,A PIE,50,MASCULINO,CASADO,EMPLEADO PARTICULAR,NO REPORTADA,NO REPORTADA,COLOMBIA,"54,001,000",1
05/05/2010 12:00:00 AM,ANTIOQUIA,CAÑASGORDAS,Miércoles,10:00,-,RURAL,VIAS PUBLICAS,ARMA BLANCA / CORTOPUNZANTE,A PIE,A PIE,50,MASCULINO,SOLTERO,EMPLEADO PARTICULAR,NO REPORTADA,PRIMARIA,COLOMBIA,"50,001,000",1
08/05/2010 12:00:00 AM,CUNDINAMARCA,FUSAGASUGÁ,Sábado,13:15,-,RURAL,FINCAS Y SIMILARES,ARMA DE FUEGO,CONDUCTOR MOTOCICLETA,A PIE,90,MASCULINO,VIUDO,COMERCIANTE,NO REPORTADA,PRIMARIA,COLOMBIA,"18,592,000",1
08/05/2010 12:00:00 AM,GUAJIRA,MAICAO,Sábado,7:26,-,URBANA,VIAS PUBLICAS,ARMA DE FUEGO,VEHICULO,CONDUCTOR MOTOCICLETA,28,MASCULINO,CASADO,COMERCIANTE,NO REPORTADA,SECUNDARIA,COLOMBIA,"81,794,000",1
08/05/2010 12:00:00 AM,CAUCA,SAN SEBASTIÁN,Sábado,10:00,-,URBANA,FINCAS Y SIMILARES,ARMA BLANCA / CORTOPUNZANTE,A PIE,A PIE,57,MASCULINO,CASADO,AGRICULTOR,NO REPORTADA,PRIMARIA,COLOMBIA,"5,001,000",1
16/05/2010,CUNDINAMARCA,BOGOTÁ D.C. (CT),Domingo,23:00,TENERIFE E-5,URBANA,VIAS PUBLICAS,ARMA DE FUEGO,A PIE,VEHICULO,26,MASCULINO,SOLTERO,NO REPORTA,NO REPORTADA,SECUNDARIA,COLOMBIA,"18,001,000",1
17/05/2010,CUNDINAMARCA,BOGOTÁ D.C. (CT),Lunes,3:30,-,URBANA,PUENTE PEATONAL,ARMA DE FUEGO,A PIE,VEHICULO,14,MASCULINO,SOLTERO,ESTUDIANTE,NO REPORTADA,SECUNDARIA,COLOMBIA,"5,266,000",1
20/05/2010,SANTANDER,SABANA DE TORRES,Jueves,19:00,VRDA  VERACRUZ,RURAL,FINCAS Y SIMILARES,ARMA DE FUEGO,CONDUCTOR MOTOCICLETA,VEHICULO,47,MASCULINO,UNION LIBRE,GANADERO,NO REPORTADA,SECUNDARIA,COLOMBIA,"85,001,000",1
22/05/2010,SANTANDER,SURATÁ,Sábado,19:00,VRDA  PANTANITOS,RURAL,FINCAS Y SIMILARES,ARMA DE FUEGO,A PIE,A PIE,20,MASCULINO,SOLTERO,AGRICULTOR,NO REPORTADA,SECUNDARIA,COLOMBIA,"54,810,000",1
23/05/2010,CAQUETÁ,SOLANO,Domingo,10:20,-,URBANA,VIAS PUBLICAS,ARMA DE FUEGO,A PIE,A PIE,23,MASCULINO,NO REPORTA,NO REPORTA,NO REPORTADA,NO REPORTADO,COLOMBIA,"54,810,000",1
25/05/2010,VALLE,ROLDANILLO,Martes,20:30,-,URBANA,PARQUES,ARMA DE FUEGO,A PIE,VEHICULO,4,MASCULINO,SOLTERO,NO REPORTA,NO REPORTADA,NO REPORTADO,NO REPORTADA,"5,088,000",1
28/05/2010,VALLE,CALI (CT),Viernes,21:30,-,URBANA,VIAS PUBLICAS,NO REPORTADA,CONDUCTOR TAXI,CONDUCTOR MOTOCICLETA,33,MASCULINO,UNION LIBRE,NO REPORTA,NO REPORTADA,SECUNDARIA,NO REPORTADA,"44,001,000",1
31/05/2010,HUILA,ISNOS,Lunes,18:00,VEREDA PALOQUEMAO,URBANA,FINCAS Y SIMILARES,ARMA DE FUEGO,A PIE,A PIE,44,MASCULINO,SEPARADO,EMPLEADO PARTICULAR,NO REPORTADA,SUPERIOR,COLOMBIA,"27,001,000",1
02/06/2010 12:00:00 AM,ARAUCA,SARAVENA,Miércoles,13:00,-,URBANA,VIAS PUBLICAS,ARMA DE FUEGO,A PIE,VEHICULO,47,FEMENINO,CASADO,COMERCIANTE,NO REPORTADA,SECUNDARIA,COLOMBIA,"85,001,000",1
02/06/2010 12:00:00 AM,CUNDINAMARCA,BOGOTÁ D.C. (CT),Miércoles,14:00,DANUBIO DEL SUR E-18,URBANA,VIAS PUBLICAS,ARMA DE FUEGO,A PIE,CONDUCTOR MOTOCICLETA,16,MASCULINO,SOLTERO,NO REPORTA,NO REPORTADA,SECUNDARIA,COLOMBIA,"54,250,000",1
03/06/2010 12:00:00 AM,NARIÑO,BARBACOAS,Jueves,11:30,-,URBANA,FINCAS Y SIMILARES,ARMA DE FUEGO,VEHICULO,A PIE,28,FEMENINO,CASADO,NO REPORTA,NO REPORTADA,SUPERIOR,COLOMBIA,"44,001,000",1
07/06/2010 12:00:00 AM,CUNDINAMARCA,BOGOTÁ D.C. (CT),Lunes,21:20,FONTIBON CENTRO E-9,URBANA,VIAS PUBLICAS,ARMA BLANCA / CORTOPUNZANTE,A PIE,A PIE,23,MASCULINO,UNION LIBRE,NO REPORTA,NO REPORTADA,SECUNDARIA,COLOMBIA,"47,001,000",1
08/06/2010 12:00:00 AM,CHOCÓ,TADÓ,Martes,10:30,-,RURAL,VIAS PUBLICAS,ARMA BLANCA / CORTOPUNZANTE,A PIE,A PIE,34,MASCULINO,NO REPORTA,EMPLEADO PARTICULAR,NO REPORTADA,SECUNDARIA,COLOMBIA,"20,001,000",1
08/06/2010 12:00:00 AM,CHOCÓ,TADÓ,Martes,10:30,-,RURAL,VIAS PUBLICAS,ARMA DE FUEGO,A PIE,A PIE,41,MASCULINO,CASADO,EMPLEADO PARTICULAR,INGENIERO CIVIL,SUPERIOR,COLOMBIA,"18,150,000",1
08/06/2010 12:00:00 AM,CHOCÓ,TADÓ,Martes,10:30,-,RURAL,VIAS PUBLICAS,ARMA DE FUEGO,PASAJERO BUS,VEHICULO,35,MASCULINO,CASADO,EMPLEADO PARTICULAR,INGENIERO CIVIL,SUPERIOR,COLOMBIA,"5,001,000",1
10/06/2010 12:00:00 AM,ANTIOQUIA,MEDELLÍN (CT),Jueves,18:00,PRADO C-10,URBANA,CLINICAS Y SIMILARES,ARMA DE FUEGO,A PIE,A PIE,0,MASCULINO,SOLTERO,NO REPORTA,NO REPORTADA,NO REPORTADA,COLOMBIA,"27,205,000",1
12/06/2010 12:00:00 AM,VALLE,CALI (CT),Sábado,11:30,-,URBANA,VIAS PUBLICAS,ARMA DE FUEGO,A PIE,A PIE,33,MASCULINO,CASADO,COMERCIANTE,NO REPORTADA,SUPERIOR,COLOMBIA,"27,205,000",1
15/06/2010,META,VILLAVICENCIO (CT),Martes,17:15,RECREO,URBANA,VIAS PUBLICAS,NO REPORTADA,A PIE,VEHICULO,37,MASCULINO,NO REPORTA,COMERCIANTE,NO REPORTADA,NO REPORTADO,COLOMBIA,"11,001,000",1
16/06/2010,NORTE DE SANTANDER,CÚCUTA (CT),Miércoles,14:00,-,URBANA,VIAS PUBLICAS,ARMA DE FUEGO,A PIE,A PIE,38,FEMENINO,CASADO,AMA DE CASA,NO REPORTADA,SECUNDARIA,COLOMBIA,"54,385,000",1
18/06/2010,CAUCA,TOTORÓ,Viernes,15:15,-,RURAL,FINCAS Y SIMILARES,NO REPORTADA,A PIE,VEHICULO,30,MASCULINO,SOLTERO,EMPLEADO PARTICULAR,NO REPORTADA,SUPERIOR,COLOMBIA,"11,001,000",1
19/06/2010,CALDAS,ANSERMA,Sábado,10:00,-,URBANA,VIAS PUBLICAS,ARMA DE FUEGO,A PIE,VEHICULO,34,MASCULINO,CASADO,COMERCIANTE,NO REPORTADA,PRIMARIA,NO REPORTADA,"44,847,000",1
22/06/2010,ANTIOQUIA,MEDELLÍN (CT),Martes,19:00,-,RURAL,VIAS PUBLICAS,ARMA DE FUEGO,A PIE,A PIE,49,MASCULINO,UNION LIBRE,GANADERO,NO REPORTADA,NO REPORTADO,COLOMBIA,"11,001,000",1
23/06/2010,BOYACÁ,BUENAVISTA,Miércoles,7:00,VDA. LA HONDA,RURAL,FINCAS Y SIMILARES,ARMA DE FUEGO,A PIE,A PIE,70,MASCULINO,CASADO,AGRICULTOR,NO REPORTADA,PRIMARIA,COLOMBIA,"19,110,000",1
23/06/2010,PUTUMAYO,PUERTO GUZMÁN,Miércoles,23:00,-,RURAL,FINCAS Y SIMILARES,ARMA DE FUEGO,A PIE,A PIE,23,MASCULINO,SOLTERO,EMPLEADO PARTICULAR,NO REPORTADA,SECUNDARIA,COLOMBIA,"19,110,000",1
24/06/2010,VALLE,BUENAVENTURA,Jueves,10:15,-,URBANA,HOSPITALES,ARMA DE FUEGO,A PIE,A PIE,NO REPORTADA,FEMENINO,SOLTERO,NO REPORTA,NO REPORTADA,NO REPORTADO,NO REPORTADA,"81,065,000",1
25/06/2010,MAGDALENA,SANTA MARTA (CT),Viernes,10:30,CIUDADELA 29 DE JULIO,URBANA,VIAS PUBLICAS,ARMA DE FUEGO,A PIE,A PIE,20,FEMENINO,SOLTERO,NO REPORTA,NO REPORTADA,SECUNDARIA,COLOMBIA,"95,001,000",1
25/06/2010,VALLE,TULUÁ,Viernes,21:35,Salesiano,URBANA,VIAS PUBLICAS,ARMA DE FUEGO,VEHICULO,VEHICULO,25,MASCULINO,UNION LIBRE,EMPLEADO PARTICULAR,NO REPORTADA,SECUNDARIA,COLOMBIA,"5,631,000",1
26/06/2010,CAUCA,PIENDAMÓ,Sábado,4:00,-,RURAL,FINCAS Y SIMILARES,ARMA DE FUEGO,VEHICULO,VEHICULO,19,MASCULINO,SOLTERO,ESTUDIANTE,NO REPORTADA,SECUNDARIA,COLOMBIA,"76,109,000",1
26/06/2010,CALDAS,MANIZALES (CT),Sábado,10:00,-,URBANA,VIAS PUBLICAS,NO REPORTADA,A PIE,A PIE,16,MASCULINO,SOLTERO,EMPLEADO PARTICULAR,NO REPORTADA,ANALFABETA,COLOMBIA,"50,313,000",1
27/06/2010,CHOCÓ,QUIBDÓ (CT),Domingo,10:20,LA VICTORIA,URBANA,TIPO EXPLOTACIÓN CARBON,ARMA DE FUEGO,A PIE,VEHICULO,29,MASCULINO,SOLTERO,EMPLEADO PARTICULAR,NO REPORTADA,SECUNDARIA,COLOMBIA,"11,001,000",1
28/06/2010,CAUCA,SANTANDER DE QUILICHAO,Lunes,16:00,-,RURAL,FINCAS Y SIMILARES,ARMA DE FUEGO,VEHICULO,CONDUCTOR MOTOCICLETA,60,MASCULINO,UNION LIBRE,COMERCIANTE,NO REPORTADA,PRIMARIA,COLOMBIA,"81,300,000",1
01/07/2010 12:00:00 AM,ANTIOQUIA,MEDELLÍN (CT),Jueves,9:00,-,URBANA,CENTRO COMERCIAL,NO REPORTADA,A PIE,A PIE,39,MASCULINO,CASADO,COMERCIANTE,NO REPORTADA,SUPERIOR,COLOMBIA,"86,568,000",1
05/07/2010 12:00:00 AM,CHOCÓ,BAJO BAUDÓ,Lunes,18:00,-,RURAL,NO DEFINIDO,ARMA DE FUEGO,A PIE,A PIE,67,MASCULINO,CASADO,COMERCIANTE,NO REPORTADA,PRIMARIA,COLOMBIA,"85,001,000",1
06/07/2010 12:00:00 AM,CUNDINAMARCA,MEDINA,Martes,9:15,VER. CHOAPAL,RURAL,FINCAS Y SIMILARES,NO REPORTADA,A PIE,A PIE,51,FEMENINO,UNION LIBRE,AMA DE CASA,NO REPORTADA,NO REPORTADA,COLOMBIA,"41,001,000",1
07/07/2010 12:00:00 AM,NARIÑO,TÚQUERRES,Miércoles,10:20,-,RURAL,FINCAS Y SIMILARES,ARMA DE FUEGO,A PIE,A PIE,18,MASCULINO,SOLTERO,AGRICULTOR,NO REPORTADA,PRIMARIA,COLOMBIA,"5,079,000",1
07/07/2010 12:00:00 AM,NARIÑO,TÚQUERRES,Miércoles,10:20,-,RURAL,FINCAS Y SIMILARES,ARMA DE FUEGO,VEHICULO,CONDUCTOR MOTOCICLETA,17,MASCULINO,SOLTERO,ESTUDIANTE,NO REPORTADA,PRIMARIA,NO REPORTADA,"81,794,000",1
09/07/2010 12:00:00 AM,NORTE DE SANTANDER,TEORAMA,Viernes,20:00,-,URBANA,VIAS PUBLICAS,ARMA DE FUEGO,VEHICULO,A PIE,25,FEMENINO,SOLTERO,EMPLEADO PARTICULAR,PSICOLOGO,SUPERIOR,COLOMBIA,"81,300,000",1
09/07/2010 12:00:00 AM,NORTE DE SANTANDER,TEORAMA,Viernes,20:00,-,URBANA,VIAS PUBLICAS,ARMA DE FUEGO,A PIE,A PIE,44,FEMENINO,UNION LIBRE,EMPLEADO PARTICULAR,PSICOLOGO,SUPERIOR,COLOMBIA,"54,660,000",1
09/07/2010 12:00:00 AM,NORTE DE SANTANDER,TEORAMA,Viernes,20:00,-,URBANA,VIAS PUBLICAS,NO REPORTADA,VEHICULO,A PIE,NO REPORTADA,FEMENINO,UNION LIBRE,EMPLEADO PARTICULAR,PSICOLOGO,SUPERIOR,NO REPORTADA,"27,787,000",1
09/07/2010 12:00:00 AM,NORTE DE SANTANDER,TEORAMA,Viernes,20:00,-,URBANA,VIAS PUBLICAS,ARMA DE FUEGO,A PIE,VEHICULO,NO REPORTADA,FEMENINO,UNION LIBRE,EMPLEADO PARTICULAR,ABOGADO,SUPERIOR,COLOMBIA,"85,010,000",1
10/07/2010 12:00:00 AM,CALDAS,CHINCHINÁ,Sábado,18:15,-,URBANA,CASAS DE HABITACION,ARMA BLANCA / CORTOPUNZANTE,A PIE,A PIE,4,FEMENINO,SOLTERO,ESTUDIANTE,NO REPORTADA,NO REPORTADO,COLOMBIA,"19,001,000",1
14/07/2010,CESAR,AGUACHICA,Miércoles,11:00,-,RURAL,FINCAS Y SIMILARES,ARMA DE FUEGO,VEHICULO,A PIE,62,MASCULINO,UNION LIBRE,AGRICULTOR,NO REPORTADA,ANALFABETA,COLOMBIA,"81,794,000",1
17/07/2010,NORTE DE SANTANDER,CÚCUTA (CT),Sábado,10:20,-,URBANA,VIAS PUBLICAS,ARMA DE FUEGO,VEHICULO,A PIE,NO REPORTADA,MASCULINO,NO REPORTA,COMERCIANTE,NO REPORTADA,NO REPORTADO,COLOMBIA,"81,794,000",1
18/07/2010,VALLE,CALI (CT),Domingo,23:00,VILLACOLOMBIA E8,URBANA,APARTAMENTO,ARMA BLANCA / CORTOPUNZANTE,A PIE,A PIE,3,FEMENINO,SOLTERO,NO REPORTA,NO REPORTADA,ANALFABETA,INGLATERRA,"50,325,000",1
19/07/2010,ARAUCA,TAME,Lunes,6:00,-,RURAL,FINCAS Y SIMILARES,ARMA BLANCA / CORTOPUNZANTE,A PIE,A PIE,21,MASCULINO,SOLTERO,AGRICULTOR,NO REPORTADA,SECUNDARIA,COLOMBIA,"50,325,000",1
22/07/2010,CAUCA,SANTANDER DE QUILICHAO,Jueves,14:00,-,RURAL,FINCAS Y SIMILARES,ARMA BLANCA / CORTOPUNZANTE,A PIE,A PIE,20,MASCULINO,SOLTERO,ESTUDIANTE,NO REPORTADA,SUPERIOR,COLOMBIA,"50,325,000",1
22/07/2010,VALLE,CALI (CT),Jueves,21:00,EL REFUGIO E19,URBANA,APARTAMENTO,ARMA BLANCA / CORTOPUNZANTE,A PIE,A PIE,21,FEMENINO,SOLTERO,ESTUDIANTE,NO REPORTADA,NO REPORTADA,COLOMBIA,"50,325,000",1
23/07/2010,ANTIOQUIA,APARTADÓ,Viernes,10:30,-,RURAL,FINCAS Y SIMILARES,ARMA BLANCA / CORTOPUNZANTE,A PIE,A PIE,26,MASCULINO,SOLTERO,EMPLEADO PARTICULAR,NO REPORTADA,SECUNDARIA,COLOMBIA,"50,325,000",1
23/07/2010,ANTIOQUIA,BELLO,Viernes,22:40,CIUDAD NIQUIA,URBANA,VEHICULO,ARMA DE FUEGO,A PIE,CONDUCTOR MOTOCICLETA,46,MASCULINO,CASADO,COMERCIANTE,NO REPORTADA,SECUNDARIA,COLOMBIA,"19,548,000",1
24/07/2010,BOYACÁ,CERINZA,Sábado,10:00,VDA. SAN VICTORINO,RURAL,FINCAS Y SIMILARES,ARMA DE FUEGO,A PIE,VEHICULO,40,MASCULINO,CASADO,COMERCIANTE,NO REPORTADA,SECUNDARIA,COLOMBIA,"81,001,000",1
24/07/2010,HUILA,PITALITO,Sábado,6:30,VEREDA LUCITANIA,RURAL,FINCAS Y SIMILARES,ARMA DE FUEGO,A PIE,A PIE,56,MASCULINO,UNION LIBRE,GANADERO,NO REPORTADA,SECUNDARIA,COLOMBIA,"76,109,000",1
24/07/2010,CASANARE,YOPAL (CT),Sábado,21:30,LA CAMPIÑA,URBANA,VIAS PUBLICAS,ARMA DE FUEGO,A PIE,A PIE,16,FEMENINO,SOLTERO,NO REPORTA,NO REPORTADA,NO REPORTADA,COLOMBIA,"76,109,000",1
24/07/2010,CASANARE,YOPAL (CT),Sábado,21:30,LA CAMPIÑA,URBANA,VIAS PUBLICAS,ARMA DE FUEGO,VEHICULO,VEHICULO,3,FEMENINO,SOLTERO,NO REPORTA,NO REPORTADA,NO REPORTADA,COLOMBIA,"15,001,000",1
31/07/2010,GUAJIRA,MAICAO,Sábado,8:15,-,URBANA,VIAS PUBLICAS,ARMA DE FUEGO,VEHICULO,VEHICULO,45,MASCULINO,CASADO,COMERCIANTE,NO REPORTADA,SECUNDARIA,COLOMBIA,"5,129,000",1
02/08/2010 12:00:00 AM,CAUCA,PIAMONTE,Lunes,1:30,VDA. NAPOLES,RURAL,FINCAS Y SIMILARES,ARMA DE FUEGO,A PIE,VEHICULO,40,MASCULINO,SOLTERO,GANADERO,NO REPORTADA,NO REPORTADA,COLOMBIA,"19,212,000",1
02/08/2010 12:00:00 AM,VALLE,YUMBO,Lunes,9:00,-,URBANA,VIAS PUBLICAS,ARMA DE FUEGO,A PIE,A PIE,26,MASCULINO,CASADO,RELIGIOSO,NO REPORTADA,SUPERIOR,COLOMBIA,"18,256,000",1
02/08/2010 12:00:00 AM,CAUCA,SANTANDER DE QUILICHAO,Lunes,18:45,VDA DOMINGUILLO,RURAL,FINCAS Y SIMILARES,ARMA DE FUEGO,A PIE,A PIE,42,MASCULINO,UNION LIBRE,COMERCIANTE,NO REPORTADA,SECUNDARIA,COLOMBIA,"41,799,000",1
02/08/2010 12:00:00 AM,NARIÑO,IPIALES,Lunes,22:00,LOS CHILCOS,URBANA,FRENTE EMPRESA NO REPORTADA VIA PUBLICA,ARMA BLANCA / CORTOPUNZANTE,A PIE,VEHICULO,38,MASCULINO,UNION LIBRE,EMPLEADO PARTICULAR,NO REPORTADA,SUPERIOR,ECUADOR,"19,001,000",1
03/08/2010 12:00:00 AM,CAQUETÁ,FLORENCIA (CT),Martes,10:20,-,URBANA,VIAS PUBLICAS,NO REPORTADA,A PIE,A PIE,23,MASCULINO,NO REPORTA,NO REPORTA,NO REPORTADA,NO REPORTADO,COLOMBIA,"47,001,000",1
04/08/2010 12:00:00 AM,ARAUCA,TAME,Miércoles,18:00,-,RURAL,FINCAS Y SIMILARES,ARMA DE FUEGO,A PIE,VEHICULO,56,MASCULINO,SOLTERO,EMPLEADO PARTICULAR,NO REPORTADA,SECUNDARIA,COLOMBIA,"73,624,000",1
05/08/2010 12:00:00 AM,CAQUETÁ,CARTAGENA DEL CHAIRÁ,Jueves,11:20,-,RURAL,VIAS PUBLICAS,ARMA DE FUEGO,A PIE,VEHICULO,27,MASCULINO,NO REPORTA,EMPLEADO PARTICULAR,NO REPORTADA,NO REPORTADO,COLOMBIA,"73,624,000",1
05/08/2010 12:00:00 AM,CAQUETÁ,CARTAGENA DEL CHAIRÁ,Jueves,11:20,-,RURAL,VIAS PUBLICAS,ARMA DE FUEGO,NO REPORTADA,NO REPORTADA,29,MASCULINO,NO REPORTA,NO REPORTA,NO REPORTADA,NO REPORTADO,COLOMBIA,"27,025,000",1
07/08/2010 12:00:00 AM,ARAUCA,ARAUCA (CT),Sábado,6:00,-,RURAL,FINCAS Y SIMILARES,NO REPORTADA,A PIE,A PIE,64,MASCULINO,CASADO,GANADERO,NO REPORTADA,PRIMARIA,COLOMBIA,"76,892,000",1
10/08/2010 12:00:00 AM,PUTUMAYO,PUERTO CAICEDO,Martes,16:30,VDA EL COQUETO,RURAL,FINCAS Y SIMILARES,NO REPORTADA,A PIE,A PIE,25,MASCULINO,SOLTERO,EMPLEADO SALUD,MEDICO,SUPERIOR,COLOMBIA,"13,836,000",1
10/08/2010 12:00:00 AM,PUTUMAYO,PUERTO CAICEDO,Martes,16:30,VDA EL COQUETO,RURAL,FINCAS Y SIMILARES,ARMA DE FUEGO,VEHICULO,A PIE,46,MASCULINO,SOLTERO,EMPLEADO PARTICULAR,NO REPORTADA,NO REPORTADA,COLOMBIA,"44,279,000",1
13/08/2010,PUTUMAYO,PUERTO GUZMÁN,Viernes,20:00,VDA. SANTA ROSA,RURAL,FINCAS Y SIMILARES,ARMA DE FUEGO,VEHICULO,A PIE,17,MASCULINO,SOLTERO,ESTUDIANTE,NO REPORTADA,SECUNDARIA,COLOMBIA,"44,279,000",1
16/08/2010,ARAUCA,ARAUCA (CT),Lunes,9:30,VEREDA EL ROSARIO,RURAL,FINCAS Y SIMILARES,ARMA DE FUEGO,VEHICULO,A PIE,65,FEMENINO,CASADO,GANADERO,NO REPORTADA,PRIMARIA,COLOMBIA,"44,279,000",1
18/08/2010,TOLIMA,IBAGUÉ (CT),Miércoles,0:00,PIEDRA PINTADA PARTE ALTA,URBANA,VIAS PUBLICAS,ARMA DE FUEGO,VEHICULO,A PIE,27,MASCULINO,SOLTERO,EMPLEADO PARTICULAR,NO REPORTADA,PRIMARIA,COLOMBIA,"44,279,000",1
18/08/2010,NARIÑO,FRANCISCO PIZARRO,Miércoles,10:00,-,URBANA,VIAS PUBLICAS,ARMA DE FUEGO,VEHICULO,A PIE,30,MASCULINO,CASADO,EMPLEADO PARTICULAR,CONTADOR PUBLICO,SUPERIOR,COLOMBIA,"44,279,000",1
18/08/2010,NARIÑO,FRANCISCO PIZARRO,Miércoles,10:30,-,RURAL,VIAS PUBLICAS,NO REPORTADA,A PIE,A PIE,26,MASCULINO,UNION LIBRE,COMERCIANTE,NO REPORTADA,NO REPORTADA,COLOMBIA,"76,001,000",1
21/08/2010,ANTIOQUIA,MEDELLÍN (CT),Sábado,16:00,SANTA CRUZ  C-2,URBANA,CASAS DE HABITACION,NO REPORTADA,A PIE,A PIE,1,MASCULINO,SOLTERO,NO REPORTA,NO REPORTADA,ANALFABETA,COLOMBIA,"50,450,000",1
21/08/2010,ANTIOQUIA,CAREPA,Sábado,14:00,LA CRISTALINA,RURAL,FINCAS Y SIMILARES,NO REPORTADA,PASAJERO BUS,A PIE,34,MASCULINO,UNION LIBRE,EMPLEADO PARTICULAR,INGENIERO,SUPERIOR,COLOMBIA,"76,306,000",1
21/08/2010,ANTIOQUIA,CAREPA,Sábado,14:00,LA CRISTALINA,RURAL,FINCAS Y SIMILARES,NO REPORTADA,A PIE,A PIE,25,MASCULINO,SOLTERO,EMPLEADO PARTICULAR,INGENIERO,SUPERIOR,COLOMBIA,"11,001,000",1
21/08/2010,CHOCÓ,QUIBDÓ (CT),Sábado,19:30,-,RURAL,FINCAS Y SIMILARES,ARMA DE FUEGO,VEHICULO,CONDUCTOR MOTOCICLETA,19,FEMENINO,SOLTERO,ESTUDIANTE,NO REPORTADA,NO REPORTADA,COLOMBIA,"54,398,000",1
22/08/2010,ARAUCA,TAME,Domingo,14:00,VEREDA LA HOLANDA,RURAL,FINCAS Y SIMILARES,ARMA DE FUEGO,A PIE,A PIE,56,MASCULINO,UNION LIBRE,AGRICULTOR,NO REPORTADA,PRIMARIA,COLOMBIA,"54,498,000",1
23/08/2010,ANTIOQUIA,CÁCERES,Lunes,11:50,-,URBANA,VIAS PUBLICAS,ARMA BLANCA / CORTOPUNZANTE,A PIE,A PIE,33,MASCULINO,NO REPORTA,AGRICULTOR,NO REPORTADA,NO REPORTADO,COLOMBIA,"86,001,000",1
24/08/2010,HUILA,SAN AGUSTÍN,Martes,10:00,VEREDA LA CANDELA,RURAL,FINCAS Y SIMILARES,ARMA BLANCA / CORTOPUNZANTE,VEHICULO,A PIE,47,MASCULINO,CASADO,EMPLEADO PARTICULAR,NO REPORTADA,SECUNDARIA,COLOMBIA,"44,001,000",1
24/08/2010,CASANARE,PAZ DE ARIPORO,Martes,8:00,LA MOTUS,RURAL,FINCAS Y SIMILARES,NO REPORTADA,NO REPORTADA,A PIE,56,MASCULINO,UNION LIBRE,AGRICULTOR,NO REPORTADA,PRIMARIA,COLOMBIA,"44,001,000",1
24/08/2010,HUILA,SAN AGUSTÍN,Martes,10:00,VEREDA LA CANDELA,RURAL,FINCAS Y SIMILARES,ARMA BLANCA / CORTOPUNZANTE,A PIE,A PIE,61,MASCULINO,DIVORCIADO,GANADERO,NO REPORTADA,PRIMARIA,COLOMBIA,"76,001,000",1
25/08/2010,CUNDINAMARCA,BOGOTÁ D.C. (CT),Miércoles,8:00,-,URBANA,VIAS PUBLICAS,NO REPORTADA,A PIE,A PIE,30,MASCULINO,UNION LIBRE,COMERCIANTE,NO REPORTADA,SUPERIOR,COLOMBIA,"11,001,000",1
26/08/2010,VALLE,CALI (CT),Jueves,13:00,PRIMITIVO CRESPO E8,URBANA,VEHICULO,NO REPORTADA,A PIE,A PIE,27,MASCULINO,UNION LIBRE,COMERCIANTE,NO REPORTADA,SECUNDARIA,COLOMBIA,"76,001,000",1
26/08/2010,VALLE,CALI (CT),Jueves,13:00,PRIMITIVO CRESPO E8,URBANA,VEHICULO,ARMA BLANCA / CORTOPUNZANTE,VEHICULO,VEHICULO,32,MASCULINO,CASADO,COMERCIANTE,NO REPORTADA,SECUNDARIA,COLOMBIA,"15,238,000",1
28/08/2010,CAUCA,SANTANDER DE QUILICHAO,Sábado,20:30,-,RURAL,FINCAS Y SIMILARES,NO REPORTADA,PASAJERO TAXI,CONDUCTOR TAXI,16,MASCULINO,SOLTERO,ESTUDIANTE,NO REPORTADA,NO REPORTADO,NO REPORTADA,"15,759,000",1
28/08/2010,CAUCA,SANTANDER DE QUILICHAO,Sábado,20:30,-,RURAL,FINCAS Y SIMILARES,ARMA BLANCA / CORTOPUNZANTE,A PIE,VEHICULO,33,MASCULINO,CASADO,COMERCIANTE,NO REPORTADA,NO REPORTADO,COLOMBIA,"44,847,000",1
28/08/2010,CAUCA,SANTANDER DE QUILICHAO,Sábado,20:30,-,RURAL,FINCAS Y SIMILARES,NO REPORTADA,A PIE,A PIE,31,MASCULINO,SOLTERO,EMPLEADO PARTICULAR,NO REPORTADA,NO REPORTADA,COLOMBIA,"5,042,000",1
28/08/2010,CAUCA,SANTANDER DE QUILICHAO,Sábado,20:30,-,RURAL,FINCAS Y SIMILARES,NO REPORTADA,A PIE,VEHICULO,34,MASCULINO,UNION LIBRE,EMPLEADO PARTICULAR,NO REPORTADA,NO REPORTADO,COLOMBIA,"5,001,000",1
31/08/2010,CAQUETÁ,SAN JOSÉ DEL FRAGUA,Martes,15:00,-,RURAL,FINCAS Y SIMILARES,NO REPORTADA,A PIE,A PIE,18,MASCULINO,SOLTERO,ESTUDIANTE,NO REPORTADA,SECUNDARIA,COLOMBIA,"27,361,000",1
02/09/2010 12:00:00 AM,SANTANDER,CIMITARRA,Jueves,6:00,-,RURAL,FINCAS Y SIMILARES,NO REPORTADA,VEHICULO,VEHICULO,46,MASCULINO,UNION LIBRE,AGRICULTOR,NO REPORTADA,SECUNDARIA,COLOMBIA,"11,001,000",1
06/09/2010 12:00:00 AM,VALLE,CALI (CT),Lunes,12:30,-,URBANA,VIAS PUBLICAS,ARMA BLANCA / CORTOPUNZANTE,A PIE,VEHICULO,44,MASCULINO,SEPARADO,COMERCIANTE,NO REPORTADA,PRIMARIA,COLOMBIA,"81,736,000",1
08/09/2010 12:00:00 AM,TOLIMA,ANZOÁTEGUI,Miércoles,7:15,-,RURAL,FINCAS Y SIMILARES,NO REPORTADA,A PIE,A PIE,13,MASCULINO,SOLTERO,ESTUDIANTE,NO REPORTADA,NO REPORTADA,COLOMBIA,"70,001,000",1
09/09/2010 12:00:00 AM,ARAUCA,ARAUCA (CT),Jueves,7:00,SANTA TERESITA,RURAL,VIAS PUBLICAS,NO REPORTADA,A PIE,A PIE,21,MASCULINO,SOLTERO,ESTUDIANTE,NO REPORTADA,NO REPORTADA,VENEZUELA,"11,001,000",1
10/09/2010 12:00:00 AM,RISARALDA,PEREIRA (CT),Viernes,22:30,SANTA HELENA,RURAL,FINCAS Y SIMILARES,ARMA BLANCA / CORTOPUNZANTE,VEHICULO,CONDUCTOR MOTOCICLETA,51,MASCULINO,UNION LIBRE,COMERCIANTE,NO REPORTADA,PRIMARIA,COLOMBIA,"81,300,000",1
14/09/2010,NORTE DE SANTANDER,CÚCUTA (CT),Martes,10:20,-,URBANA,TERMINAL DE TRANSPORTES,NO REPORTADA,A PIE,A PIE,24,MASCULINO,SOLTERO,NO REPORTA,NO REPORTADA,SECUNDARIA,COLOMBIA,"19,698,000",1
14/09/2010,META,FUENTE DE ORO,Martes,12:00,-,RURAL,FINCAS Y SIMILARES,NO REPORTADA,A PIE,A PIE,74,MASCULINO,SOLTERO,AGRICULTOR,NO REPORTADA,NO REPORTADO,COLOMBIA,"5,001,000",1
14/09/2010,ARAUCA,ARAUCA (CT),Martes,6:25,MERIDIANO 70,URBANA,VIAS PUBLICAS,ARMA BLANCA / CORTOPUNZANTE,A PIE,A PIE,55,MASCULINO,CASADO,COMERCIANTE,NO REPORTADA,NO REPORTADA,COLOMBIA,"11,001,000",1
15/09/2010,VALLE,CALI (CT),Miércoles,6:30,-,URBANA,NO DEFINIDO,ARMA BLANCA / CORTOPUNZANTE,A PIE,A PIE,48,MASCULINO,UNION LIBRE,EMPLEADO PARTICULAR,NO REPORTADA,PRIMARIA,COLOMBIA,"11,001,000",1
15/09/2010,CAUCA,PIAMONTE,Miércoles,13:00,-,RURAL,FINCAS Y SIMILARES,NO REPORTADA,VEHICULO,A PIE,40,FEMENINO,CASADO,EDUCADOR,NO REPORTADA,TECNICO,COLOMBIA,"63,272,000",1
16/09/2010,CAUCA,PATÍA,Jueves,15:00,VEREDA PALO MOCHO,RURAL,FINCAS Y SIMILARES,NO REPORTADA,NO REPORTADA,NO REPORTADA,57,MASCULINO,CASADO,GANADERO,NO REPORTADA,SECUNDARIA,COLOMBIA,"73,001,000",1
17/09/2010,ARAUCA,SARAVENA,Viernes,19:40,-,URBANA,VIAS PUBLICAS,ARMA BLANCA / CORTOPUNZANTE,A PIE,A PIE,26,MASCULINO,SOLTERO,EMPLEADO PARTICULAR,INGENIERO,SUPERIOR,COLOMBIA,"15,646,000",1
17/09/2010,CUNDINAMARCA,BOGOTÁ D.C. (CT),Viernes,18:00,OCHO DE DICIEMBRE E-19,URBANA,CASAS DE HABITACION,NO REPORTADA,A PIE,A PIE,52,MASCULINO,UNION LIBRE,COMERCIANTE,NO REPORTADA,SECUNDARIA,COLOMBIA,"44,430,000",1
19/09/2010,CAUCA,TIMBÍO,Domingo,12:15,VDA LA CABAÑA,RURAL,FINCAS Y SIMILARES,ARMA BLANCA / CORTOPUNZANTE,VEHICULO,VEHICULO,42,MASCULINO,CASADO,EMPLEADO PARTICULAR,NO REPORTADA,SECUNDARIA,COLOMBIA,"44,430,000",1
20/09/2010,HUILA,NEIVA (CT),Lunes,9:00,EL TRIUNFO,URBANA,CASAS DE HABITACION,NO REPORTADA,VEHICULO,VEHICULO,12,FEMENINO,SOLTERO,ESTUDIANTE,NO REPORTADA,SECUNDARIA,COLOMBIA,"73,026,000",1
20/09/2010,CESAR,AGUACHICA,Lunes,15:00,-,RURAL,FINCAS Y SIMILARES,ARMA BLANCA / CORTOPUNZANTE,VEHICULO,PASAJERO MOTOCICLETA,68,MASCULINO,UNION LIBRE,GANADERO,NO REPORTADA,PRIMARIA,COLOMBIA,"81,001,000",1
21/09/2010,CUNDINAMARCA,BOGOTÁ D.C. (CT),Martes,9:30,SANTA ISABEL E-14,URBANA,CASINOS,ARMA BLANCA / CORTOPUNZANTE,A PIE,A PIE,31,FEMENINO,SOLTERO,EMPLEADO PARTICULAR,NO REPORTADA,SECUNDARIA,COLOMBIA,"20,228,000",1
21/09/2010,CUNDINAMARCA,BOGOTÁ D.C. (CT),Martes,9:30,SANTA ISABEL E-14,URBANA,CASINOS,ARMA BLANCA / CORTOPUNZANTE,A PIE,VEHICULO,23,MASCULINO,SOLTERO,EMPLEADO PARTICULAR,NO REPORTADA,SECUNDARIA,COLOMBIA,"73,030,000",1
22/09/2010,ARAUCA,ARAUQUITA,Miércoles,14:30,VEREDA LA ESMERALDA,RURAL,FINCAS Y SIMILARES,ARMA BLANCA / CORTOPUNZANTE,A PIE,VEHICULO,33,MASCULINO,CASADO,EMPLEADO PARTICULAR,INGENIERO ELECTRICO,SUPERIOR,COLOMBIA,"73,030,000",1
22/09/2010,ARAUCA,ARAUQUITA,Miércoles,14:30,VEREDA LA ESMERALDA,RURAL,FINCAS Y SIMILARES,NO REPORTADA,A PIE,A PIE,35,MASCULINO,CASADO,EMPLEADO PARTICULAR,NO REPORTADA,TECNICO,COLOMBIA,"15,189,000",1
22/09/2010,ARAUCA,ARAUQUITA,Miércoles,14:30,VEREDA LA ESMERALDA,RURAL,FINCAS Y SIMILARES,NO REPORTADA,A PIE,A PIE,45,MASCULINO,SOLTERO,EMPLEADO PARTICULAR,NO REPORTADA,TECNOLOGO,COLOMBIA,"15,189,000",1
25/09/2010,CUNDINAMARCA,BOGOTÁ D.C. (CT),Sábado,10:30,PRIMERO DE MAYO E-4,URBANA,VIAS PUBLICAS,NO REPORTADA,VEHICULO,A PIE,NO REPORTADA,MASCULINO,CASADO,COMERCIANTE,NO REPORTADA,NO REPORTADA,COLOMBIA,"54,001,000",1
29/09/2010,MAGDALENA,SANTA MARTA (CT),Miércoles,8:50,ALCAZARES,URBANA,HOSPITALES,ARMA BLANCA / CORTOPUNZANTE,VEHICULO,VEHICULO,0,FEMENINO,SOLTERO,NO REPORTA,NO REPORTADA,NO REPORTADA,COLOMBIA,"11,001,000",1
30/09/2010,NORTE DE SANTANDER,PUERTO SANTANDER,Jueves,1:00,AGUA CLARA,RURAL,FINCAS Y SIMILARES,ARMA BLANCA / CORTOPUNZANTE,VEHICULO,VEHICULO,35,MASCULINO,CASADO,COMERCIANTE,NO REPORTADA,SECUNDARIA,COLOMBIA,"11,001,000",1
01/10/2010 12:00:00 AM,META,PUERTO LLERAS,Viernes,19:00,VEREDA PUERTO PRINCIPE,RURAL,FINCAS Y SIMILARES,ARMA BLANCA / CORTOPUNZANTE,A PIE,VEHICULO,21,MASCULINO,SOLTERO,AGRICULTOR,NO REPORTADA,SECUNDARIA,COLOMBIA,"11,001,000",1
03/10/2010 12:00:00 AM,CESAR,RÍO DE ORO,Domingo,18:00,PARQUE CENTRAL,URBANA,PARQUES,NO REPORTADA,A PIE,VEHICULO,70,MASCULINO,CASADO,GANADERO,NO REPORTADA,PRIMARIA,COLOMBIA,"11,001,000",1
05/10/2010 12:00:00 AM,CAQUETÁ,MORELIA,Martes,13:30,-,URBANA,FRENTE A COLEGIO NO REPORTADA VIA PUBLICA,NO REPORTADA,A PIE,A PIE,15,MASCULINO,SOLTERO,ESTUDIANTE,NO REPORTADA,SECUNDARIA,COLOMBIA,"11,001,000",1
06/10/2010 12:00:00 AM,NARIÑO,SAN ANDRES DE TUMACO,Miércoles,20:40,AVENIDA FERREA,URBANA,VIAS PUBLICAS,ARMA BLANCA / CORTOPUNZANTE,VEHICULO,VEHICULO,34,MASCULINO,UNION LIBRE,COMERCIANTE,NO REPORTADA,NO REPORTADA,COLOMBIA,"50,006,000",1
07/10/2010 12:00:00 AM,GUAVIARE,SAN JOSÉ DEL GUAVIARE (CT),Jueves,20:30,VEREDA MORRO PELADO,RURAL,FINCAS Y SIMILARES,NO REPORTADA,A PIE,VEHICULO,44,MASCULINO,UNION LIBRE,GANADERO,NO REPORTADA,SECUNDARIA,COLOMBIA,"73,268,000",1
09/10/2010 12:00:00 AM,CAUCA,BALBOA,Sábado,16:00,-,RURAL,FINCAS Y SIMILARES,ARMA BLANCA / CORTOPUNZANTE,CONDUCTOR MOTOCICLETA,A PIE,22,MASCULINO,SOLTERO,AGRICULTOR,NO REPORTADA,PRIMARIA,COLOMBIA,"76,109,000",1
09/10/2010 12:00:00 AM,SANTANDER,PIEDECUESTA,Sábado,22:30,VDA. MIRAFLORES,RURAL,CARRETERA,ARMA BLANCA / CORTOPUNZANTE,CONDUCTOR MOTOCICLETA,A PIE,22,MASCULINO,UNION LIBRE,AGRICULTOR,NO REPORTADA,PRIMARIA,COLOMBIA,"76,109,000",1
13/10/2010,CÓRDOBA,TIERRALTA,Miércoles,19:30,-,RURAL,FINCAS Y SIMILARES,NO REPORTADA,VEHICULO,A PIE,23,MASCULINO,UNION LIBRE,AGRICULTOR,NO REPORTADA,SECUNDARIA,COLOMBIA,"54,398,000",1
14/10/2010,VALLE,BUENAVENTURA,Jueves,6:20,-,URBANA,VIAS PUBLICAS,NO REPORTADA,VEHICULO,A PIE,6,MASCULINO,SOLTERO,ESTUDIANTE,NO REPORTADA,NO REPORTADA,COLOMBIA,"81,300,000",1
15/10/2010,ARAUCA,SARAVENA,Viernes,19:00,-,URBANA,VIAS PUBLICAS,NO REPORTADA,NO REPORTADA,VEHICULO,29,MASCULINO,SOLTERO,EMPLEADO PARTICULAR,NO REPORTADA,SECUNDARIA,COLOMBIA,"68,679,000",1
17/10/2010,META,PUERTO CONCORDIA,Domingo,17:30,-,RURAL,FINCAS Y SIMILARES,NO REPORTADA,A PIE,A PIE,40,MASCULINO,CASADO,EMPLEADO PUBLICO,NO REPORTADA,SUPERIOR,COLOMBIA,"73,449,000",1
18/10/2010,NARIÑO,MALLAMA,Lunes,13:00,-,URBANA,FINCAS Y SIMILARES,ARMA BLANCA / CORTOPUNZANTE,A PIE,VEHICULO,34,FEMENINO,UNION LIBRE,EMPLEADO PARTICULAR,NO REPORTADA,TECNOLOGO,COLOMBIA,"81,736,000",1
19/10/2010,SANTANDER,SABANA DE TORRES,Martes,18:30,-,RURAL,FINCAS Y SIMILARES,ARMA BLANCA / CORTOPUNZANTE,A PIE,VEHICULO,54,MASCULINO,CASADO,GANADERO,INGENIERO ELECTRICO,SUPERIOR,COLOMBIA,"81,736,000",1
19/10/2010,CAUCA,POPAYÁN (CT),Martes,22:00,VDA CALIBIO,RURAL,FINCAS Y SIMILARES,ARMA BLANCA / CORTOPUNZANTE,A PIE,VEHICULO,44,MASCULINO,UNION LIBRE,EMPLEADO PARTICULAR,INGENIERO CIVIL,SUPERIOR,COLOMBIA,"81,736,000",1
20/10/2010,CAQUETÁ,FLORENCIA (CT),Miércoles,12:20,SIETE DE AGOSTO,URBANA,"COLEGIOS, ESCUELAS",NO REPORTADA,A PIE,A PIE,13,FEMENINO,SOLTERO,ESTUDIANTE,NO REPORTADA,PRIMARIA,COLOMBIA,"73,001,000",1
21/10/2010,GUAJIRA,ALBANIA,Jueves,17:47,-,RURAL,FINCAS Y SIMILARES,ARMA BLANCA / CORTOPUNZANTE,NO REPORTADA,A PIE,56,MASCULINO,CASADO,GANADERO,NO REPORTADA,SECUNDARIA,COLOMBIA,"73,168,000",1
22/10/2010,CALDAS,CHINCHINÁ,Viernes,14:00,-,RURAL,FINCAS Y SIMILARES,ARMA BLANCA / CORTOPUNZANTE,NO REPORTADA,A PIE,10,MASCULINO,SOLTERO,ESTUDIANTE,NO REPORTADA,PRIMARIA,COLOMBIA,"73,168,000",1
23/10/2010,CASANARE,AGUAZUL,Sábado,14:00,EL RETIRO,RURAL,FINCAS Y SIMILARES,ARMA BLANCA / CORTOPUNZANTE,VEHICULO,A PIE,35,MASCULINO,UNION LIBRE,GANADERO,NO REPORTADA,NO REPORTADA,COLOMBIA,"52,079,000",1
27/10/2010,PUTUMAYO,VILLAGARZÓN,Miércoles,16:00,-,URBANA,CASAS DE HABITACION,ARMA BLANCA / CORTOPUNZANTE,A PIE,A PIE,57,MASCULINO,CASADO,EMPLEADO PARTICULAR,NO REPORTADA,SUPERIOR,COLOMBIA,"81,001,000",1
02/11/2010 12:00:00 AM,NORTE DE SANTANDER,ABREGO,Martes,6:50,BARRIO SAN ANTONIO,URBANA,VIAS PUBLICAS,ARMA BLANCA / CORTOPUNZANTE,A PIE,A PIE,10,MASCULINO,SOLTERO,ESTUDIANTE,NO REPORTADA,PRIMARIA,COLOMBIA,"81,001,000",1
02/11/2010 12:00:00 AM,VALLE,CALI (CT),Martes,15:30,VIA LA BUITRERA E18,URBANA,CASAS DE HABITACION,ARMA BLANCA / CORTOPUNZANTE,A PIE,A PIE,61,MASCULINO,CASADO,COMERCIANTE,NO REPORTADA,NO REPORTADA,COLOMBIA,"81,001,000",1
03/11/2010 12:00:00 AM,VALLE,TULUÁ,Miércoles,6:30,Cgto Puerto Frazadas,RURAL,FINCAS Y SIMILARES,ARMA BLANCA / CORTOPUNZANTE,A PIE,VEHICULO,27,MASCULINO,UNION LIBRE,EMPLEADO POLICIAL,POLICIA,SECUNDARIA,COLOMBIA,"54,498,000",1
03/11/2010 12:00:00 AM,MAGDALENA,PLATO,Miércoles,15:00,-,RURAL,FINCAS Y SIMILARES,ARMA DE FUEGO,A PIE,A PIE,49,MASCULINO,CASADO,EMPLEADO PARTICULAR,MEDICO,SUPERIOR,COLOMBIA,"73,616,000",1
03/11/2010 12:00:00 AM,PUTUMAYO,PUERTO ASÍS,Miércoles,17:30,-,RURAL,FINCAS Y SIMILARES,NO REPORTADA,A PIE,A PIE,62,MASCULINO,CASADO,GANADERO,NO REPORTADA,PRIMARIA,COLOMBIA,"5,736,000",1
04/11/2010 12:00:00 AM,GUAVIARE,SAN JOSÉ DEL GUAVIARE (CT),Jueves,5:30,VEREDA BUENOS AIRES,RURAL,FINCAS Y SIMILARES,NO REPORTADA,A PIE,A PIE,43,MASCULINO,UNION LIBRE,COMERCIANTE,NO REPORTADA,SECUNDARIA,COLOMBIA,"5,736,000",1
04/11/2010 12:00:00 AM,ARAUCA,ARAUCA (CT),Jueves,8:00,VEREDA MONSERRATE,RURAL,FINCAS Y SIMILARES,NO REPORTADA,A PIE,A PIE,55,FEMENINO,SEPARADO,EDUCADOR,NO REPORTADA,SUPERIOR,COLOMBIA,"5,736,000",1
05/11/2010 12:00:00 AM,ARAUCA,SARAVENA,Viernes,7:00,JOSE VICENTE,URBANA,VIAS PUBLICAS,NO REPORTADA,A PIE,A PIE,39,MASCULINO,UNION LIBRE,EDUCADOR,NO REPORTADA,SUPERIOR,COLOMBIA,"5,736,000",1
05/11/2010 12:00:00 AM,SANTANDER,BUCARAMANGA (CT),Viernes,13:30,CENTRO,URBANA,FRENTE A RESIDENCIAS NO REPORTADA VIA PUBLICA,NO REPORTADA,VEHICULO,A PIE,5,FEMENINO,SOLTERO,ESTUDIANTE,NO REPORTADA,NO REPORTADA,COLOMBIA,"86,885,000",1
06/11/2010 12:00:00 AM,NARIÑO,SAN ANDRES DE TUMACO,Sábado,15:40,-,RURAL,FINCAS Y SIMILARES,NO REPORTADA,A PIE,A PIE,67,MASCULINO,CASADO,EMPLEADO PARTICULAR,CONTADOR PUBLICO,SUPERIOR,COLOMBIA,"73,001,000",1
06/11/2010 12:00:00 AM,NARIÑO,SAN ANDRES DE TUMACO,Sábado,15:40,-,RURAL,FINCAS Y SIMILARES,NO REPORTADA,A PIE,A PIE,51,FEMENINO,CASADO,AMA DE CASA,NO REPORTADA,TECNOLOGO,COLOMBIA,"73,319,000",1
07/11/2010 12:00:00 AM,HUILA,ISNOS,Domingo,6:30,-,URBANA,VIAS PUBLICAS,ARMA DE FUEGO,VEHICULO,VEHICULO,25,MASCULINO,UNION LIBRE,COMERCIANTE,NO REPORTADA,SECUNDARIA,COLOMBIA,"11,001,000",1
07/11/2010 12:00:00 AM,CUNDINAMARCA,BOGOTÁ D.C. (CT),Domingo,8:00,SAN BLAS E-4,URBANA,CASAS DE HABITACION,ARMA BLANCA / CORTOPUNZANTE,VEHICULO,CONDUCTOR MOTOCICLETA,53,FEMENINO,CASADO,AMA DE CASA,NO REPORTADA,SECUNDARIA,COLOMBIA,"81,736,000",1
08/11/2010 12:00:00 AM,ANTIOQUIA,RIONEGRO,Lunes,19:20,LAS PLAYAS,RURAL,FINCAS Y SIMILARES,NO REPORTADA,VEHICULO,A PIE,13,FEMENINO,SOLTERO,ESTUDIANTE,NO REPORTADA,NO REPORTADA,COLOMBIA,"73,352,000",1
11/11/2010 12:00:00 AM,ARAUCA,ARAUCA (CT),Jueves,8:35,VEREDA MATEGALLINA,RURAL,BANCOS,NO REPORTADA,VEHICULO,A PIE,25,MASCULINO,CASADO,GANADERO,NO REPORTADA,SECUNDARIA,COLOMBIA,"73,352,000",1
11/11/2010 12:00:00 AM,VALLE,CALI (CT),Jueves,21:30,-,URBANA,CASAS DE HABITACION,ARMA DE FUEGO,VEHICULO,A PIE,42,FEMENINO,CASADO,EMPLEADO PARTICULAR,INGENIERO INDUSTRIAL,SUPERIOR,COLOMBIA,"76,001,000",1
12/11/2010 12:00:00 AM,NARIÑO,LA UNIÓN,Viernes,7:00,VDA BETULIA,RURAL,FINCAS Y SIMILARES,NO REPORTADA,PASAJERO BUS,VEHICULO,54,MASCULINO,CASADO,EMPLEADO SALUD,NO REPORTADA,SUPERIOR,COLOMBIA,"15,001,000",1
17/11/2010,CAUCA,PIENDAMÓ,Miércoles,12:15,VDA TUNIA,RURAL,FINCAS Y SIMILARES,ARMA BLANCA / CORTOPUNZANTE,A PIE,VEHICULO,48,MASCULINO,CASADO,EMPLEADO PARTICULAR,NO REPORTADA,TECNICO,COLOMBIA,"85,325,000",1
19/11/2010,NARIÑO,MALLAMA,Viernes,18:00,-,URBANA,VIAS PUBLICAS,ARMA BLANCA / CORTOPUNZANTE,VEHICULO,A PIE,43,MASCULINO,SOLTERO,AGRICULTOR,NO REPORTADA,NO REPORTADA,COLOMBIA,"81,300,000",1
22/11/2010,CAUCA,CAJIBÍO,Lunes,17:15,VDA LA PALMA,RURAL,FINCAS Y SIMILARES,ARMA BLANCA / CORTOPUNZANTE,VEHICULO,A PIE,60,MASCULINO,CASADO,COMERCIANTE,NO REPORTADA,NO REPORTADA,COLOMBIA,"81,736,000",1
22/11/2010,ANTIOQUIA,MEDELLÍN (CT),Lunes,10:00,HECTOR ABAD GOMEZ C-5,URBANA,FERIA GANADO,SIN EMPLEO DE ARMAS,VEHICULO,VEHICULO,50,MASCULINO,UNION LIBRE,COMERCIANTE,NO REPORTADA,NO REPORTADA,COLOMBIA,"18,001,000",1
24/11/2010,VALLE,LA CUMBRE,Miércoles,10:00,VEREDA EL TIMBIO (27-2),RURAL,CASAS DE HABITACION,ARMA BLANCA / CORTOPUNZANTE,VEHICULO,A PIE,40,FEMENINO,UNION LIBRE,AMA DE CASA,NO REPORTADA,PRIMARIA,COLOMBIA,"81,794,000",1
24/11/2010,VALLE,LA CUMBRE,Miércoles,10:00,VEREDA EL TIMBIO (27-2),RURAL,CASAS DE HABITACION,ARMA BLANCA / CORTOPUNZANTE,VEHICULO,A PIE,48,MASCULINO,UNION LIBRE,EMPLEADO PARTICULAR,NO REPORTADA,PRIMARIA,COLOMBIA,"81,794,000",1
24/11/2010,VALLE,LA CUMBRE,Miércoles,10:00,VEREDA EL TIMBIO (27-2),RURAL,CASAS DE HABITACION,ARMA BLANCA / CORTOPUNZANTE,VEHICULO,A PIE,18,FEMENINO,SOLTERO,ESTUDIANTE,NO REPORTADA,SECUNDARIA,COLOMBIA,"50,711,000",1
24/11/2010,VALLE,LA CUMBRE,Miércoles,10:00,VEREDA EL TIMBIO (27-2),RURAL,CASAS DE HABITACION,ARMA BLANCA / CORTOPUNZANTE,VEHICULO,A PIE,18,MASCULINO,SOLTERO,ESTUDIANTE,NO REPORTADA,NO REPORTADA,COLOMBIA,"50,711,000",1
24/11/2010,VALLE,LA CUMBRE,Miércoles,10:00,VEREDA EL TIMBIO (27-2),RURAL,CASAS DE HABITACION,ARMA BLANCA / CORTOPUNZANTE,VEHICULO,A PIE,16,MASCULINO,SOLTERO,ESTUDIANTE,NO REPORTADA,SECUNDARIA,COLOMBIA,"50,711,000",1
25/11/2010,ATLÁNTICO,BARANOA,Jueves,13:00,-,RURAL,FINCAS Y SIMILARES,ARMA BLANCA / CORTOPUNZANTE,VEHICULO,A PIE,11,FEMENINO,SOLTERO,ESTUDIANTE,NO REPORTADA,SECUNDARIA,COLOMBIA,"50,711,000",1
27/11/2010,VALLE,CALI (CT),Sábado,6:20,-,URBANA,VIAS PUBLICAS,ARMA BLANCA / CORTOPUNZANTE,VEHICULO,A PIE,55,MASCULINO,DIVORCIADO,INDEPENDIENTE,NO REPORTADA,SUPERIOR,MEXICO,"50,711,000",1
27/11/2010,NARIÑO,EL CHARCO,Sábado,7:20,-,RURAL,TRANSPORTE FLUVIAL,ARMA DE FUEGO,VEHICULO,VEHICULO,25,FEMENINO,SOLTERO,ESTUDIANTE,NO REPORTADA,SUPERIOR,COLOMBIA,"81,794,000",1
28/11/2010,ARAUCA,TAME,Domingo,10:00,VEREDA CARIBABARI,RURAL,FINCAS Y SIMILARES,ARMA BLANCA / CORTOPUNZANTE,A PIE,A PIE,35,MASCULINO,UNION LIBRE,EMPLEADO PARTICULAR,NO REPORTADA,PRIMARIA,COLOMBIA,"76,109,000",1
29/11/2010,HUILA,SAN AGUSTÍN,Lunes,2:00,-,RURAL,FINCAS Y SIMILARES,ARMA BLANCA / CORTOPUNZANTE,A PIE,A PIE,42,MASCULINO,UNION LIBRE,EMPLEADO SALUD,NO REPORTADA,SUPERIOR,COLOMBIA,"15,204,000",1
29/11/2010,NARIÑO,PASTO (CT),Lunes,16:30,VDA SAN FERNANDO LA LAGUNA,RURAL,FINCAS Y SIMILARES,ARMA BLANCA / CORTOPUNZANTE,A PIE,VEHICULO,70,MASCULINO,CASADO,EMPLEADO SALUD,MEDICO,SUPERIOR,COLOMBIA,"11,001,000",1
29/11/2010,VALLE,BUENAVENTURA,Lunes,6:50,-,URBANA,BAHIA,ARMA BLANCA / CORTOPUNZANTE,A PIE,A PIE,65,MASCULINO,CASADO,EMPLEADO PARTICULAR,NO REPORTADA,SECUNDARIA,COLOMBIA,"76,001,000",1
08/12/2010 12:00:00 AM,CAUCA,BALBOA,Miércoles,17:30,-,RURAL,FINCAS Y SIMILARES,NO REPORTADA,CONDUCTOR MOTOCICLETA,A PIE,38,MASCULINO,UNION LIBRE,EMPLEADO PARTICULAR,NO REPORTADA,PRIMARIA,COLOMBIA,"54,553,000",1
08/12/2010 12:00:00 AM,PUTUMAYO,PUERTO ASÍS,Miércoles,19:00,LOS CHIPAROS,URBANA,VIAS PUBLICAS,ARMA BLANCA / CORTOPUNZANTE,A PIE,CONDUCTOR MOTOCICLETA,45,FEMENINO,UNION LIBRE,COMERCIANTE,NO REPORTADA,SECUNDARIA,COLOMBIA,"76,616,000",1
09/12/2010 12:00:00 AM,VALLE,CALI (CT),Jueves,19:33,DIAMANTE E13,URBANA,HOSPITALES,NO REPORTADA,PASAJERO MOTOCICLETA,CONDUCTOR MOTOCICLETA,2,FEMENINO,SOLTERO,NO REPORTA,NO REPORTADA,NO REPORTADA,COLOMBIA,"70,001,000",1
12/12/2010 12:00:00 AM,ANTIOQUIA,SAN VICENTE,Domingo,9:00,BARRO BLANCO,RURAL,FINCAS Y SIMILARES,ARMA BLANCA / CORTOPUNZANTE,A PIE,A PIE,23,FEMENINO,SOLTERO,EMPLEADO PARTICULAR,NO REPORTADA,NO REPORTADA,COLOMBIA,"76,364,000",1
12/12/2010 12:00:00 AM,NARIÑO,IPIALES,Domingo,21:00,-,RURAL,TRAMO DE VIA,ARMA BLANCA / CORTOPUNZANTE,A PIE,A PIE,50,MASCULINO,CASADO,AGRICULTOR,NO REPORTADA,NO REPORTADA,COLOMBIA,"5,120,000",1
13/12/2010,CUNDINAMARCA,BOGOTÁ D.C. (CT),Lunes,15:30,URB. EL TUNAL E-6,URBANA,FRENTE CLINICA U HOSPITAL NO REPORTADA VIA PUBLICA,ARMA BLANCA / CORTOPUNZANTE,A PIE,A PIE,23,FEMENINO,SOLTERO,NO REPORTA,NO REPORTADA,ANALFABETA,COLOMBIA,"54,001,000",1
16/12/2010,ANTIOQUIA,MEDELLÍN (CT),Jueves,15:30,OLEODUCTO C-5,URBANA,TERMINAL DE TRANSPORTES,ARMA BLANCA / CORTOPUNZANTE,A PIE,A PIE,23,FEMENINO,SOLTERO,ESTUDIANTE,NO REPORTADA,NO REPORTADA,COLOMBIA,"81,794,000",1
18/12/2010,SUCRE,SAMPUÉS,Sábado,10:00,9 DE MARZO,URBANA,CASAS DE HABITACION,ARMA BLANCA / CORTOPUNZANTE,A PIE,A PIE,1,FEMENINO,SOLTERO,NO REPORTA,NO REPORTADA,NO REPORTADA,COLOMBIA,"5,347,000",1
19/12/2010,CAUCA,POPAYÁN (CT),Domingo,17:00,-,URBANA,VIAS PUBLICAS,ARMA BLANCA / CORTOPUNZANTE,VEHICULO,CONDUCTOR MOTOCICLETA,10,MASCULINO,SOLTERO,ESTUDIANTE,NO REPORTADA,NO REPORTADA,COLOMBIA,"81,001,000",1
19/12/2010,CESAR,VALLEDUPAR (CT),Domingo,11:45,SAN ISIDRO,RURAL,FINCAS Y SIMILARES,NO REPORTADA,A PIE,A PIE,48,MASCULINO,UNION LIBRE,AGRICULTOR,NO REPORTADA,PRIMARIA,COLOMBIA,"11,001,000",1
21/12/2010,CAUCA,PIENDAMÓ,Martes,12:30,VDA LOS PINOS,RURAL,FINCAS Y SIMILARES,ARMA BLANCA / CORTOPUNZANTE,VEHICULO,A PIE,39,MASCULINO,CASADO,COMERCIANTE,NO REPORTADA,NO REPORTADA,COLOMBIA,"81,065,000",1
22/12/2010,VALLE,CALI (CT),Miércoles,8:00,MOJICA E15,URBANA,INTERIOR VEHICULO PARTICULAR,ARMA DE FUEGO,CONDUCTOR MOTOCICLETA,VEHICULO,80,MASCULINO,CASADO,EMPLEADO PARTICULAR,NO REPORTADA,PRIMARIA,COLOMBIA,"17,174,000",1
22/12/2010,TOLIMA,IBAGUÉ (CT),Miércoles,15:10,-,URBANA,CASAS DE HABITACION,ARMA DE FUEGO,A PIE,A PIE,88,MASCULINO,VIUDO,PENSIONADO,NO REPORTADA,PRIMARIA,COLOMBIA,"76,001,000",1
22/12/2010,CESAR,SAN ALBERTO,Miércoles,17:40,-,RURAL,FINCAS Y SIMILARES,NO REPORTADA,A PIE,A PIE,39,MASCULINO,CASADO,EMPLEADO PARTICULAR,ZOOTECNICO,SUPERIOR,COLOMBIA,"11,001,000",1
23/12/2010,CESAR,SAN ALBERTO,Jueves,17:40,-,URBANA,VIAS PUBLICAS,ARMA BLANCA / CORTOPUNZANTE,A PIE,VEHICULO,39,MASCULINO,CASADO,EMPLEADO PARTICULAR,NO REPORTADA,SECUNDARIA,COLOMBIA,"25,754,000",1
23/12/2010,CUNDINAMARCA,BOGOTÁ D.C. (CT),Jueves,18:45,CHAPINERO CENTRAL E-2,URBANA,VIAS PUBLICAS,ARMA BLANCA / CORTOPUNZANTE,PASAJERO BUS,PASAJERO MOTOCICLETA,45,MASCULINO,UNION LIBRE,EMPLEADO PARTICULAR,NO REPORTADA,SUPERIOR,COLOMBIA,"54,206,000",1
23/12/2010,VALLE,CALI (CT),Jueves,20:30,-,URBANA,VIAS PUBLICAS,ARMA BLANCA / CORTOPUNZANTE,A PIE,A PIE,28,MASCULINO,UNION LIBRE,EMPLEADO PARTICULAR,NO REPORTADA,SECUNDARIA,COLOMBIA,"66,001,000",1
24/12/2010,CAUCA,EL TAMBO,Viernes,18:00,VDA CAÑA AGRIA,RURAL,FINCAS Y SIMILARES,ARMA BLANCA / CORTOPUNZANTE,A PIE,A PIE,57,MASCULINO,CASADO,EMPLEADO PARTICULAR,NO REPORTADA,PRIMARIA,COLOMBIA,"76,834,000",1
27/12/2010,TOLIMA,CHAPARRAL,Lunes,16:40,VRDA. LOS CAUCHOS,RURAL,FINCAS Y SIMILARES,NO REPORTADO,A PIE,A PIE,30,MASCULINO,CASADO,EMPLEADO POLICIAL,POLICIA,SECUNDARIA,COLOMBIA,"5,001,000",1
TOTAL,,,,,,,,,,,,,,,,,,,282
