﻿FECHA,DEPARTAMENTO,MUNICIPIO,DIA,HORA,BARRIO,ZONA ,CLASE DE SITIO ,ARMA O MEDIO,MOVIL VICTIMA ,MOVIL AGRESOR ,EDAD ,GENERO ,ESTADO CIVIL,CLASE EMPLEADO,PROFESION,ESCOLARIDAD,PAIS NACE,CODIGO DANE ,2011
04/01/2011 12:00:00 AM,CAUCA,SANTANDER DE QUILICHAO,Martes,20:00,VDA EL LLANITO,RURAL,FINCAS Y SIMILARES,ARMA BLANCA / CORTOPUNZANTE,A PIE,A PIE,60,MASCULINO,CASADO,COMERCIANTE,NO REPORTADA,SECUNDARIA,COLOMBIA,"85,250,000",1
06/01/2011 12:00:00 AM,HUILA,PITALITO,Jueves,14:30,VEREDA CORINTO,RURAL,FINCAS Y SIMILARES,ARMA BLANCA / CORTOPUNZANTE,A PIE,A PIE,82,MASCULINO,CASADO,COMERCIANTE,NO REPORTADA,PRIMARIA,COLOMBIA,"19,517,000",1
08/01/2011 12:00:00 AM,CALDAS,MANIZALES (CT),Sábado,14:30,PALERMO,URBANA,RESTAURANTES,ARMA BLANCA / CORTOPUNZANTE,VEHICULO,A PIE,39,MASCULINO,SOLTERO,COMERCIANTE,NO REPORTADA,PRIMARIA,COLOMBIA,"81,794,000",1
12/01/2011 12:00:00 AM,ARAUCA,TAME,Miércoles,20:30,-,RURAL,FINCAS Y SIMILARES,ARMA BLANCA / CORTOPUNZANTE,VEHICULO,A PIE,39,MASCULINO,UNION LIBRE,EMPLEADO PARTICULAR,NO REPORTADA,PRIMARIA,COLOMBIA,"81,794,000",1
13/01/2011,CUNDINAMARCA,BOGOTÁ D.C. (CT),Jueves,14:30,LA ESTACIÓN E-7,URBANA,VIAS PUBLICAS,ARMA BLANCA / CORTOPUNZANTE,VEHICULO,A PIE,40,MASCULINO,UNION LIBRE,COMERCIANTE,NO REPORTADA,SECUNDARIA,COLOMBIA,"81,794,000",1
13/01/2011,NORTE DE SANTANDER,CÚCUTA (CT),Jueves,20:00,BARRIO LAS COLINAS,URBANA,CASAS DE HABITACION,ARMA BLANCA / CORTOPUNZANTE,A PIE,VEHICULO,57,MASCULINO,CASADO,EMPLEADO PARTICULAR,NO REPORTADA,PRIMARIA,COLOMBIA,"5,001,000",1
13/01/2011,NORTE DE SANTANDER,CÚCUTA (CT),Jueves,20:00,BARRIO LAS COLINAS,URBANA,CASAS DE HABITACION,NO REPORTADO,A PIE,A PIE,44,FEMENINO,CASADO,COMERCIANTE,NO REPORTADA,SUPERIOR,COLOMBIA,"47,001,000",1
15/01/2011,NARIÑO,SAN ANDRES DE TUMACO,Sábado,7:30,LA TAGUERA,URBANA,LOCAL COMERCIAL,ARMA BLANCA / CORTOPUNZANTE,A PIE,A PIE,67,MASCULINO,CASADO,COMERCIANTE,NO REPORTADA,PRIMARIA,COLOMBIA,"66,170,000",1
16/01/2011,CÓRDOBA,MONTERÍA (CT),Domingo,7:00,LA CANDELARIA,URBANA,CASAS DE HABITACION,ARMA BLANCA / CORTOPUNZANTE,A PIE,A PIE,8,MASCULINO,SOLTERO,ESTUDIANTE,NO REPORTADA,PRIMARIA,COLOMBIA,"11,001,000",1
16/01/2011,ANTIOQUIA,MEDELLÍN (CT),Domingo,10:30,CARIBE C-5,URBANA,TERMINAL DE TRANSPORTES,NO REPORTADO,A PIE,CONDUCTOR MOTOCICLETA,31,MASCULINO,UNION LIBRE,EMPLEADO PARTICULAR,NO REPORTADA,SECUNDARIA,COLOMBIA,"70,215,000",1
17/01/2011,PUTUMAYO,VILLAGARZÓN,Lunes,18:30,VDA. LA CAFELINA,RURAL,FINCAS Y SIMILARES,ARMA BLANCA / CORTOPUNZANTE,A PIE,VEHICULO,36,MASCULINO,CASADO,EMPLEADO PARTICULAR,NO REPORTADA,PRIMARIA,COLOMBIA,"66,001,000",1
20/01/2011,META,VILLAVICENCIO (CT),Jueves,11:00,-,URBANA,VIAS PUBLICAS,ARMA BLANCA / CORTOPUNZANTE,A PIE,A PIE,25,MASCULINO,SOLTERO,ESTUDIANTE,NO REPORTADA,SECUNDARIA,COLOMBIA,"11,001,000",1
21/01/2011,HUILA,ALGECIRAS,Viernes,17:00,VEREDA QUEBRADON SUR,RURAL,FINCAS Y SIMILARES,ARMA BLANCA / CORTOPUNZANTE,PASAJERO TAXI,VEHICULO,26,MASCULINO,SOLTERO,RELIGIOSO,NO REPORTADA,SUPERIOR,COLOMBIA,"11,001,000",1
22/01/2011,CÓRDOBA,CERETÉ,Sábado,14:00,-,RURAL,FINCAS Y SIMILARES,ARMA BLANCA / CORTOPUNZANTE,A PIE,A PIE,4,FEMENINO,SOLTERO,NO REPORTA,NO REPORTADA,NO REPORTADA,COLOMBIA,"85,001,000",1
22/01/2011,CASANARE,YOPAL (CT),Sábado,19:00,EL PLAYON,RURAL,FINCAS Y SIMILARES,ARMA BLANCA / CORTOPUNZANTE,A PIE,A PIE,15,MASCULINO,SOLTERO,ESTUDIANTE,NO REPORTADA,NO REPORTADA,COLOMBIA,"76,834,000",1
24/01/2011,CUNDINAMARCA,SUBACHOQUE,Lunes,8:00,-,URBANA,CEMENTERIO,ARMA BLANCA / CORTOPUNZANTE,VEHICULO,VEHICULO,15,FEMENINO,SOLTERO,ESTUDIANTE,NO REPORTADA,SECUNDARIA,COLOMBIA,"76,001,000",1
24/01/2011,CAUCA,POPAYÁN (CT),Lunes,10:00,-,URBANA,ESTADERO,ARMA BLANCA / CORTOPUNZANTE,VEHICULO,VEHICULO,23,MASCULINO,SOLTERO,ESTUDIANTE,NO REPORTADA,SUPERIOR,COLOMBIA,"76,001,000",1
24/01/2011,CAQUETÁ,SOLITA,Lunes,20:00,VDA.  EL CASTILLO,RURAL,FINCAS Y SIMILARES,ARMA BLANCA / CORTOPUNZANTE,A PIE,A PIE,57,MASCULINO,UNION LIBRE,GANADERO,NO REPORTADA,NO REPORTADA,COLOMBIA,"81,736,000",1
24/01/2011,CESAR,LA GLORIA,Lunes,22:00,-,RURAL,FINCAS Y SIMILARES,NO REPORTADO,NO REPORTADA,NO REPORTADA,22,FEMENINO,CASADO,AGRICULTOR,NO REPORTADA,NO REPORTADA,NO REPORTADA,"11,001,000",1
27/01/2011,CÓRDOBA,MONTERÍA (CT),Jueves,8:30,SUCRE,URBANA,FRENTE CLINICA U HOSPITAL NO REPORTADA VIA PUBLICA,ARMA BLANCA / CORTOPUNZANTE,VEHICULO,A PIE,26,FEMENINO,CASADO,ESTUDIANTE,NO REPORTADA,SECUNDARIA,COLOMBIA,"81,065,000",1
28/01/2011,CÓRDOBA,PLANETA RICA,Viernes,15:30,-,RURAL,FINCAS Y SIMILARES,ARMA BLANCA / CORTOPUNZANTE,VEHICULO,A PIE,15,MASCULINO,SOLTERO,ESTUDIANTE,NO REPORTADA,SECUNDARIA,COLOMBIA,"81,065,000",1
28/01/2011,ARAUCA,ARAUQUITA,Viernes,17:30,-,URBANA,VIAS PUBLICAS,ARMA BLANCA / CORTOPUNZANTE,VEHICULO,A PIE,41,MASCULINO,UNION LIBRE,EMPLEADO PARTICULAR,INGENIERO,SUPERIOR,COLOMBIA,"81,065,000",1
29/01/2011,CUNDINAMARCA,FACATATIVÁ,Sábado,14:00,COPIHUE,URBANA,TIENDA,ARMA BLANCA / CORTOPUNZANTE,A PIE,A PIE,11,MASCULINO,SOLTERO,NO REPORTA,NO REPORTADA,NO REPORTADA,COLOMBIA,"27,425,000",1
29/01/2011,CHOCÓ,CÉRTEGUI,Sábado,10:00,EL CENTRO,RURAL,FINCAS Y SIMILARES,ARMA BLANCA / CORTOPUNZANTE,A PIE,A PIE,NO REPORTADA,MASCULINO,UNION LIBRE,EMPLEADO PARTICULAR,NO REPORTADA,NO REPORTADA,COLOMBIA,"11,001,000",1
29/01/2011,CHOCÓ,CÉRTEGUI,Sábado,10:00,EL CENTRO,RURAL,FINCAS Y SIMILARES,ARMA BLANCA / CORTOPUNZANTE,A PIE,A PIE,38,MASCULINO,UNION LIBRE,EMPLEADO PARTICULAR,NO REPORTADA,SECUNDARIA,COLOMBIA,"63,594,000",1
29/01/2011,NARIÑO,PASTO (CT),Sábado,18:00,-,RURAL,ZONA SELVÁTICA,ARMA BLANCA / CORTOPUNZANTE,VEHICULO,A PIE,21,MASCULINO,UNION LIBRE,COMERCIANTE,NO REPORTADA,NO REPORTADA,COLOMBIA,"73,268,000",1
30/01/2011,VALLE,CALI (CT),Domingo,10:40,EL POBLADO I E13,URBANA,CASAS DE HABITACION,ARMA BLANCA / CORTOPUNZANTE,A PIE,VEHICULO,24,MASCULINO,UNION LIBRE,EMPLEADO PARTICULAR,NO REPORTADA,TECNOLOGO,COLOMBIA,"5,001,000",1
01/02/2011 12:00:00 AM,NARIÑO,PASTO (CT),Martes,12:00,-,RURAL,TRAMO DE VIA,NO REPORTADO,VEHICULO,VEHICULO,70,MASCULINO,CASADO,GANADERO,INGENIERO AGRONOMO,SUPERIOR,COLOMBIA,"5,001,000",1
04/02/2011 12:00:00 AM,CAUCA,SAN SEBASTIÁN,Viernes,19:00,-,RURAL,FINCAS Y SIMILARES,ARMA BLANCA / CORTOPUNZANTE,PASAJERO BUS,PASAJERO BUS,38,MASCULINO,UNION LIBRE,AGRICULTOR,NO REPORTADA,PRIMARIA,COLOMBIA,"11,001,000",1
05/02/2011 12:00:00 AM,CUNDINAMARCA,BOGOTÁ D.C. (CT),Sábado,14:30,VERBENAL I E-1,URBANA,VIAS PUBLICAS,ARMA BLANCA / CORTOPUNZANTE,VEHICULO,VEHICULO,44,MASCULINO,UNION LIBRE,COMERCIANTE,NO REPORTADA,SUPERIOR,VENEZUELA,"81,794,000",1
07/02/2011 12:00:00 AM,VALLE,CALI (CT),Lunes,0:17,-,URBANA,CASAS DE HABITACION,ARMA BLANCA / CORTOPUNZANTE,VEHICULO,VEHICULO,20,FEMENINO,SOLTERO,COMERCIANTE,NO REPORTADA,NO REPORTADA,COLOMBIA,"81,794,000",1
08/02/2011 12:00:00 AM,CAUCA,EL TAMBO,Martes,9:00,-,RURAL,TRAMO DE VIA,ARMA BLANCA / CORTOPUNZANTE,VEHICULO,VEHICULO,55,MASCULINO,CASADO,EMPLEADO PARTICULAR,NO REPORTADA,SUPERIOR,COLOMBIA,"81,794,000",1
08/02/2011 12:00:00 AM,CAUCA,EL TAMBO,Martes,9:00,-,RURAL,TRAMO DE VIA,ARMA BLANCA / CORTOPUNZANTE,A PIE,VEHICULO,45,MASCULINO,CASADO,EMPLEADO PARTICULAR,NO REPORTADA,SECUNDARIA,NO REPORTADA,"15,759,000",1
09/02/2011 12:00:00 AM,CAUCA,POPAYÁN (CT),Miércoles,12:30,VDA LA REJOYA,URBANA,TRAMO DE VIA,ARMA BLANCA / CORTOPUNZANTE,A PIE,A PIE,54,MASCULINO,UNION LIBRE,GANADERO,NO REPORTADA,PRIMARIA,COLOMBIA,"99,773,000",1
10/02/2011 12:00:00 AM,ARAUCA,ARAUCA (CT),Jueves,19:00,VEREDA CABULLARE,RURAL,PUENTE,ARMA BLANCA / CORTOPUNZANTE,A PIE,A PIE,62,MASCULINO,CASADO,GANADERO,NO REPORTADA,SECUNDARIA,COLOMBIA,"11,001,000",1
12/02/2011 12:00:00 AM,VALLE,CALI (CT),Sábado,10:00,SIETE DE AGOSTO E7,URBANA,VIAS PUBLICAS,ARMA BLANCA / CORTOPUNZANTE,VEHICULO,A PIE,0,FEMENINO,SOLTERO,NO REPORTA,NO REPORTADA,ANALFABETA,COLOMBIA,"81,736,000",1
12/02/2011 12:00:00 AM,NARIÑO,CUMBAL,Sábado,4:30,-,RURAL,FINCAS Y SIMILARES,ARMA BLANCA / CORTOPUNZANTE,VEHICULO,A PIE,3,MASCULINO,SOLTERO,NO REPORTA,NO REPORTADA,NO REPORTADA,COLOMBIA,"81,736,000",1
19/02/2011,ARAUCA,FORTUL,Sábado,7:00,VEREDA TAMARAL,URBANA,FINCAS Y SIMILARES,ARMA BLANCA / CORTOPUNZANTE,VEHICULO,A PIE,NO REPORTADA,MASCULINO,CASADO,EMPLEADO PARTICULAR,INGENIERO,SUPERIOR,COLOMBIA,"81,736,000",1
20/02/2011,CUNDINAMARCA,BOGOTÁ D.C. (CT),Domingo,11:00,INGLES E-18,URBANA,VIAS PUBLICAS,ARMA DE FUEGO,NO REPORTADA,NO REPORTADA,35,MASCULINO,UNION LIBRE,EMPLEADO PARTICULAR,NO REPORTADA,SECUNDARIA,COLOMBIA,"27,001,000",1
22/02/2011,NARIÑO,TANGUA,Martes,11:30,-,RURAL,FINCAS Y SIMILARES,NO REPORTADO,A PIE,A PIE,0,FEMENINO,SOLTERO,NO REPORTA,NO REPORTADA,NO REPORTADA,COLOMBIA,"5,079,000",1
23/02/2011,ANTIOQUIA,MEDELLÍN (CT),Miércoles,14:00,SANTA RITA  S.A.P.,URBANA,CASAS DE HABITACION,NO REPORTADA,VEHICULO,A PIE,40,MASCULINO,CASADO,COMERCIANTE,NO REPORTADA,SECUNDARIA,COLOMBIA,"19,450,000",1
23/02/2011,HUILA,NEIVA (CT),Miércoles,20:50,-,URBANA,PARQUEADERO,ARMA BLANCA / CORTOPUNZANTE,VEHICULO,A PIE,52,MASCULINO,CASADO,COMERCIANTE,NO REPORTADA,PRIMARIA,COLOMBIA,"27,001,000",1
25/02/2011,PUTUMAYO,MOCOA (CT),Viernes,9:30,VDA. EL CHURUMBELO,RURAL,FINCAS Y SIMILARES,ARMA BLANCA / CORTOPUNZANTE,A PIE,A PIE,48,MASCULINO,UNION LIBRE,EMPLEADO PARTICULAR,NO REPORTADA,PRIMARIA,COLOMBIA,"15,104,000",1
25/02/2011,CALDAS,MANIZALES (CT),Viernes,20:45,CENTRO,URBANA,VIAS PUBLICAS,ARMA BLANCA / CORTOPUNZANTE,A PIE,A PIE,22,MASCULINO,UNION LIBRE,EMPLEADO PARTICULAR,NO REPORTADA,SECUNDARIA,COLOMBIA,"15,104,000",1
01/03/2011 12:00:00 AM,GUAVIARE,CALAMAR,Martes,17:00,VEREDA LA CEIBA,RURAL,FINCAS Y SIMILARES,ARMA BLANCA / CORTOPUNZANTE,A PIE,A PIE,54,MASCULINO,SEPARADO,GANADERO,NO REPORTADA,PRIMARIA,COLOMBIA,"15,104,000",1
02/03/2011 12:00:00 AM,ATLÁNTICO,BARRANQUILLA (CT),Miércoles,11:25,-,URBANA,TIENDA,ARMA BLANCA / CORTOPUNZANTE,A PIE,A PIE,40,MASCULINO,SOLTERO,EMPLEADO PARTICULAR,ADMINISTRADOR DE EMPRESAS,TECNICO,COLOMBIA,"15,104,000",1
02/03/2011 12:00:00 AM,NARIÑO,TANGUA,Miércoles,1:30,-,RURAL,FINCAS Y SIMILARES,ARMA BLANCA / CORTOPUNZANTE,A PIE,A PIE,83,MASCULINO,CASADO,AGRICULTOR,NO REPORTADA,NO REPORTADA,COLOMBIA,"15,104,000",1
03/03/2011 12:00:00 AM,NARIÑO,SANTA BÁRBARA,Jueves,7:45,-,RURAL,FINCAS Y SIMILARES,NO REPORTADO,A PIE,CONDUCTOR MOTOCICLETA,49,MASCULINO,UNION LIBRE,EMPLEADO PARTICULAR,ADMINISTRADOR DE EMPRESAS,SUPERIOR,COLOMBIA,"81,001,000",1
03/03/2011 12:00:00 AM,CUNDINAMARCA,BOGOTÁ D.C. (CT),Jueves,4:00,GALERIAS E-13,URBANA,CENTRO COMERCIAL,ARMA BLANCA / CORTOPUNZANTE,VEHICULO,A PIE,49,MASCULINO,CASADO,COMERCIANTE,NO REPORTADA,SECUNDARIA,COLOMBIA,"41,551,000",1
03/03/2011 12:00:00 AM,PUTUMAYO,MOCOA (CT),Jueves,18:30,SAN JOSE DEL PEPINO,RURAL,VIAS PUBLICAS,ARMA BLANCA / CORTOPUNZANTE,VEHICULO,A PIE,26,MASCULINO,SOLTERO,EMPLEADO PARTICULAR,NO REPORTADA,NO REPORTADA,COLOMBIA,"76,001,000",1
04/03/2011 12:00:00 AM,NORTE DE SANTANDER,EL ZULIA,Viernes,15:00,BARRIO EL CENTRO,URBANA,VIAS PUBLICAS,NO REPORTADO,A PIE,A PIE,45,MASCULINO,CASADO,COMERCIANTE,NO REPORTADA,SECUNDARIA,COLOMBIA,"52,001,000",1
04/03/2011 12:00:00 AM,VALLE,GUADALAJARA DE BUGA,Viernes,21:00,VDA. LA PRIMAVERA,RURAL,FINCAS Y SIMILARES,NO REPORTADA,A PIE,A PIE,73,MASCULINO,CASADO,AGRICULTOR,NO REPORTADA,PRIMARIA,COLOMBIA,"76,001,000",1
05/03/2011 12:00:00 AM,CAUCA,TOTORÓ,Sábado,17:00,-,RURAL,FINCAS Y SIMILARES,NO REPORTADO,A PIE,VEHICULO,71,MASCULINO,CASADO,GANADERO,INGENIERO CIVIL,SUPERIOR,COLOMBIA,"17,873,000",1
08/03/2011 12:00:00 AM,VICHADA,CUMARIBO,Martes,13:00,NICOLINO MATAR,RURAL,FINCAS Y SIMILARES,ARMA BLANCA / CORTOPUNZANTE,A PIE,VEHICULO,NO REPORTADA,MASCULINO,NO REPORTADA,EMPLEADO PARTICULAR,NO REPORTADA,NO REPORTADA,COLOMBIA,"15,176,000",1
09/03/2011 12:00:00 AM,ANTIOQUIA,GÓMEZ PLATA,Miércoles,8:00,-,URBANA,FINCAS Y SIMILARES,ARMA DE FUEGO,VEHICULO,A PIE,67,MASCULINO,CASADO,PENSIONADO,NO REPORTADA,NO REPORTADA,COLOMBIA,"68,001,000",1
10/03/2011 12:00:00 AM,VALLE,CALI (CT),Jueves,10:30,-,URBANA,UNIVERSIDADES,NO REPORTADO,VEHICULO,A PIE,17,FEMENINO,SOLTERO,ESTUDIANTE,NO REPORTADA,NO REPORTADA,COLOMBIA,"85,139,000",1
12/03/2011 12:00:00 AM,CUNDINAMARCA,BOGOTÁ D.C. (CT),Sábado,22:51,EL CODITO E-1,URBANA,VIAS PUBLICAS,NO REPORTADO,A PIE,A PIE,39,MASCULINO,SOLTERO,EMPLEADO PARTICULAR,DISEÑADOR,SECUNDARIA,COLOMBIA,"5,001,000",1
13/03/2011,ANTIOQUIA,CALDAS,Domingo,10:00,-,URBANA,CASAS DE HABITACION,NO REPORTADO,A PIE,A PIE,14,FEMENINO,SOLTERO,ESTUDIANTE,NO REPORTADA,NO REPORTADA,COLOMBIA,"11,001,000",1
13/03/2011,CUNDINAMARCA,FUSAGASUGÁ,Domingo,1:00,-,URBANA,"BARES, CANTINAS Y SIMILARES",ARMA BLANCA / CORTOPUNZANTE,A PIE,A PIE,34,MASCULINO,CASADO,COMERCIANTE,NO REPORTADA,SECUNDARIA,COLOMBIA,"76,109,000",1
13/03/2011,NARIÑO,CHACHAGÜÍ,Domingo,7:00,CORREGIMIENTO  PASIZARRA,URBANA,FINCAS Y SIMILARES,ARMA BLANCA / CORTOPUNZANTE,A PIE,VEHICULO,32,FEMENINO,CASADO,EMPLEADO PARTICULAR,NO REPORTADA,NO REPORTADA,ECUADOR,"11,001,000",1
13/03/2011,NARIÑO,CHACHAGÜÍ,Domingo,7:00,CORREGIMIENTO  PASIZARRA,URBANA,FINCAS Y SIMILARES,NO REPORTADO,A PIE,VEHICULO,42,MASCULINO,CASADO,EMPLEADO SALUD,MEDICO VETERINARIO,SUPERIOR,COLOMBIA,"25,183,000",1
16/03/2011,CESAR,PAILITAS,Miércoles,10:30,-,RURAL,FINCAS Y SIMILARES,ARMA DE FUEGO,A PIE,CONDUCTOR MOTOCICLETA,25,MASCULINO,UNION LIBRE,EMPLEADO PARTICULAR,NO REPORTADA,PRIMARIA,COLOMBIA,"11,001,000",1
16/03/2011,VALLE,LA VICTORIA,Miércoles,14:10,-,URBANA,VIAS PUBLICAS,ARMA BLANCA / CORTOPUNZANTE,A PIE,VEHICULO,49,MASCULINO,CASADO,EMPLEADO PARTICULAR,NO REPORTADA,PRIMARIA,COLOMBIA,"19,355,000",1
16/03/2011,CUNDINAMARCA,BOGOTÁ D.C. (CT),Miércoles,18:30,FERIAS E-10,URBANA,VIAS PUBLICAS,NO REPORTADO,PASAJERO BUS,PASAJERO BUS,46,FEMENINO,CASADO,EMPLEADO PARTICULAR,NO REPORTADA,SECUNDARIA,COLOMBIA,"11,001,000",1
17/03/2011,PUTUMAYO,PUERTO ASÍS,Jueves,6:15,VDA. EL AGUILA,RURAL,FINCAS Y SIMILARES,NO REPORTADO,A PIE,A PIE,65,MASCULINO,CASADO,AGRICULTOR,NO REPORTADA,PRIMARIA,COLOMBIA,"76,109,000",1
19/03/2011,CAQUETÁ,FLORENCIA (CT),Sábado,14:00,CHAPINERO,URBANA,CASAS DE HABITACION,NO REPORTADO,PASAJERO TAXI,CONDUCTOR TAXI,12,FEMENINO,SOLTERO,ESTUDIANTE,NO REPORTADA,PRIMARIA,COLOMBIA,"11,001,000",1
20/03/2011,CASANARE,TAURAMENA,Domingo,3:30,JAGUITO,RURAL,FINCAS Y SIMILARES,ARMA DE FUEGO,A PIE,VEHICULO,65,MASCULINO,CASADO,GANADERO,NO REPORTADA,NO REPORTADA,COLOMBIA,"15,001,000",1
23/03/2011,PUTUMAYO,PUERTO ASÍS,Miércoles,8:00,LAS AMERICAS,URBANA,VIAS PUBLICAS,NO REPORTADO,A PIE,A PIE,26,FEMENINO,SOLTERO,EMPLEADO PARTICULAR,FISIOTERAPEUTA,SUPERIOR,COLOMBIA,"13,001,000",1
25/03/2011,VALLE,CALI (CT),Viernes,12:02,SAN PEDRO E3,URBANA,ALMACENES,NO REPORTADO,NO REPORTADA,NO REPORTADA,0,FEMENINO,SOLTERO,NO REPORTA,NO REPORTADA,ANALFABETA,COLOMBIA,"95,025,000",1
25/03/2011,NARIÑO,GUACHUCAL,Viernes,18:00,VEREDA SAN DIEGO,RURAL,FINCAS Y SIMILARES,ARMA DE FUEGO,A PIE,VEHICULO,41,MASCULINO,CASADO,EMPLEADO PARTICULAR,ZOOTECNICO,SUPERIOR,COLOMBIA,"11,001,000",1
26/03/2011,META,VILLAVICENCIO (CT),Sábado,9:30,ANTONIO PINILLA,URBANA,VIAS PUBLICAS,NO REPORTADO,A PIE,CONDUCTOR MOTOCICLETA,23,MASCULINO,UNION LIBRE,EMPLEADO PARTICULAR,NO REPORTADA,PRIMARIA,COLOMBIA,"54,001,000",1
27/03/2011,ARAUCA,ARAUQUITA,Domingo,18:00,BOCAS DEL ELE,RURAL,FINCAS Y SIMILARES,NO REPORTADO,A PIE,CONDUCTOR MOTOCICLETA,40,MASCULINO,UNION LIBRE,EMPLEADO PARTICULAR,NO REPORTADA,SECUNDARIA,COLOMBIA,"54,001,000",1
29/03/2011,CAQUETÁ,FLORENCIA (CT),Martes,15:30,-,RURAL,FINCAS Y SIMILARES,ARMA BLANCA / CORTOPUNZANTE,CONDUCTOR MOTOCICLETA,A PIE,26,MASCULINO,SOLTERO,EMPLEADO PARTICULAR,NO REPORTADA,SECUNDARIA,COLOMBIA,"85,001,000",1
02/04/2011 12:00:00 AM,VALLE,CALI (CT),Sábado,20:30,EL PARAISO E12,URBANA,FRENTE A RESIDENCIAS NO REPORTADA VIA PUBLICA,NO REPORTADO,A PIE,A PIE,63,MASCULINO,CASADO,COMERCIANTE,NO REPORTADA,SUPERIOR,COLOMBIA,"5,001,000",1
03/04/2011 12:00:00 AM,SUCRE,GALERAS,Domingo,6:00,-,RURAL,FINCAS Y SIMILARES,ARMA BLANCA / CORTOPUNZANTE,A PIE,A PIE,28,MASCULINO,SOLTERO,GANADERO,NO REPORTADA,NO REPORTADA,COLOMBIA,"25,754,000",1
04/04/2011 12:00:00 AM,VALLE,CALI (CT),Lunes,18:40,SAN JUAN BOSCO E3,URBANA,CASAS DE HABITACION,NO REPORTADO,A PIE,VEHICULO,3,MASCULINO,SOLTERO,NO REPORTA,NO REPORTADA,NO REPORTADA,COLOMBIA,"11,001,000",1
04/04/2011 12:00:00 AM,META,MESETAS,Lunes,12:30,VEREDA LAS ROSAS,RURAL,FINCAS Y SIMILARES,NO REPORTADO,A PIE,A PIE,66,FEMENINO,SOLTERO,EMPLEADO PARTICULAR,INGENIERO ELECTRICO,SUPERIOR,COLOMBIA,"50,001,000",1
07/04/2011 12:00:00 AM,ARAUCA,TAME,Jueves,10:00,VEREDA EL BOTALON,URBANA,FINCAS Y SIMILARES,NO REPORTADO,A PIE,VEHICULO,35,MASCULINO,UNION LIBRE,EMPLEADO PARTICULAR,INGENIERO,SUPERIOR,COLOMBIA,"11,001,000",1
07/04/2011 12:00:00 AM,CUNDINAMARCA,FOMEQUE,Jueves,19:00,VER. LA MARGARITA,RURAL,FINCAS Y SIMILARES,SIN EMPLEO DE ARMAS,A PIE,VEHICULO,46,MASCULINO,CASADO,POLITICO,NO REPORTADA,SECUNDARIA,COLOMBIA,"11,001,000",1
12/04/2011 12:00:00 AM,ANTIOQUIA,EL CARMEN DE VIBORAL,Martes,10:00,-,URBANA,CASAS DE HABITACION,ARMA BLANCA / CORTOPUNZANTE,VEHICULO,A PIE,11,MASCULINO,SOLTERO,ESTUDIANTE,NO REPORTADA,NO REPORTADA,COLOMBIA,"11,001,000",1
15/04/2011,ATLÁNTICO,BARRANQUILLA (CT),Viernes,0:40,LA PLAYA,URBANA,VIAS PUBLICAS,ARMA BLANCA / CORTOPUNZANTE,VEHICULO,A PIE,26,FEMENINO,SOLTERO,ESTUDIANTE,NO REPORTADA,SUPERIOR,COLOMBIA,"11,001,000",1
15/04/2011,VALLE,CALI (CT),Viernes,8:30,CIUDAD 2000 E16,URBANA,VIAS PUBLICAS,NO REPORTADO,A PIE,A PIE,20,MASCULINO,SOLTERO,ESTUDIANTE,NO REPORTADA,SUPERIOR,COLOMBIA,"54,001,000",1
15/04/2011,VALLE,CALI (CT),Viernes,8:30,CIUDAD 2000 E16,URBANA,VIAS PUBLICAS,NO REPORTADO,A PIE,A PIE,22,MASCULINO,SOLTERO,ESTUDIANTE,NO REPORTADA,NO REPORTADA,COLOMBIA,"54,001,000",1
16/04/2011,GUAJIRA,URIBIA,Sábado,21:45,LA FLORIDA,URBANA,FRENTE A RESIDENCIAS NO REPORTADA VIA PUBLICA,NO REPORTADO,A PIE,A PIE,31,MASCULINO,UNION LIBRE,POLITICO,INGENIERO DE SISTEMAS,SUPERIOR,COLOMBIA,"54,001,000",1
17/04/2011,TOLIMA,ESPINAL,Domingo,13:00,RONDON,URBANA,VIAS PUBLICAS,NO REPORTADO,PASAJERO TAXI,CONDUCTOR TAXI,64,MASCULINO,CASADO,COMERCIANTE,NO REPORTADA,SECUNDARIA,COLOMBIA,"11,001,000",1
18/04/2011,ANTIOQUIA,TOLEDO,Lunes,2:30,-,RURAL,FINCAS Y SIMILARES,NO REPORTADO,VEHICULO,A PIE,20,MASCULINO,SOLTERO,EMPLEADO EJERCITO,NO REPORTADA,NO REPORTADA,COLOMBIA,"85,010,000",1
18/04/2011,ANTIOQUIA,TOLEDO,Lunes,2:30,-,RURAL,FINCAS Y SIMILARES,NO REPORTADO,A PIE,A PIE,23,MASCULINO,SOLTERO,EMPLEADO EJERCITO,NO REPORTADA,SECUNDARIA,COLOMBIA,"11,001,000",1
24/04/2011,NORTE DE SANTANDER,CÚCUTA (CT),Domingo,14:30,SECTOR EL TIERRERO,URBANA,TERMINAL DE TRANSPORTES,NO REPORTADO,A PIE,VEHICULO,27,FEMENINO,UNION LIBRE,COMERCIANTE,NO REPORTADA,SECUNDARIA,COLOMBIA,"11,001,000",1
24/04/2011,NORTE DE SANTANDER,CÚCUTA (CT),Domingo,14:30,SECTOR EL TIERRERO,URBANA,TERMINAL DE TRANSPORTES,ARMA BLANCA / CORTOPUNZANTE,A PIE,VEHICULO,37,MASCULINO,UNION LIBRE,COMERCIANTE,NO REPORTADA,PRIMARIA,COLOMBIA,"19,698,000",1
25/04/2011,QUINDÍO,ARMENIA (CT),Lunes,3:00,EL SILENCIO,URBANA,CASAS DE HABITACION,ARMA BLANCA / CORTOPUNZANTE,A PIE,VEHICULO,18,MASCULINO,SOLTERO,ESTUDIANTE,NO REPORTADA,SECUNDARIA,COLOMBIA,"19,698,000",1
12/05/2011 12:00:00 AM,PUTUMAYO,MOCOA (CT),Jueves,16:00,JORGE ELIECER GAITAN,URBANA,VIAS PUBLICAS,ARMA DE FUEGO,A PIE,VEHICULO,22,MASCULINO,SOLTERO,EMPLEADO PARTICULAR,NO REPORTADA,PRIMARIA,COLOMBIA,"85,001,000",1
25/04/2011,PUTUMAYO,VALLE DEL GUAMUEZ,Lunes,10:00,VDA. LAS PALMERAS,RURAL,FINCAS Y SIMILARES,ARMA BLANCA / CORTOPUNZANTE,A PIE,VEHICULO,25,MASCULINO,UNION LIBRE,GANADERO,NO REPORTADA,NO REPORTADA,COLOMBIA,"19,698,000",1
27/04/2011,RISARALDA,PEREIRA (CT),Miércoles,20:37,VDA. CANCELES,RURAL,FINCAS Y SIMILARES,NO REPORTADO,A PIE,VEHICULO,57,MASCULINO,UNION LIBRE,EMPLEADO PARTICULAR,ADMINISTRADOR DE EMPRESAS,SUPERIOR,COLOMBIA,"11,001,000",1
28/04/2011,CESAR,AGUACHICA,Jueves,1:00,-,URBANA,CASAS DE HABITACION,ARMA BLANCA / CORTOPUNZANTE,A PIE,A PIE,31,MASCULINO,CASADO,GANADERO,NO REPORTADA,PRIMARIA,COLOMBIA,"5,674,000",1
28/04/2011,TOLIMA,COYAIMA,Jueves,10:00,-,RURAL,FINCAS Y SIMILARES,ARMA BLANCA / CORTOPUNZANTE,A PIE,A PIE,30,MASCULINO,UNION LIBRE,AGRICULTOR,NO REPORTADA,SECUNDARIA,COLOMBIA,"5,674,000",1
29/04/2011,CAQUETÁ,SAN VICENTE DEL CAGUÁN,Viernes,14:00,INSPECCION DE CAMPO HERMOSO,RURAL,FINCAS Y SIMILARES,NO REPORTADO,NO REPORTADA,NO REPORTADA,43,MASCULINO,UNION LIBRE,COMERCIANTE,NO REPORTADA,NO REPORTADA,COLOMBIA,"15,407,000",1
01/05/2011 12:00:00 AM,VALLE,PALMIRA,Domingo,21:50,MEJOR VIVIR,URBANA,DENTRO DE LA VIVIENDA,ARMA BLANCA / CORTOPUNZANTE,A PIE,VEHICULO,23,MASCULINO,SOLTERO,COMERCIANTE,NO REPORTADA,SECUNDARIA,COLOMBIA,"15,176,000",1
02/05/2011 12:00:00 AM,SANTANDER,GIRÓN,Lunes,8:00,PARQUE INDUSTRIAL,URBANA,OFICINAS,ARMA BLANCA / CORTOPUNZANTE,A PIE,A PIE,43,FEMENINO,UNION LIBRE,EMPLEADO PARTICULAR,NO REPORTADA,SECUNDARIA,COLOMBIA,"27,075,000",1
02/05/2011 12:00:00 AM,SANTANDER,GIRÓN,Lunes,8:00,PARQUE INDUSTRIAL,URBANA,OFICINAS,ARMA DE FUEGO,PASAJERO BUS,A PIE,48,FEMENINO,CASADO,EMPLEADO PARTICULAR,NO REPORTADA,SECUNDARIA,COLOMBIA,"19,701,000",1
02/05/2011 12:00:00 AM,SANTANDER,GIRÓN,Lunes,8:00,PARQUE INDUSTRIAL,URBANA,OFICINAS,NO REPORTADO,A PIE,A PIE,34,FEMENINO,CASADO,EMPLEADO PARTICULAR,NO REPORTADA,SECUNDARIA,COLOMBIA,"95,001,000",1
02/05/2011 12:00:00 AM,SANTANDER,GIRÓN,Lunes,8:00,PARQUE INDUSTRIAL,URBANA,OFICINAS,ARMA BLANCA / CORTOPUNZANTE,A PIE,VEHICULO,21,FEMENINO,SOLTERO,EMPLEADO PARTICULAR,NO REPORTADA,SECUNDARIA,COLOMBIA,"11,001,000",1
02/05/2011 12:00:00 AM,SANTANDER,GIRÓN,Lunes,8:00,PARQUE INDUSTRIAL,URBANA,OFICINAS,ARMA BLANCA / CORTOPUNZANTE,A PIE,VEHICULO,27,FEMENINO,SOLTERO,EMPLEADO PARTICULAR,ADMINISTRADOR DE EMPRESAS,SUPERIOR,COLOMBIA,"76,001,000",1
02/05/2011 12:00:00 AM,SANTANDER,GIRÓN,Lunes,8:00,PARQUE INDUSTRIAL,URBANA,OFICINAS,NO REPORTADO,CONDUCTOR TAXI,CONDUCTOR TAXI,31,FEMENINO,SOLTERO,EMPLEADO PARTICULAR,NO REPORTADA,SUPERIOR,COLOMBIA,"11,001,000",1
02/05/2011 12:00:00 AM,SANTANDER,GIRÓN,Lunes,8:00,PARQUE INDUSTRIAL,URBANA,OFICINAS,ARMA BLANCA / CORTOPUNZANTE,VEHICULO,A PIE,20,FEMENINO,SOLTERO,EMPLEADO PARTICULAR,NO REPORTADA,SUPERIOR,COLOMBIA,"81,001,000",1
02/05/2011 12:00:00 AM,SANTANDER,GIRÓN,Lunes,8:00,PARQUE INDUSTRIAL,URBANA,OFICINAS,ARMA BLANCA / CORTOPUNZANTE,VEHICULO,A PIE,46,FEMENINO,CASADO,EMPLEADO PARTICULAR,NO REPORTADA,SECUNDARIA,COLOMBIA,"81,001,000",1
02/05/2011 12:00:00 AM,CALDAS,RISARALDA,Lunes,17:00,LA ESMERALDA,RURAL,FINCAS Y SIMILARES,ARMA BLANCA / CORTOPUNZANTE,VEHICULO,A PIE,47,MASCULINO,CASADO,EMPLEADO PARTICULAR,NO REPORTADA,TECNICO,COLOMBIA,"81,001,000",1
02/05/2011 12:00:00 AM,META,MESETAS,Lunes,9:40,VEREDA LOS NARANJOS,RURAL,FINCAS Y SIMILARES,NO REPORTADO,A PIE,A PIE,23,MASCULINO,SOLTERO,ESTUDIANTE,INGENIERO MECANICO,SUPERIOR,COLOMBIA,"86,571,000",1
02/05/2011 12:00:00 AM,CAQUETÁ,PUERTO RICO,Lunes,19:00,-,RURAL,FINCAS Y SIMILARES,ARMA BLANCA / CORTOPUNZANTE,A PIE,VEHICULO,25,MASCULINO,UNION LIBRE,GANADERO,NO REPORTADA,NO REPORTADA,COLOMBIA,"66,001,000",1
04/05/2011 12:00:00 AM,CÓRDOBA,MONTERÍA (CT),Miércoles,12:30,-,URBANA,VIAS PUBLICAS,NO REPORTADO,A PIE,CONDUCTOR TAXI,19,MASCULINO,SOLTERO,EMPLEADO PARTICULAR,NO REPORTADA,SUPERIOR,COLOMBIA,"5,360,000",1
05/05/2011 12:00:00 AM,VALLE,BUENAVENTURA,Jueves,11:00,-,URBANA,VIAS PUBLICAS,ARMA BLANCA / CORTOPUNZANTE,A PIE,VEHICULO,20,MASCULINO,SOLTERO,COMERCIANTE,NO REPORTADA,NO REPORTADA,COLOMBIA,"11,001,000",1
06/05/2011 12:00:00 AM,CAUCA,TIMBIQUÍ,Viernes,19:00,-,RURAL,RIOS,ARMA BLANCA / CORTOPUNZANTE,VEHICULO,A PIE,61,MASCULINO,UNION LIBRE,COMERCIANTE,NO REPORTADA,PRIMARIA,COLOMBIA,"81,736,000",1
10/05/2011 12:00:00 AM,NARIÑO,RICAURTE,Martes,22:45,LAS PALMAS,URBANA,"HOTELES, RESIDENCIAS, Y SIMILARES.",ARMA BLANCA / CORTOPUNZANTE,VEHICULO,A PIE,30,FEMENINO,CASADO,EMPLEADO PARTICULAR,TRABAJADOR SOCIAL,SUPERIOR,COLOMBIA,"81,736,000",1
10/05/2011 12:00:00 AM,NARIÑO,RICAURTE,Martes,22:45,LAS PALMAS,URBANA,"HOTELES, RESIDENCIAS, Y SIMILARES.",ARMA BLANCA / CORTOPUNZANTE,VEHICULO,A PIE,31,MASCULINO,CASADO,EMPLEADO PARTICULAR,NO REPORTADA,SUPERIOR,COLOMBIA,"81,736,000",1
10/05/2011 12:00:00 AM,NARIÑO,RICAURTE,Martes,22:45,LAS PALMAS,URBANA,"HOTELES, RESIDENCIAS, Y SIMILARES.",NO REPORTADO,A PIE,A PIE,27,MASCULINO,UNION LIBRE,EMPLEADO PARTICULAR,ADMINISTRADOR DE EMPRESAS,SUPERIOR,COLOMBIA,"73,001,000",1
11/05/2011 12:00:00 AM,ANTIOQUIA,APARTADÓ,Miércoles,15:00,LA PAZ,URBANA,VIAS PUBLICAS,NO REPORTADO,A PIE,A PIE,0,MASCULINO,SOLTERO,NO REPORTA,NO REPORTADA,ANALFABETA,COLOMBIA,"66,001,000",1
15/05/2011,VALLE,TULUÁ,Domingo,16:00,Cgto Puerto Frazadas,RURAL,FINCAS Y SIMILARES,ARMA BLANCA / CORTOPUNZANTE,VEHICULO,VEHICULO,41,MASCULINO,CASADO,EMPLEADO SALUD,ODONTOLOGO,SUPERIOR,COLOMBIA,"20,310,000",1
16/05/2011,ARAUCA,ARAUQUITA,Lunes,2:00,LAS PALMERAS,URBANA,VIAS PUBLICAS,NO REPORTADO,A PIE,BICICLETA,31,FEMENINO,SOLTERO,EDUCADOR,NO REPORTADA,SUPERIOR,COLOMBIA,"54,001,000",1
17/05/2011,CAQUETÁ,MILÁN,Martes,17:00,INSPOLICIA DE SAN ANTONIO DE GETUCHA,RURAL,FINCAS Y SIMILARES,NO REPORTADO,A PIE,VEHICULO,21,MASCULINO,UNION LIBRE,EMPLEADO PARTICULAR,NO REPORTADA,SECUNDARIA,COLOMBIA,"85,001,000",1
18/05/2011,NARIÑO,TÚQUERRES,Miércoles,10:00,-,RURAL,FINCAS Y SIMILARES,ARMA BLANCA / CORTOPUNZANTE,A PIE,A PIE,39,MASCULINO,CASADO,GANADERO,NO REPORTADA,PRIMARIA,COLOMBIA,"15,176,000",1
18/05/2011,VALLE,BUENAVENTURA,Miércoles,11:30,MURO YUSTI,URBANA,PUENTE,ARMA BLANCA / CORTOPUNZANTE,A PIE,A PIE,18,MASCULINO,SOLTERO,EMPLEADO PARTICULAR,NO REPORTADA,SECUNDARIA,COLOMBIA,"68,397,000",1
18/05/2011,HUILA,PALERMO,Miércoles,3:00,-,RURAL,FINCAS Y SIMILARES,ARMA BLANCA / CORTOPUNZANTE,VEHICULO,CONDUCTOR MOTOCICLETA,61,MASCULINO,CASADO,AGRICULTOR,NO REPORTADA,SECUNDARIA,COLOMBIA,"11,001,000",1
18/05/2011,HUILA,PALERMO,Miércoles,3:00,-,RURAL,FINCAS Y SIMILARES,ARMA BLANCA / CORTOPUNZANTE,A PIE,VEHICULO,29,MASCULINO,CASADO,EMPLEADO PARTICULAR,INGENIERO AGRONOMO,SUPERIOR,COLOMBIA,"76,520,000",1
19/05/2011,ARAUCA,ARAUQUITA,Jueves,7:30,VEREDA EL TRONCAL,RURAL,FINCAS Y SIMILARES,NO REPORTADO,VEHICULO,VEHICULO,43,MASCULINO,SOLTERO,EMPLEADO PARTICULAR,NO REPORTADA,SECUNDARIA,COLOMBIA,"15,104,000",1
19/05/2011,CAQUETÁ,SOLITA,Jueves,17:00,VDA.  NUEVO RETIRO,RURAL,FINCAS Y SIMILARES,NO REPORTADA,NO REPORTADA,NO REPORTADA,7,FEMENINO,SOLTERO,ESTUDIANTE,NO REPORTADA,PRIMARIA,COLOMBIA,"81,001,000",1
19/05/2011,GUAJIRA,MAICAO,Jueves,17:15,EL CARMEN,URBANA,FRENTE A RESIDENCIAS NO REPORTADA VIA PUBLICA,ARMA BLANCA / CORTOPUNZANTE,A PIE,VEHICULO,36,MASCULINO,CASADO,COMERCIANTE,NO REPORTADA,SECUNDARIA,COLOMBIA,"11,001,000",1
20/05/2011,ANTIOQUIA,MEDELLÍN (CT),Viernes,14:00,ARANJUEZ  C-4,URBANA,CASAS DE HABITACION,ARMA BLANCA / CORTOPUNZANTE,A PIE,A PIE,23,MASCULINO,SOLTERO,EMPLEADO PARTICULAR,NO REPORTADA,SECUNDARIA,COLOMBIA,"66,001,000",1
20/05/2011,VALLE,CALI (CT),Viernes,20:00,DIAMANTE E13,URBANA,VIAS PUBLICAS,NO REPORTADO,A PIE,A PIE,31,MASCULINO,CASADO,COMERCIANTE,NO REPORTADA,SECUNDARIA,COLOMBIA,"11,001,000",1
21/05/2011,NARIÑO,NARIÑO,Sábado,12:30,EL CHORRILLO,RURAL,FINCAS Y SIMILARES,NO REPORTADO,NO REPORTADA,NO REPORTADA,47,MASCULINO,CASADO,AGRICULTOR,NO REPORTADA,NO REPORTADA,COLOMBIA,"76,109,000",1
22/05/2011,CAQUETÁ,FLORENCIA (CT),Domingo,11:30,LA LIBERTAD,URBANA,VIAS PUBLICAS,NO REPORTADO,A PIE,A PIE,16,FEMENINO,SOLTERO,ESTUDIANTE,NO REPORTADA,SECUNDARIA,COLOMBIA,"81,001,000",1
22/05/2011,CAQUETÁ,FLORENCIA (CT),Domingo,11:30,-,URBANA,VIAS PUBLICAS,ARMA BLANCA / CORTOPUNZANTE,A PIE,VEHICULO,34,FEMENINO,SOLTERO,AMA DE CASA,NO REPORTADA,SECUNDARIA,COLOMBIA,"85,001,000",1
23/05/2011,CALDAS,CHINCHINÁ,Lunes,12:00,LA ESPERANZA,URBANA,VIAS PUBLICAS,NO REPORTADO,A PIE,A PIE,15,FEMENINO,SOLTERO,ESTUDIANTE,NO REPORTADA,NO REPORTADA,COLOMBIA,"15,514,000",1
23/05/2011,NARIÑO,IPIALES,Lunes,7:15,-,URBANA,PUENTE,ARMA BLANCA / CORTOPUNZANTE,A PIE,VEHICULO,58,MASCULINO,CASADO,COMERCIANTE,NO REPORTADA,PRIMARIA,COLOMBIA,"11,001,000",1
25/05/2011,VALLE,PRADERA,Miércoles,14:00,-,RURAL,FINCAS Y SIMILARES,NO REPORTADO,NO REPORTADA,NO REPORTADA,60,MASCULINO,UNION LIBRE,COMERCIANTE,NO REPORTADA,PRIMARIA,COLOMBIA,"11,001,000",1
27/05/2011,CUNDINAMARCA,BOGOTÁ D.C. (CT),Viernes,11:30,SANTA LIBRADA E-5,URBANA,VIAS PUBLICAS,ARMA DE FUEGO,A PIE,A PIE,1,FEMENINO,SOLTERO,DESEMPLEADO,NO REPORTADA,ANALFABETA,COLOMBIA,"86,885,000",1
27/05/2011,NARIÑO,ALBÁN,Viernes,7:40,VEREDA FATIMA,RURAL,FINCAS Y SIMILARES,NO REPORTADO,NO REPORTADA,VEHICULO,48,MASCULINO,UNION LIBRE,POLITICO,NO REPORTADA,SECUNDARIA,COLOMBIA,"25,290,000",1
29/05/2011,NORTE DE SANTANDER,SALAZAR,Domingo,17:10,VEREDA LA LOMA,RURAL,FINCAS Y SIMILARES,ARMA BLANCA / CORTOPUNZANTE,VEHICULO,VEHICULO,57,MASCULINO,CASADO,EMPLEADO PARTICULAR,NO REPORTADA,SUPERIOR,COLOMBIA,"54,206,000",1
30/05/2011,VALLE,CALI (CT),Lunes,11:15,EL INGENIO E17,URBANA,VIAS PUBLICAS,NO REPORTADO,A PIE,PASAJERO TAXI,36,FEMENINO,UNION LIBRE,COMERCIANTE,NO REPORTADA,SECUNDARIA,COLOMBIA,"44,001,000",1
31/05/2011,CÓRDOBA,MONTELÍBANO,Martes,16:20,EL MIRADOR,URBANA,CASAS DE HABITACION,NO REPORTADO,A PIE,A PIE,0,FEMENINO,SOLTERO,NO REPORTA,NO REPORTADA,NO REPORTADA,COLOMBIA,"18,001,000",1
31/05/2011,PUTUMAYO,VALLE DEL GUAMUEZ,Martes,8:00,VDA. LA Y,RURAL,FINCAS Y SIMILARES,NO REPORTADO,A PIE,CONDUCTOR MOTOCICLETA,44,MASCULINO,UNION LIBRE,AGRICULTOR,NO REPORTADA,PRIMARIA,COLOMBIA,"76,109,000",1
31/05/2011,PUTUMAYO,VALLE DEL GUAMUEZ,Martes,8:00,VDA. LA Y,RURAL,FINCAS Y SIMILARES,ARMA BLANCA / CORTOPUNZANTE,VEHICULO,CONDUCTOR MOTOCICLETA,28,FEMENINO,UNION LIBRE,COMERCIANTE,NO REPORTADA,PRIMARIA,COLOMBIA,"81,794,000",1
31/05/2011,ARAUCA,ARAUCA (CT),Martes,8:50,-,URBANA,VIAS PUBLICAS,NO REPORTADO,A PIE,A PIE,59,FEMENINO,CASADO,AMA DE CASA,NO REPORTADA,SECUNDARIA,COLOMBIA,"17,777,000",1
01/06/2011 12:00:00 AM,ARAUCA,ARAUCA (CT),Miércoles,7:00,-,URBANA,PERIMETRO URBANO,NO REPORTADO,A PIE,A PIE,58,FEMENINO,CASADO,AMA DE CASA,NO REPORTADA,PRIMARIA,COLOMBIA,"17,777,000",1
02/06/2011 12:00:00 AM,META,EL CASTILLO,Jueves,10:00,VEREDA CAÑO DULCE,RURAL,FINCAS Y SIMILARES,ARMA BLANCA / CORTOPUNZANTE,CONDUCTOR MOTOCICLETA,CONDUCTOR TAXI,48,MASCULINO,UNION LIBRE,COMERCIANTE,NO REPORTADA,PRIMARIA,COLOMBIA,"76,001,000",1
02/06/2011 12:00:00 AM,META,EL CASTILLO,Jueves,10:00,VEREDA CAÑO DULCE,RURAL,FINCAS Y SIMILARES,ARMA BLANCA / CORTOPUNZANTE,VEHICULO,VEHICULO,62,MASCULINO,CASADO,COMERCIANTE,NO REPORTADA,NO REPORTADA,COLOMBIA,"47,980,000",1
03/06/2011 12:00:00 AM,SANTANDER,BUCARAMANGA (CT),Viernes,15:45,CENTRO,URBANA,FRENTE A ALMACEN NO REPORTADA VIA PUBLICA,ARMA BLANCA / CORTOPUNZANTE,A PIE,A PIE,23,MASCULINO,SOLTERO,ESTUDIANTE,NO REPORTADA,NO REPORTADA,COLOMBIA,"47,001,000",1
03/06/2011 12:00:00 AM,ANTIOQUIA,SANTA BÁRBARA,Viernes,19:00,-,RURAL,"HOTELES, RESIDENCIAS, Y SIMILARES.",ARMA BLANCA / CORTOPUNZANTE,VEHICULO,VEHICULO,63,MASCULINO,CASADO,PENSIONADO,NO REPORTADA,SECUNDARIA,COLOMBIA,"44,430,000",1
04/06/2011 12:00:00 AM,TOLIMA,IBAGUÉ (CT),Sábado,8:47,EL SALADO,RURAL,FINCAS Y SIMILARES,ARMA BLANCA / CORTOPUNZANTE,VEHICULO,A PIE,13,FEMENINO,SOLTERO,ESTUDIANTE,NO REPORTADA,SECUNDARIA,COLOMBIA,"54,099,000",1
04/06/2011 12:00:00 AM,GUAVIARE,EL RETORNO,Sábado,15:00,-,RURAL,FINCAS Y SIMILARES,ARMA BLANCA / CORTOPUNZANTE,VEHICULO,A PIE,45,MASCULINO,UNION LIBRE,COMERCIANTE,NO REPORTADA,NO REPORTADA,COLOMBIA,"85,001,000",1
05/06/2011 12:00:00 AM,ANTIOQUIA,ENVIGADO,Domingo,21:10,ZUÑIGA,URBANA,VIAS PUBLICAS,NO REPORTADO,NO REPORTADA,VEHICULO,13,FEMENINO,SOLTERO,ESTUDIANTE,NO REPORTADA,NO REPORTADA,COLOMBIA,"18,001,000",1
06/06/2011 12:00:00 AM,NARIÑO,LOS ANDES,Lunes,10:00,-,RURAL,FINCAS Y SIMILARES,ARMA BLANCA / CORTOPUNZANTE,VEHICULO,A PIE,36,MASCULINO,UNION LIBRE,COMERCIANTE,NO REPORTADA,NO REPORTADA,COLOMBIA,"81,794,000",1
06/06/2011 12:00:00 AM,CAUCA,GUAPI,Lunes,12:00,VEREDA LIMONES,RURAL,FINCAS Y SIMILARES,NO REPORTADO,A PIE,A PIE,42,MASCULINO,CASADO,COMERCIANTE,NO REPORTADA,NO REPORTADA,COLOMBIA,"15,599,000",1
08/06/2011 12:00:00 AM,RISARALDA,PEREIRA (CT),Miércoles,23:00,VDA. LA BELLA,RURAL,FINCAS Y SIMILARES,NO REPORTADO,A PIE,A PIE,19,MASCULINO,SOLTERO,ESTUDIANTE,NO REPORTADA,SECUNDARIA,COLOMBIA,"15,001,000",1
08/06/2011 12:00:00 AM,CAQUETÁ,SAN VICENTE DEL CAGUÁN,Miércoles,13:10,VIA VDA. LOS POZOS,RURAL,FINCAS Y SIMILARES,NO REPORTADO,A PIE,A PIE,45,MASCULINO,NO REPORTA,EMPLEADO PARTICULAR,NO REPORTADA,SUPERIOR,CHINA,"76,122,000",1
08/06/2011 12:00:00 AM,CAQUETÁ,SAN VICENTE DEL CAGUÁN,Miércoles,13:10,VIA VDA. LOS POZOS,RURAL,FINCAS Y SIMILARES,ARMA BLANCA / CORTOPUNZANTE,A PIE,VEHICULO,23,MASCULINO,NO REPORTA,EMPLEADO PARTICULAR,NO REPORTADA,SUPERIOR,CHINA,"44,090,000",1
08/06/2011 12:00:00 AM,CAQUETÁ,SAN VICENTE DEL CAGUÁN,Miércoles,13:10,VIA VDA. LOS POZOS,RURAL,FINCAS Y SIMILARES,ARMA BLANCA / CORTOPUNZANTE,A PIE,VEHICULO,26,MASCULINO,NO REPORTA,EMPLEADO PARTICULAR,NO REPORTADA,NO REPORTADA,CHINA,"76,001,000",1
08/06/2011 12:00:00 AM,CAQUETÁ,SAN VICENTE DEL CAGUÁN,Miércoles,13:10,VIA VDA. LOS POZOS,RURAL,FINCAS Y SIMILARES,ARMA BLANCA / CORTOPUNZANTE,A PIE,VEHICULO,35,MASCULINO,NO REPORTA,EMPLEADO PARTICULAR,NO REPORTADA,SUPERIOR,CHINA,"54,172,000",1
09/06/2011 12:00:00 AM,GUAJIRA,MAICAO,Jueves,18:45,-,URBANA,VIAS PUBLICAS,ARMA BLANCA / CORTOPUNZANTE,A PIE,VEHICULO,55,MASCULINO,CASADO,COMERCIANTE,NO REPORTADA,SECUNDARIA,COLOMBIA,"54,172,000",1
09/06/2011 12:00:00 AM,VALLE,PRADERA,Jueves,17:00,CGTO POTRERILLO.,RURAL,FINCAS Y SIMILARES,ARMA BLANCA / CORTOPUNZANTE,A PIE,VEHICULO,36,MASCULINO,UNION LIBRE,EMPLEADO PARTICULAR,NO REPORTADA,NO REPORTADA,COLOMBIA,"54,172,000",1
10/06/2011 12:00:00 AM,BOYACÁ,PAJARITO,Viernes,1:30,VDA.HUERTA VIEJA,RURAL,FINCAS Y SIMILARES,ARMA BLANCA / CORTOPUNZANTE,A PIE,A PIE,47,MASCULINO,CASADO,EMPLEADO PARTICULAR,NO REPORTADA,SUPERIOR,COLOMBIA,"54,001,000",1
10/06/2011 12:00:00 AM,ATLÁNTICO,BARRANQUILLA (CT),Viernes,20:00,REBOLO,URBANA,VIAS PUBLICAS,NO REPORTADO,A PIE,VEHICULO,52,MASCULINO,CASADO,COMERCIANTE,NO REPORTADA,PRIMARIA,COLOMBIA,"85,001,000",1
10/06/2011 12:00:00 AM,NARIÑO,PASTO (CT),Viernes,22:00,CATAMBUCO CENTRO,RURAL,FINCAS Y SIMILARES,ARMA BLANCA / CORTOPUNZANTE,A PIE,NO REPORTADA,63,MASCULINO,SOLTERO,EDUCADOR,LICENCIADO,SUPERIOR,COLOMBIA,"20,517,000",1
12/06/2011 12:00:00 AM,ANTIOQUIA,MEDELLÍN (CT),Domingo,8:00,-,URBANA,VIAS PUBLICAS,ARMA BLANCA / CORTOPUNZANTE,A PIE,A PIE,28,MASCULINO,SOLTERO,COMERCIANTE,NO REPORTADA,SECUNDARIA,COLOMBIA,"76,001,000",1
12/06/2011 12:00:00 AM,ANTIOQUIA,MEDELLÍN (CT),Domingo,10:00,-,URBANA,VIAS PUBLICAS,ARMA BLANCA / CORTOPUNZANTE,A PIE,A PIE,37,MASCULINO,UNION LIBRE,COMERCIANTE,NO REPORTADA,NO REPORTADA,COLOMBIA,"44,001,000",1
12/06/2011 12:00:00 AM,VALLE,CALI (CT),Domingo,15:00,PASO DEL COMERCIO E6,URBANA,VIAS PUBLICAS,ARMA BLANCA / CORTOPUNZANTE,A PIE,VEHICULO,42,MASCULINO,CASADO,COMERCIANTE,NO REPORTADA,SECUNDARIA,COLOMBIA,"85,440,000",1
13/06/2011,ARAUCA,SARAVENA,Lunes,16:15,VEREDA TRES ESQUINAS,RURAL,FINCAS Y SIMILARES,ARMA BLANCA / CORTOPUNZANTE,A PIE,VEHICULO,NO REPORTADA,MASCULINO,CASADO,EMPLEADO PARTICULAR,NO REPORTADA,SECUNDARIA,COLOMBIA,"85,440,000",1
14/06/2011,CALDAS,RIOSUCIO,Martes,15:00,SALIDA SUPIA,RURAL,FINCAS Y SIMILARES,ARMA BLANCA / CORTOPUNZANTE,A PIE,VEHICULO,67,MASCULINO,CASADO,COMERCIANTE,NO REPORTADA,NO REPORTADA,COLOMBIA,"85,440,000",1
16/06/2011,ANTIOQUIA,SONSON,Jueves,19:30,SAN FRANCISCO,RURAL,FINCAS Y SIMILARES,NO REPORTADO,A PIE,VEHICULO,31,MASCULINO,UNION LIBRE,AGRICULTOR,NO REPORTADA,NO REPORTADA,COLOMBIA,"19,001,000",1
16/06/2011,ANTIOQUIA,SONSON,Jueves,19:30,SAN FRANCISCO,RURAL,FINCAS Y SIMILARES,NO REPORTADO,A PIE,VEHICULO,33,MASCULINO,UNION LIBRE,AGRICULTOR,NO REPORTADA,NO REPORTADA,COLOMBIA,"19,001,000",1
19/06/2011,META,SAN JUAN DE ARAMA,Domingo,10:00,VEREDA COSTA RICA,RURAL,FINCAS Y SIMILARES,ARMA BLANCA / CORTOPUNZANTE,CONDUCTOR TAXI,CONDUCTOR TAXI,42,MASCULINO,UNION LIBRE,POLITICO,MEDICO,SUPERIOR,COLOMBIA,"11,001,000",1
19/06/2011,NARIÑO,MALLAMA,Domingo,10:30,-,RURAL,FINCAS Y SIMILARES,ARMA BLANCA / CORTOPUNZANTE,VEHICULO,A PIE,58,MASCULINO,CASADO,COMERCIANTE,NO REPORTADA,SECUNDARIA,COLOMBIA,"41,524,000",1
20/06/2011,CUNDINAMARCA,BOGOTÁ D.C. (CT),Lunes,18:00,LA ESMERALDA E-13,URBANA,ESTACIONES DE SERVICIO,NO REPORTADO,VEHICULO,NO REPORTADA,36,MASCULINO,CASADO,EMPLEADO PARTICULAR,NO REPORTADA,TECNICO,COLOMBIA,"20,710,000",1
24/06/2011,VALLE,CALI (CT),Viernes,14:00,-,URBANA,VIAS PUBLICAS,ARMA BLANCA / CORTOPUNZANTE,CONDUCTOR TAXI,CONDUCTOR TAXI,15,MASCULINO,SOLTERO,ESTUDIANTE,NO REPORTADA,NO REPORTADA,COLOMBIA,"11,001,000",1
25/06/2011,PUTUMAYO,VALLE DEL GUAMUEZ,Sábado,11:30,VDA. LAS DELICIAS,RURAL,FINCAS Y SIMILARES,ARMA BLANCA / CORTOPUNZANTE,CONDUCTOR TAXI,A PIE,74,MASCULINO,CASADO,DESEMPLEADO,NO REPORTADA,NO REPORTADA,COLOMBIA,"15,759,000",1
30/06/2011,PUTUMAYO,PUERTO ASÍS,Jueves,13:20,VDA. SANTA MARIA,RURAL,FINCAS Y SIMILARES,NO REPORTADO,A PIE,A PIE,28,FEMENINO,UNION LIBRE,COMERCIANTE,NO REPORTADA,PRIMARIA,COLOMBIA,"81,736,000",1
30/06/2011,HUILA,PITALITO,Jueves,20:30,-,RURAL,VIAS PUBLICAS,ARMA BLANCA / CORTOPUNZANTE,VEHICULO,A PIE,34,MASCULINO,UNION LIBRE,AGRICULTOR,NO REPORTADA,SECUNDARIA,COLOMBIA,"81,736,000",1
02/07/2011 12:00:00 AM,ANTIOQUIA,SAN JERÓNIMO,Sábado,12:30,LETICIA,URBANA,FRUTERIA,ARMA DE FUEGO,NO REPORTADA,VEHICULO,25,MASCULINO,SOLTERO,EMPLEADO EJERCITO,NO REPORTADA,SECUNDARIA,COLOMBIA,"19,050,000",1
04/07/2011 12:00:00 AM,META,MESETAS,Lunes,16:20,VDA LA GUAJIRA,RURAL,FINCAS Y SIMILARES,ARMA DE FUEGO,NO REPORTADA,VEHICULO,34,FEMENINO,CASADO,COMERCIANTE,NO REPORTADA,SECUNDARIA,COLOMBIA,"19,050,000",1
05/07/2011 12:00:00 AM,ANTIOQUIA,SABANALARGA,Martes,8:05,-,URBANA,HOSPITALES,NO REPORTADO,A PIE,A PIE,39,FEMENINO,SOLTERO,EMPLEADO PARTICULAR,NO REPORTADA,SECUNDARIA,COLOMBIA,"8,001,000",1
05/07/2011 12:00:00 AM,CUNDINAMARCA,SASAIMA,Martes,10:00,CENTRO,URBANA,VIAS PUBLICAS,ARMA BLANCA / CORTOPUNZANTE,A PIE,A PIE,62,FEMENINO,CASADO,AMA DE CASA,NO REPORTADA,SECUNDARIA,COLOMBIA,"5,318,000",1
05/07/2011 12:00:00 AM,CUNDINAMARCA,SASAIMA,Martes,10:00,CENTRO,URBANA,VIAS PUBLICAS,NO REPORTADO,A PIE,A PIE,59,MASCULINO,SEPARADO,EMPLEADO PARTICULAR,NO REPORTADA,SECUNDARIA,COLOMBIA,"85,010,000",1
05/07/2011 12:00:00 AM,CUNDINAMARCA,SASAIMA,Martes,10:00,CENTRO,URBANA,VIAS PUBLICAS,NO REPORTADO,VEHICULO,CONDUCTOR MOTOCICLETA,59,MASCULINO,CASADO,EMPLEADO PARTICULAR,NO REPORTADA,SUPERIOR,COLOMBIA,"81,001,000",1
06/07/2011 12:00:00 AM,GUAJIRA,URIBIA,Miércoles,20:30,EDUARDO ABUSHAIBE OCHOA,RURAL,FINCAS Y SIMILARES,NO REPORTADO,A PIE,CONDUCTOR MOTOCICLETA,66,MASCULINO,VIUDO,EMPLEADO PARTICULAR,NO REPORTADA,PRIMARIA,COLOMBIA,"73,030,000",1
08/07/2011 12:00:00 AM,META,VILLAVICENCIO (CT),Viernes,13:00,RELIQUIA,URBANA,CONSULTORIOS  ODONTOLOGICOS,NO REPORTADO,A PIE,A PIE,3,MASCULINO,SOLTERO,NO REPORTA,NO REPORTADA,NO REPORTADA,COLOMBIA,"11,001,000",1
09/07/2011 12:00:00 AM,ARAUCA,TAME,Sábado,22:00,VEREDA EL CERRITO,RURAL,FINCAS Y SIMILARES,NO REPORTADO,NO REPORTADA,NO REPORTADA,18,MASCULINO,SOLTERO,ESTUDIANTE,NO REPORTADA,SUPERIOR,COLOMBIA,"54,405,000",1
11/07/2011 12:00:00 AM,TOLIMA,GUAMO,Lunes,16:00,IFA,RURAL,NO DEFINIDO,NO REPORTADO,A PIE,A PIE,11,FEMENINO,SOLTERO,ESTUDIANTE,NO REPORTADA,PRIMARIA,COLOMBIA,"5,360,000",1
11/07/2011 12:00:00 AM,CAUCA,POPAYÁN (CT),Lunes,18:00,-,URBANA,VIAS PUBLICAS,NO REPORTADO,VEHICULO,A PIE,57,MASCULINO,CASADO,COMERCIANTE,NO REPORTADA,PRIMARIA,COLOMBIA,"41,551,000",1
12/07/2011 12:00:00 AM,ANTIOQUIA,PUERTO BERRÍO,Martes,5:00,-,URBANA,VIAS PUBLICAS,ARMA BLANCA / CORTOPUNZANTE,VEHICULO,A PIE,28,MASCULINO,SOLTERO,COMERCIANTE,NO REPORTADA,NO REPORTADA,COLOMBIA,"81,794,000",1
12/07/2011 12:00:00 AM,ANTIOQUIA,PUERTO BERRÍO,Martes,5:00,-,URBANA,VIAS PUBLICAS,NO REPORTADO,A PIE,A PIE,41,MASCULINO,CASADO,COMERCIANTE,NO REPORTADA,SECUNDARIA,COLOMBIA,"47,001,000",1
12/07/2011 12:00:00 AM,NARIÑO,PASTO (CT),Martes,14:00,-,URBANA,VIAS PUBLICAS,ARMA BLANCA / CORTOPUNZANTE,VEHICULO,A PIE,47,MASCULINO,UNION LIBRE,POLITICO,NO REPORTADA,SECUNDARIA,COLOMBIA,"54,001,000",1
12/07/2011 12:00:00 AM,NARIÑO,PASTO (CT),Martes,14:00,-,URBANA,VIAS PUBLICAS,NO REPORTADO,A PIE,VEHICULO,42,MASCULINO,CASADO,POLITICO,NO REPORTADA,SECUNDARIA,COLOMBIA,"81,001,000",1
16/07/2011,CAUCA,SILVIA,Sábado,14:00,-,RURAL,FINCAS Y SIMILARES,NO REPORTADO,A PIE,A PIE,35,MASCULINO,UNION LIBRE,AGRICULTOR,NO REPORTADA,SECUNDARIA,COLOMBIA,"73,124,000",1
16/07/2011,CAUCA,SILVIA,Sábado,14:00,-,RURAL,FINCAS Y SIMILARES,ARMA BLANCA / CORTOPUNZANTE,VEHICULO,A PIE,26,MASCULINO,UNION LIBRE,EMPLEADO PARTICULAR,NO REPORTADA,SECUNDARIA,COLOMBIA,"99,524,000",1
17/07/2011,CASANARE,OROCUÉ,Domingo,6:00,NUEVA REFORMA,RURAL,FINCAS Y SIMILARES,ARMA BLANCA / CORTOPUNZANTE,VEHICULO,VEHICULO,20,MASCULINO,CASADO,EMPLEADO PARTICULAR,NO REPORTADA,PRIMARIA,COLOMBIA,"76,001,000",1
18/07/2011,CASANARE,YOPAL (CT),Lunes,21:30,TERMINAL TRANSPORTES,URBANA,TERMINAL DE TRANSPORTES,NO REPORTADO,A PIE,A PIE,45,MASCULINO,UNION LIBRE,EMPLEADO PARTICULAR,COMUNICADOR SOCIALNO REPORTADAPERIODISTA,SUPERIOR,COLOMBIA,"47,980,000",1
18/07/2011,CASANARE,TRINIDAD,Lunes,17:00,LA ESPERANZA,RURAL,FINCAS Y SIMILARES,NO REPORTADO,A PIE,A PIE,45,MASCULINO,CASADO,GANADERO,NO REPORTADA,PRIMARIA,COLOMBIA,"47,980,000",1
18/07/2011,CASANARE,TRINIDAD,Lunes,17:00,LA ESPERANZA,RURAL,FINCAS Y SIMILARES,ARMA BLANCA / CORTOPUNZANTE,A PIE,CONDUCTOR TAXI,45,MASCULINO,DIVORCIADO,GANADERO,NO REPORTADA,PRIMARIA,COLOMBIA,"11,001,000",1
21/07/2011,ANTIOQUIA,CAUCASIA,Jueves,6:00,-,URBANA,VIAS PUBLICAS,NO REPORTADO,A PIE,VEHICULO,47,MASCULINO,CASADO,COMERCIANTE,NO REPORTADA,NO REPORTADA,COLOMBIA,"25,019,000",1
21/07/2011,ANTIOQUIA,YARUMAL,Jueves,10:30,-,URBANA,VIAS PUBLICAS,NO REPORTADO,A PIE,A PIE,62,MASCULINO,CASADO,EMPLEADO PARTICULAR,NO REPORTADA,PRIMARIA,COLOMBIA,"15,176,000",1
23/07/2011,PUTUMAYO,ORITO,Sábado,11:00,VDA. LA TESALIA,RURAL,FINCAS Y SIMILARES,ARMA BLANCA / CORTOPUNZANTE,A PIE,A PIE,20,MASCULINO,SOLTERO,DEPORTISTA,NO REPORTADA,SECUNDARIA,COLOMBIA,"15,764,000",1
23/07/2011,ANTIOQUIA,MEDELLÍN (CT),Sábado,20:00,LOS COLORES C-11,URBANA,VIAS PUBLICAS,ARMA BLANCA / CORTOPUNZANTE,A PIE,A PIE,40,MASCULINO,SOLTERO,COMERCIANTE,NO REPORTADA,SUPERIOR,COLOMBIA,"15,764,000",1
24/07/2011,ANTIOQUIA,YOLOMBÓ,Domingo,12:00,-,RURAL,FINCAS Y SIMILARES,NO REPORTADA,A PIE,VEHICULO,40,MASCULINO,CASADO,AGRICULTOR,NO REPORTADA,NO REPORTADA,COLOMBIA,"44,430,000",1
25/07/2011,CAUCA,ALMAGUER,Lunes,19:00,VDA CHORRILLO,RURAL,FINCAS Y SIMILARES,NO REPORTADO,VEHICULO,A PIE,42,MASCULINO,CASADO,POLITICO,ABOGADO,SUPERIOR,COLOMBIA,"11,001,000",1
26/07/2011,BOLÍVAR,CARTAGENA (CT),Martes,17:15,EL SOCORRO,URBANA,VIAS PUBLICAS,ARMA BLANCA / CORTOPUNZANTE,CONDUCTOR TAXI,CONDUCTOR TAXI,0,FEMENINO,SOLTERO,NO REPORTA,NO REPORTADA,NO REPORTADA,COLOMBIA,"11,001,000",1
29/07/2011,ARAUCA,ARAUQUITA,Viernes,17:00,VEREDA LAS CRUCES,RURAL,FINCAS Y SIMILARES,ARMA BLANCA / CORTOPUNZANTE,CONDUCTOR TAXI,CONDUCTOR TAXI,47,MASCULINO,UNION LIBRE,EMPLEADO PARTICULAR,TECNICO ELECTRICO,TECNICO,COLOMBIA,"11,001,000",1
29/07/2011,ARAUCA,ARAUQUITA,Viernes,17:00,VEREDA LAS CRUCES,RURAL,FINCAS Y SIMILARES,NO REPORTADO,A PIE,VEHICULO,33,MASCULINO,UNION LIBRE,EMPLEADO PARTICULAR,NO REPORTADA,NO REPORTADA,COLOMBIA,"5,615,000",1
29/07/2011,ARAUCA,ARAUQUITA,Viernes,17:00,VEREDA LAS CRUCES,RURAL,FINCAS Y SIMILARES,ARMA BLANCA / CORTOPUNZANTE,VEHICULO,A PIE,35,MASCULINO,CASADO,EMPLEADO PARTICULAR,NO REPORTADA,SECUNDARIA,COLOMBIA,"76,834,000",1
29/07/2011,ARAUCA,ARAUQUITA,Viernes,17:00,VEREDA LAS CRUCES,RURAL,FINCAS Y SIMILARES,NO REPORTADO,CONDUCTOR TAXI,CONDUCTOR TAXI,34,MASCULINO,UNION LIBRE,EMPLEADO PARTICULAR,NO REPORTADA,TECNICO,COLOMBIA,"11,001,000",1
29/07/2011,ARAUCA,ARAUQUITA,Viernes,17:00,VEREDA LAS CRUCES,RURAL,FINCAS Y SIMILARES,ARMA BLANCA / CORTOPUNZANTE,CONDUCTOR MOTOCICLETA,CONDUCTOR MOTOCICLETA,24,MASCULINO,SOLTERO,EMPLEADO PARTICULAR,NO REPORTADA,SECUNDARIA,COLOMBIA,"81,794,000",1
01/08/2011 12:00:00 AM,NARIÑO,POLICARPA,Lunes,10:35,CORREGIMIENTO  REMOLINO,RURAL,FINCAS Y SIMILARES,ARMA BLANCA / CORTOPUNZANTE,A PIE,A PIE,29,MASCULINO,SOLTERO,EMPLEADO SALUD,TECNOLOGO EN SANEAMIENTO DE SALUD,TECNOLOGO,COLOMBIA,"11,001,000",1
03/08/2011 12:00:00 AM,NORTE DE SANTANDER,EL ZULIA,Miércoles,20:00,BARRIO EL CENTRO,RURAL,VIAS PUBLICAS,ARMA BLANCA / CORTOPUNZANTE,A PIE,CONDUCTOR TAXI,35,MASCULINO,SOLTERO,COMERCIANTE,NO REPORTADA,SECUNDARIA,COLOMBIA,"11,001,000",1
03/08/2011 12:00:00 AM,NORTE DE SANTANDER,EL ZULIA,Miércoles,20:00,BARRIO EL CENTRO,RURAL,VIAS PUBLICAS,ARMA BLANCA / CORTOPUNZANTE,A PIE,A PIE,47,MASCULINO,UNION LIBRE,EMPLEADO PARTICULAR,PUBLICISTA,SUPERIOR,COLOMBIA,"15,176,000",1
05/08/2011 12:00:00 AM,BOLÍVAR,CARTAGENA (CT),Viernes,7:30,OLAYA HERRERA,URBANA,VIAS PUBLICAS,ARMA BLANCA / CORTOPUNZANTE,A PIE,A PIE,7,FEMENINO,SOLTERO,ESTUDIANTE,NO REPORTADA,NO REPORTADA,COLOMBIA,"15,176,000",1
06/08/2011 12:00:00 AM,META,VISTAHERMOSA,Sábado,8:30,-,RURAL,FINCAS Y SIMILARES,ARMA BLANCA / CORTOPUNZANTE,A PIE,A PIE,23,MASCULINO,UNION LIBRE,EMPLEADO PARTICULAR,NO REPORTADA,NO REPORTADA,COLOMBIA,"15,176,000",1
06/08/2011 12:00:00 AM,META,VISTAHERMOSA,Sábado,8:30,-,RURAL,FINCAS Y SIMILARES,ARMA BLANCA / CORTOPUNZANTE,A PIE,A PIE,21,MASCULINO,SOLTERO,EMPLEADO PARTICULAR,NO REPORTADA,NO REPORTADA,COLOMBIA,"15,176,000",1
06/08/2011 12:00:00 AM,CAUCA,SANTANDER DE QUILICHAO,Sábado,22:00,EL LIBERTADOR,URBANA,FRENTE A RESIDENCIAS NO REPORTADA VIA PUBLICA,ARMA BLANCA / CORTOPUNZANTE,A PIE,A PIE,50,FEMENINO,UNION LIBRE,COMERCIANTE,NO REPORTADA,SECUNDARIA,COLOMBIA,"15,176,000",1
07/08/2011 12:00:00 AM,NARIÑO,TÚQUERRES,Domingo,7:40,VEREDA GUAYAQUILA,RURAL,FINCAS Y SIMILARES,ARMA BLANCA / CORTOPUNZANTE,A PIE,A PIE,43,MASCULINO,SOLTERO,AGRICULTOR,NO REPORTADA,NO REPORTADA,COLOMBIA,"15,176,000",1
10/08/2011 12:00:00 AM,VALLE,TULUÁ,Miércoles,3:30,Cgto El Picacho,RURAL,FINCAS Y SIMILARES,NO REPORTADO,A PIE,A PIE,40,MASCULINO,UNION LIBRE,EMPLEADO PARTICULAR,NO REPORTADA,PRIMARIA,COLOMBIA,"73,001,000",1
11/08/2011 12:00:00 AM,RISARALDA,PEREIRA (CT),Jueves,14:00,LA VICTORIA,URBANA,CENTRO COMERCIAL,NO REPORTADO,A PIE,A PIE,25,MASCULINO,SOLTERO,EMPLEADO PARTICULAR,INGENIERO AGRONOMO,SUPERIOR,COLOMBIA,"8,001,000",1
13/08/2011,VALLE,CALI (CT),Sábado,13:00,GUAYAQUIL E9,URBANA,VIAS PUBLICAS,NO REPORTADO,A PIE,VEHICULO,42,MASCULINO,UNION LIBRE,COMERCIANTE,NO REPORTADA,SECUNDARIA,COLOMBIA,"11,001,000",1
13/08/2011,VALLE,CALI (CT),Sábado,13:00,GUAYAQUIL E9,URBANA,VIAS PUBLICAS,NO REPORTADO,CONDUCTOR MOTOCICLETA,VEHICULO,22,MASCULINO,SOLTERO,EMPLEADO PARTICULAR,NO REPORTADA,SECUNDARIA,COLOMBIA,"5,001,000",1
14/08/2011,CUNDINAMARCA,MANTA,Domingo,2:00,-,URBANA,PARQUES,NO REPORTADA,NO REPORTADA,A PIE,22,MASCULINO,SOLTERO,ESTUDIANTE,NO REPORTADA,SECUNDARIA,COLOMBIA,"50,568,000",1
15/08/2011,CHOCÓ,BAGADÓ,Lunes,20:00,-,RURAL,VIAS PUBLICAS,NO REPORTADA,NO REPORTADA,A PIE,50,MASCULINO,CASADO,EMPLEADO PARTICULAR,NO REPORTADA,SECUNDARIA,COLOMBIA,"50,568,000",1
17/08/2011,ANTIOQUIA,ITAGUI,Miércoles,9:15,-,URBANA,VIAS PUBLICAS,NO REPORTADA,NO REPORTADA,A PIE,18,MASCULINO,SOLTERO,ESTUDIANTE,NO REPORTADA,PRIMARIA,COLOMBIA,"50,568,000",1
17/08/2011,VALLE,CALI (CT),Miércoles,10:00,DEPARTAMENTAL E10,URBANA,VIAS PUBLICAS,ARMA BLANCA / CORTOPUNZANTE,VEHICULO,A PIE,44,FEMENINO,SOLTERO,EDUCADOR,NO REPORTADA,SUPERIOR,COLOMBIA,"52,699,000",1
17/08/2011,SANTANDER,BARRANCABERMEJA,Miércoles,10:30,EL LLANITO,RURAL,FINCAS Y SIMILARES,NO REPORTADO,A PIE,A PIE,29,MASCULINO,UNION LIBRE,EMPLEADO PARTICULAR,NO REPORTADA,TECNOLOGO,COLOMBIA,"17,001,000",1
17/08/2011,SANTANDER,BARRANCABERMEJA,Miércoles,10:30,EL LLANITO,RURAL,FINCAS Y SIMILARES,NO REPORTADA,A PIE,A PIE,38,MASCULINO,UNION LIBRE,EMPLEADO PARTICULAR,NO REPORTADA,TECNOLOGO,COLOMBIA,"54,261,000",1
17/08/2011,SANTANDER,BARRANCABERMEJA,Miércoles,10:30,EL LLANITO,RURAL,FINCAS Y SIMILARES,NO REPORTADO,A PIE,CONDUCTOR TAXI,34,MASCULINO,UNION LIBRE,EMPLEADO PARTICULAR,NO REPORTADA,TECNOLOGO,COLOMBIA,"76,109,000",1
19/08/2011,CUNDINAMARCA,BOGOTÁ D.C. (CT),Viernes,23:45,CASA DE TEJA E-19,URBANA,VIAS PUBLICAS,ARMA BLANCA / CORTOPUNZANTE,PASAJERO BUS,A PIE,32,MASCULINO,UNION LIBRE,EMPLEADO PARTICULAR,NO REPORTADA,SECUNDARIA,COLOMBIA,"81,794,000",1
20/08/2011,MAGDALENA,SANTA MARTA (CT),Sábado,16:00,RODADERO TRADICIONAL,URBANA,VIAS PUBLICAS,ARMA BLANCA / CORTOPUNZANTE,PASAJERO BUS,A PIE,68,MASCULINO,SOLTERO,PENSIONADO,NO REPORTADA,SECUNDARIA,HOLANDA,"81,794,000",1
21/08/2011,CUNDINAMARCA,SILVANIA,Domingo,2:00,-,URBANA,VIAS PUBLICAS,ARMA BLANCA / CORTOPUNZANTE,PASAJERO BUS,A PIE,45,MASCULINO,CASADO,EMPLEADO PARTICULAR,ABOGADO,SUPERIOR,COLOMBIA,"81,794,000",1
22/08/2011,ANTIOQUIA,BELLO,Lunes,15:00,-,URBANA,VIAS PUBLICAS,ARMA BLANCA / CORTOPUNZANTE,PASAJERO BUS,A PIE,33,MASCULINO,UNION LIBRE,POLITICO,NO REPORTADA,SUPERIOR,COLOMBIA,"81,794,000",1
23/08/2011,CUNDINAMARCA,TENJO,Martes,15:30,VER.CARRASQUILLA,RURAL,FINCAS Y SIMILARES,ARMA BLANCA / CORTOPUNZANTE,PASAJERO BUS,A PIE,32,MASCULINO,UNION LIBRE,COMERCIANTE,NO REPORTADA,NO REPORTADA,COLOMBIA,"81,794,000",1
23/08/2011,VALLE,DAGUA,Martes,21:30,Corregimiento Borrero Ayerbe,RURAL,FINCAS Y SIMILARES,ARMA BLANCA / CORTOPUNZANTE,PASAJERO BUS,A PIE,65,FEMENINO,SOLTERO,EMPLEADO PARTICULAR,ABOGADO,SUPERIOR,COLOMBIA,"81,794,000",1
25/08/2011,META,VILLAVICENCIO (CT),Jueves,8:00,CENTRO,URBANA,VIAS PUBLICAS,ARMA BLANCA / CORTOPUNZANTE,PASAJERO BUS,A PIE,35,MASCULINO,CASADO,EMPLEADO PARTICULAR,NO REPORTADA,NO REPORTADA,COLOMBIA,"81,794,000",1
28/08/2011,NARIÑO,IPIALES,Domingo,10:00,-,RURAL,FINCAS Y SIMILARES,ARMA BLANCA / CORTOPUNZANTE,PASAJERO BUS,A PIE,0,FEMENINO,SOLTERO,NO REPORTA,NO REPORTADA,NO REPORTADA,COLOMBIA,"81,794,000",1
30/08/2011,NORTE DE SANTANDER,TEORAMA,Martes,10:00,-,RURAL,CEMENTERIO,ARMA BLANCA / CORTOPUNZANTE,PASAJERO BUS,A PIE,45,MASCULINO,CASADO,EMPLEADO PARTICULAR,NO REPORTADA,SECUNDARIA,NO REPORTADA,"81,794,000",1
30/08/2011,NORTE DE SANTANDER,TEORAMA,Martes,10:00,-,RURAL,CEMENTERIO,ARMA BLANCA / CORTOPUNZANTE,PASAJERO BUS,A PIE,28,MASCULINO,UNION LIBRE,EMPLEADO PARTICULAR,ECONOMISTA,SUPERIOR,COLOMBIA,"81,794,000",1
30/08/2011,NORTE DE SANTANDER,TEORAMA,Martes,10:00,-,RURAL,CEMENTERIO,ARMA BLANCA / CORTOPUNZANTE,PASAJERO BUS,A PIE,55,MASCULINO,UNION LIBRE,EMPLEADO PARTICULAR,NO REPORTADA,SECUNDARIA,COLOMBIA,"81,794,000",1
01/09/2011 12:00:00 AM,ANTIOQUIA,MEDELLÍN (CT),Jueves,16:30,DOCE DE OCTUBRE C-6,URBANA,CASAS DE HABITACION,NO REPORTADO,VEHICULO,VEHICULO,23,FEMENINO,SOLTERO,COMERCIANTE,NO REPORTADA,PRIMARIA,COLOMBIA,"11,001,000",1
01/09/2011 12:00:00 AM,META,VILLAVICENCIO (CT),Jueves,21:30,7 DE AGOSTO,URBANA,NO DEFINIDO,ARMA BLANCA / CORTOPUNZANTE,A PIE,VEHICULO,19,MASCULINO,SOLTERO,ESTUDIANTE,NO REPORTADA,SUPERIOR,COLOMBIA,"76,109,000",1
03/09/2011 12:00:00 AM,ANTIOQUIA,MEDELLÍN (CT),Sábado,13:00,MANRIQUE 1  C-4,URBANA,PARQUES,NO REPORTADA,VEHICULO,A PIE,25,MASCULINO,SOLTERO,EMPLEADO PARTICULAR,NO REPORTADA,SECUNDARIA,COLOMBIA,"11,001,000",1
09/09/2011 12:00:00 AM,CAUCA,POPAYÁN (CT),Viernes,20:00,LOMAS DE GRANADA 1,URBANA,VIAS PUBLICAS,NO REPORTADO,A PIE,A PIE,19,MASCULINO,SOLTERO,ESTUDIANTE,NO REPORTADA,NO REPORTADA,COLOMBIA,"15,759,000",1
10/09/2011 12:00:00 AM,VALLE,DAGUA,Sábado,7:30,Corregimiento Los Alpes,RURAL,FINCAS Y SIMILARES,ARMA BLANCA / CORTOPUNZANTE,A PIE,VEHICULO,43,MASCULINO,CASADO,EMPLEADO PARTICULAR,ADMINISTRADOR DE EMPRESAS,SUPERIOR,COLOMBIA,"44,430,000",1
11/09/2011 12:00:00 AM,VALLE,SEVILLA,Domingo,10:20,PUYANA,URBANA,VIAS PUBLICAS,NO REPORTADO,A PIE,VEHICULO,12,FEMENINO,SOLTERO,ESTUDIANTE,NO REPORTADA,SECUNDARIA,COLOMBIA,"44,001,000",1
12/09/2011 12:00:00 AM,ANTIOQUIA,MEDELLÍN (CT),Lunes,0:30,-,URBANA,PARQUEADERO,ARMA BLANCA / CORTOPUNZANTE,VEHICULO,CONDUCTOR MOTOCICLETA,24,MASCULINO,SOLTERO,EMPLEADO PARTICULAR,NO REPORTADA,SECUNDARIA,COLOMBIA,"81,736,000",1
12/09/2011 12:00:00 AM,CHOCÓ,BAGADÓ,Lunes,10:00,-,URBANA,VIAS PUBLICAS,ARMA BLANCA / CORTOPUNZANTE,NO REPORTADA,NO REPORTADA,26,MASCULINO,SOLTERO,ESTUDIANTE,NO REPORTADA,SUPERIOR,COLOMBIA,"20,295,000",1
14/09/2011,VALLE,CALI (CT),Miércoles,3:00,CANEY E17,URBANA,CASAS DE HABITACION,NO REPORTADO,A PIE,CONDUCTOR MOTOCICLETA,22,MASCULINO,SOLTERO,EMPLEADO PARTICULAR,ADMINISTRADOR DE EMPRESAS,SUPERIOR,COLOMBIA,"73,001,000",1
16/09/2011,ANTIOQUIA,SOPETRÁN,Viernes,13:20,JUNTAS,RURAL,FINCAS Y SIMILARES,NO REPORTADO,A PIE,A PIE,39,MASCULINO,SOLTERO,CANDIDATOS,NO REPORTADA,SECUNDARIA,COLOMBIA,"11,001,000",1
18/09/2011,ANTIOQUIA,SONSON,Domingo,21:30,-,URBANA,CASAS DE HABITACION,NO REPORTADO,NO REPORTADA,NO REPORTADA,53,MASCULINO,UNION LIBRE,COMERCIANTE,NO REPORTADA,NO REPORTADA,COLOMBIA,"11,001,000",1
19/09/2011,META,VILLAVICENCIO (CT),Lunes,10:00,-,URBANA,VIAS PUBLICAS,ARMA BLANCA / CORTOPUNZANTE,A PIE,A PIE,34,MASCULINO,SEPARADO,EMPLEADO PARTICULAR,NO REPORTADA,NO REPORTADA,COLOMBIA,"15,790,000",1
22/09/2011,CASANARE,MANÍ,Jueves,14:30,CORALIA,RURAL,FINCAS Y SIMILARES,NO REPORTADO,A PIE,CONDUCTOR TAXI,38,MASCULINO,CASADO,GANADERO,NO REPORTADA,SECUNDARIA,COLOMBIA,"11,001,000",1
26/09/2011,NARIÑO,SAN ANDRES DE TUMACO,Lunes,0:30,-,URBANA,VIAS PUBLICAS,NO REPORTADO,A PIE,VEHICULO,35,MASCULINO,SOLTERO,EMPLEADO PARTICULAR,INGENIERO INDUSTRIAL,SUPERIOR,COLOMBIA,"50,001,000",1
29/09/2011,ARAUCA,FORTUL,Jueves,6:45,12 DE OCTUBRE,URBANA,"COLEGIOS, ESCUELAS",NO REPORTADO,A PIE,A PIE,10,FEMENINO,SOLTERO,ESTUDIANTE,NO REPORTADA,PRIMARIA,COLOMBIA,"73,624,000",1
29/09/2011,VALLE,CALI (CT),Jueves,10:25,EL INGENIO E17,URBANA,FRENTE A RESIDENCIAS NO REPORTADA VIA PUBLICA,ARMA BLANCA / CORTOPUNZANTE,A PIE,A PIE,20,FEMENINO,SOLTERO,ESTUDIANTE,NO REPORTADA,SUPERIOR,COLOMBIA,"11,001,000",1
04/10/2011 12:00:00 AM,CASANARE,AGUAZUL,Martes,9:30,EL CHARTE,RURAL,CARRETERA,ARMA BLANCA / CORTOPUNZANTE,A PIE,CONDUCTOR TAXI,47,MASCULINO,CASADO,EMPLEADO PARTICULAR,NO REPORTADA,SUPERIOR,COLOMBIA,"11,001,000",1
04/10/2011 12:00:00 AM,CASANARE,AGUAZUL,Martes,9:30,EL CHARTE,RURAL,CARRETERA,NO REPORTADO,A PIE,CONDUCTOR TAXI,64,MASCULINO,NO REPORTADA,EMPLEADO PARTICULAR,NO REPORTADA,NO REPORTADA,COLOMBIA,"11,001,000",1
04/10/2011 12:00:00 AM,CASANARE,AGUAZUL,Martes,9:30,EL CHARTE,RURAL,CARRETERA,ARMA BLANCA / CORTOPUNZANTE,A PIE,VEHICULO,NO REPORTADA,MASCULINO,NO REPORTADA,EMPLEADO PARTICULAR,NO REPORTADA,NO REPORTADA,NO REPORTADA,"11,001,000",1
04/10/2011 12:00:00 AM,CASANARE,AGUAZUL,Martes,9:30,EL CHARTE,RURAL,CARRETERA,ARMA BLANCA / CORTOPUNZANTE,A PIE,BICICLETA,NO REPORTADA,MASCULINO,NO REPORTADA,EMPLEADO PARTICULAR,NO REPORTADA,NO REPORTADA,COLOMBIA,"15,131,000",1
05/10/2011 12:00:00 AM,HUILA,GARZÓN,Miércoles,12:30,VEREDA ZULUAGA,RURAL,FINCAS Y SIMILARES,NO REPORTADO,A PIE,A PIE,75,MASCULINO,CASADO,COMERCIANTE,NO REPORTADA,SECUNDARIA,COLOMBIA,"11,001,000",1
07/10/2011 12:00:00 AM,ARAUCA,ARAUCA (CT),Viernes,9:00,-,URBANA,FINCAS Y SIMILARES,ARMA DE FUEGO,VEHICULO,A PIE,69,MASCULINO,CASADO,EMPLEADO PARTICULAR,GEOLOGO,SUPERIOR,COLOMBIA,"76,001,000",1
08/10/2011 12:00:00 AM,VALLE,CALI (CT),Sábado,12:00,EL INGENIO E17,URBANA,VIAS PUBLICAS,NO REPORTADO,A PIE,A PIE,60,MASCULINO,CASADO,GANADERO,NO REPORTADA,SUPERIOR,COLOMBIA,"20,250,000",1
08/10/2011 12:00:00 AM,CAUCA,MERCADERES,Sábado,19:45,CASERIO MOJARRAS VIA PANAMERICANA,RURAL,FINCAS Y SIMILARES,ARMA BLANCA / CORTOPUNZANTE,A PIE,CONDUCTOR TAXI,24,MASCULINO,SOLTERO,ESTUDIANTE,NO REPORTADA,SUPERIOR,COLOMBIA,"11,001,000",1
11/10/2011 12:00:00 AM,VALLE,SAN PEDRO,Martes,20:00,-,RURAL,FINCAS Y SIMILARES,ARMA BLANCA / CORTOPUNZANTE,A PIE,CONDUCTOR TAXI,13,FEMENINO,SOLTERO,ESTUDIANTE,NO REPORTADA,PRIMARIA,COLOMBIA,"81,736,000",1
11/10/2011 12:00:00 AM,HUILA,NEIVA (CT),Martes,14:30,-,RURAL,FINCAS Y SIMILARES,NO REPORTADO,A PIE,A PIE,54,MASCULINO,CASADO,EMPLEADO PARTICULAR,NO REPORTADA,PRIMARIA,COLOMBIA,"8,001,000",1
12/10/2011 12:00:00 AM,CAUCA,ARGELIA,Miércoles,10:00,-,URBANA,"HOTELES, RESIDENCIAS, Y SIMILARES.",NO REPORTADO,A PIE,A PIE,37,MASCULINO,SOLTERO,EMPLEADO PARTICULAR,NO REPORTADA,SUPERIOR,COLOMBIA,"27,413,000",1
14/10/2011,CHOCÓ,RÍO IRO,Viernes,19:30,-,RURAL,FINCAS Y SIMILARES,ARMA BLANCA / CORTOPUNZANTE,A PIE,A PIE,54,MASCULINO,CASADO,EMPLEADO PARTICULAR,NO REPORTADA,SECUNDARIA,COLOMBIA,"27,413,000",1
17/10/2011,META,VILLAVICENCIO (CT),Lunes,19:30,-,URBANA,NO DEFINIDO,ARMA BLANCA / CORTOPUNZANTE,A PIE,A PIE,43,MASCULINO,DIVORCIADO,EMPLEADO PARTICULAR,NO REPORTADA,PRIMARIA,COLOMBIA,"52,110,000",1
01/11/2011 12:00:00 AM,VALLE,CALI (CT),Martes,7:14,SAN ANTONIO E3,URBANA,VIAS PUBLICAS,ESPOSAS,VEHICULO,VEHICULO,55,MASCULINO,CASADO,EMPLEADO PARTICULAR,ABOGADO,SUPERIOR,COLOMBIA,"76,001,000",1
02/11/2011 12:00:00 AM,CALDAS,PALESTINA,Miércoles,18:00,ARAUCA,RURAL,"BARES, CANTINAS Y SIMILARES",ARMA BLANCA / CORTOPUNZANTE,BICICLETA,VEHICULO,41,MASCULINO,UNION LIBRE,INDEPENDIENTE,NO REPORTADA,SECUNDARIA,HOLANDA,"44,847,000",1
02/11/2011 12:00:00 AM,NARIÑO,MALLAMA,Miércoles,19:00,-,RURAL,FINCAS Y SIMILARES,ARMA BLANCA / CORTOPUNZANTE,VEHICULO,A PIE,15,FEMENINO,SOLTERO,ESTUDIANTE,NO REPORTADA,NO REPORTADA,COLOMBIA,"27,787,000",1
02/11/2011 12:00:00 AM,NARIÑO,MALLAMA,Miércoles,19:00,-,RURAL,FINCAS Y SIMILARES,NO REPORTADO,A PIE,A PIE,74,FEMENINO,UNION LIBRE,AMA DE CASA,NO REPORTADA,PRIMARIA,COLOMBIA,"11,001,000",1
03/11/2011 12:00:00 AM,ANTIOQUIA,SABANETA,Jueves,23:00,-,URBANA,FINCAS Y SIMILARES,NO REPORTADO,A PIE,A PIE,51,MASCULINO,SOLTERO,COMERCIANTE,NO REPORTADA,SECUNDARIA,COLOMBIA,"11,001,000",1
09/11/2011 12:00:00 AM,CHOCÓ,TADÓ,Miércoles,12:20,-,RURAL,CARRETERA,NO REPORTADO,A PIE,A PIE,51,MASCULINO,SOLTERO,COMERCIANTE,NO REPORTADA,PRIMARIA,COLOMBIA,"76,670,000",1
09/11/2011 12:00:00 AM,CUNDINAMARCA,BOGOTÁ D.C. (CT),Miércoles,12:20,URB. EL TUNAL E-6,URBANA,FRENTE A COLEGIO NO REPORTADA VIA PUBLICA,ARMA BLANCA / CORTOPUNZANTE,VEHICULO,A PIE,NO REPORTADA,FEMENINO,SOLTERO,ESTUDIANTE,NO REPORTADA,SECUNDARIA,COLOMBIA,"85,010,000",1
09/11/2011 12:00:00 AM,CUNDINAMARCA,BOGOTÁ D.C. (CT),Miércoles,12:20,URB. EL TUNAL E-6,URBANA,FRENTE A COLEGIO NO REPORTADA VIA PUBLICA,NO REPORTADO,VEHICULO,VEHICULO,13,FEMENINO,SOLTERO,ESTUDIANTE,NO REPORTADA,SECUNDARIA,COLOMBIA,"85,139,000",1
09/11/2011 12:00:00 AM,VALLE,CALI (CT),Miércoles,17:30,-,URBANA,CENTRO COMERCIAL,ARMA DE FUEGO,A PIE,A PIE,30,MASCULINO,UNION LIBRE,COMERCIANTE,TECNOLOGO,TECNOLOGO,COLOMBIA,"5,756,000",1
11/11/2011 12:00:00 AM,VALLE,CALI (CT),Viernes,10:00,EL LIDO E19,URBANA,VIAS PUBLICAS,ARMA DE FUEGO,A PIE,A PIE,33,MASCULINO,UNION LIBRE,EMPLEADO PARTICULAR,NO REPORTADA,NO REPORTADA,ESPAÑA,"5,001,000",1
14/11/2011,GUAJIRA,URIBIA,Lunes,13:30,-,URBANA,VIAS PUBLICAS,NO REPORTADO,A PIE,A PIE,54,FEMENINO,CASADO,COMERCIANTE,NO REPORTADA,SECUNDARIA,COLOMBIA,"5,001,000",1
15/11/2011,VALLE,BUENAVENTURA,Martes,5:00,EL TRIUNFO,URBANA,VIAS PUBLICAS,NO REPORTADO,A PIE,A PIE,54,FEMENINO,UNION LIBRE,EMPLEADO PARTICULAR,NO REPORTADA,PRIMARIA,COLOMBIA,"52,356,000",1
19/11/2011,VALLE,GUADALAJARA DE BUGA,Sábado,23:00,-,RURAL,FINCAS Y SIMILARES,ARMA BLANCA / CORTOPUNZANTE,VEHICULO,A PIE,17,MASCULINO,SOLTERO,ESTUDIANTE,NO REPORTADA,PRIMARIA,COLOMBIA,"5,088,000",1
21/11/2011,NARIÑO,PASTO (CT),Lunes,14:00,-,URBANA,NO DEFINIDO,ARMA BLANCA / CORTOPUNZANTE,CONDUCTOR TAXI,A PIE,40,MASCULINO,CASADO,EMPLEADO PARTICULAR,NO REPORTADA,SECUNDARIA,COLOMBIA,"11,001,000",1
24/11/2011,TOLIMA,IBAGUÉ (CT),Jueves,11:00,-,URBANA,TERMINAL DE TRANSPORTES,NO REPORTADO,VEHICULO,VEHICULO,31,MASCULINO,UNION LIBRE,EMPLEADO PARTICULAR,NO REPORTADA,SECUNDARIA,COLOMBIA,"76,001,000",1
24/11/2011,TOLIMA,IBAGUÉ (CT),Jueves,11:00,-,URBANA,TERMINAL DE TRANSPORTES,NO REPORTADO,VEHICULO,VEHICULO,24,MASCULINO,SOLTERO,EMPLEADO PARTICULAR,NO REPORTADA,SECUNDARIA,COLOMBIA,"76,001,000",1
24/11/2011,NARIÑO,PASTO (CT),Jueves,13:00,NUEVA COLOMBIA,URBANA,VEHICULO,ARMA BLANCA / CORTOPUNZANTE,A PIE,A PIE,72,FEMENINO,VIUDO,COMERCIANTE,NO REPORTADA,PRIMARIA,COLOMBIA,"52,838,000",1
26/11/2011,ARAUCA,SARAVENA,Sábado,17:00,-,URBANA,VIAS PUBLICAS,ARMA BLANCA / CORTOPUNZANTE,A PIE,A PIE,27,FEMENINO,SOLTERO,EMPLEADO PARTICULAR,TRABAJADOR SOCIAL,SUPERIOR,COLOMBIA,"50,711,000",1
29/11/2011,ANTIOQUIA,MEDELLÍN (CT),Martes,5:00,CASTILLA C-5,URBANA,INTERIOR VEHICULO SERVICIO PUBLICO,ARMA BLANCA / CORTOPUNZANTE,A PIE,A PIE,31,MASCULINO,UNION LIBRE,EMPLEADO PARTICULAR,NO REPORTADA,PRIMARIA,COLOMBIA,"50,711,000",1
29/11/2011,CHOCÓ,QUIBDÓ (CT),Martes,10:00,EL REPOSO 02,URBANA,CASAS DE HABITACION,NO REPORTADO,A PIE,A PIE,11,MASCULINO,SOLTERO,ESTUDIANTE,NO REPORTADA,PRIMARIA,COLOMBIA,"13,001,000",1
29/11/2011,ANTIOQUIA,MEDELLÍN (CT),Martes,12:00,EL POBLADO C-14,URBANA,VIAS PUBLICAS,ARMA BLANCA / CORTOPUNZANTE,VEHICULO,A PIE,18,FEMENINO,SOLTERO,ESTUDIANTE,NO REPORTADA,SECUNDARIA,COLOMBIA,"81,065,000",1
29/11/2011,TOLIMA,LÉRIDA,Martes,16:00,-,URBANA,HOSPITALES,ARMA BLANCA / CORTOPUNZANTE,VEHICULO,A PIE,10,FEMENINO,SOLTERO,EMPLEADO PARTICULAR,NO REPORTADA,PRIMARIA,COLOMBIA,"81,065,000",1
30/11/2011,CHOCÓ,LLORÓ,Miércoles,17:00,-,URBANA,VIAS PUBLICAS,ARMA BLANCA / CORTOPUNZANTE,VEHICULO,A PIE,58,MASCULINO,CASADO,COMERCIANTE,NO REPORTADA,SECUNDARIA,COREA,"81,065,000",1
30/11/2011,CHOCÓ,LLORÓ,Miércoles,17:00,-,URBANA,VIAS PUBLICAS,ARMA BLANCA / CORTOPUNZANTE,VEHICULO,A PIE,38,MASCULINO,UNION LIBRE,COMERCIANTE,NO REPORTADA,SECUNDARIA,COLOMBIA,"81,065,000",1
30/11/2011,NARIÑO,BUESACO,Miércoles,19:00,CGTO SANTAMARIA,RURAL,FINCAS Y SIMILARES,ARMA BLANCA / CORTOPUNZANTE,VEHICULO,A PIE,78,FEMENINO,CASADO,AMA DE CASA,NO REPORTADA,PRIMARIA,COLOMBIA,"81,065,000",1
30/11/2011,VALLE,CALI (CT),Miércoles,21:35,CGTO LA VORAGINE E22,URBANA,SECTOR RESIDENCIAS,NO REPORTADO,A PIE,A PIE,47,MASCULINO,UNION LIBRE,EMPLEADO PARTICULAR,NO REPORTADA,SUPERIOR,COLOMBIA,"13,001,000",1
30/11/2011,NORTE DE SANTANDER,CONVENCIÓN,Miércoles,11:00,LLANO GRANDE,RURAL,VIAS PUBLICAS,ARMA BLANCA / CORTOPUNZANTE,VEHICULO,A PIE,11,MASCULINO,SOLTERO,EMPLEADO PARTICULAR,NO REPORTADA,PRIMARIA,COLOMBIA,"19,022,000",1
01/12/2011 12:00:00 AM,VALLE,CARTAGO,Jueves,18:00,LOS ALAMOS,URBANA,CASAS DE HABITACION,NO REPORTADO,A PIE,A PIE,68,MASCULINO,VIUDO,AMA DE CASA,NO REPORTADA,SECUNDARIA,COLOMBIA,"85,001,000",1
04/12/2011 12:00:00 AM,CAUCA,POPAYÁN (CT),Domingo,19:20,LA PAZ,URBANA,CASAS DE HABITACION,ARMA BLANCA / CORTOPUNZANTE,A PIE,A PIE,30,MASCULINO,SOLTERO,ESTUDIANTE,NO REPORTADA,NO REPORTADA,COLOMBIA,"85,230,000",1
15/12/2011,VALLE,CALI (CT),Jueves,9:30,CIUDAD 2000 E16,URBANA,VIAS PUBLICAS,ARMA BLANCA / CORTOPUNZANTE,CONDUCTOR MOTOCICLETA,A PIE,33,MASCULINO,UNION LIBRE,COMERCIANTE,NO REPORTADA,PRIMARIA,COLOMBIA,"19,743,000",1
18/12/2011,ATLÁNTICO,BARRANQUILLA (CT),Domingo,16:00,SANTO DOMINGO DE GUZMAN,URBANA,VIAS PUBLICAS,ARMA BLANCA / CORTOPUNZANTE,CONDUCTOR MOTOCICLETA,A PIE,0,MASCULINO,SOLTERO,NO REPORTA,NO REPORTADA,NO REPORTADA,COLOMBIA,"19,743,000",1
20/12/2011,NARIÑO,PUPIALES,Martes,6:30,VDA CALPUTAN,RURAL,FINCAS Y SIMILARES,NO REPORTADO,A PIE,A PIE,24,MASCULINO,SOLTERO,ESTUDIANTE,NO REPORTADA,NO REPORTADA,COLOMBIA,"73,319,000",1
22/12/2011,META,VISTAHERMOSA,Jueves,22:15,-,RURAL,FRENTE A DISCOTECAS,ARMA BLANCA / CORTOPUNZANTE,A PIE,VEHICULO,26,MASCULINO,UNION LIBRE,EMPLEADO PARTICULAR,INGENIERO CIVIL,SUPERIOR,COLOMBIA,"5,656,000",1
23/12/2011,NORTE DE SANTANDER,CÚCUTA (CT),Viernes,12:15,-,RURAL,CASAS DE HABITACION,ARMA BLANCA / CORTOPUNZANTE,VEHICULO,VEHICULO,68,MASCULINO,UNION LIBRE,EMPLEADO PARTICULAR,NO REPORTADA,PRIMARIA,COLOMBIA,"50,683,000",1
27/12/2011,ARAUCA,SARAVENA,Martes,11:30,COCHISE,URBANA,VIAS PUBLICAS,ARMA BLANCA / CORTOPUNZANTE,A PIE,A PIE,30,MASCULINO,CASADO,EMPLEADO PARTICULAR,NO REPORTADA,PRIMARIA,ECUADOR,"44,430,000",1
29/12/2011,VALLE,CALI (CT),Jueves,19:30,LOS GUADUALES E6,RURAL,FINCAS Y SIMILARES,ARMA BLANCA / CORTOPUNZANTE,A PIE,VEHICULO,38,MASCULINO,CASADO,EMPLEADO PARTICULAR,NO REPORTADA,NO REPORTADA,COLOMBIA,"66,001,000",1
29/12/2011,VALLE,CALI (CT),Jueves,19:30,LOS GUADUALES E6,RURAL,FINCAS Y SIMILARES,NO REPORTADO,VEHICULO,A PIE,21,FEMENINO,CASADO,ESTUDIANTE,NO REPORTADA,NO REPORTADA,COLOMBIA,"73,001,000",1
30/12/2011,VALLE,CALI (CT),Viernes,23:00,-,URBANA,DISCOTECAS,ARMA BLANCA / CORTOPUNZANTE,VEHICULO,A PIE,40,MASCULINO,UNION LIBRE,EMPLEADO PARTICULAR,NO REPORTADA,SECUNDARIA,COLOMBIA,"68,001,000",1
TOTAL,,,,,,,,,,,,,,,,,,,305
