﻿FECHA,DEPARTAMENTO,MUNICIPIO,DIA,HORA,BARRIO,ZONA ,CLASE DE SITIO ,ARMA O MEDIO,MOVIL VICTIMA ,MOVIL AGRESOR ,EDAD ,GENERO ,ESTADO CIVIL,CLASE EMPLEADO,PROFESION,ESCOLARIDAD,PAIS NACE,CODIGO DANE ,2014
03/01/2014 12:00:00 AM,CUNDINAMARCA,GIRARDOT,Viernes,15:30,MIRAFLORES,URBANA,ESTACIONES DE SERVICIO,ARMA BLANCA / CORTOPUNZANTE,A PIE,VEHICULO,25,FEMENINO,UNION LIBRE,EMPLEADO PARTICULAR,INGENIERO CIVIL,SUPERIOR,COLOMBIA,"81,065,000",1
04/01/2014 12:00:00 AM,RISARALDA,PEREIRA (CT),Sábado,15:00,LA ARENERA CAIMALITO,URBANA,CASAS DE HABITACION,ARMA BLANCA / CORTOPUNZANTE,A PIE,VEHICULO,28,MASCULINO,UNION LIBRE,EMPLEADO PARTICULAR,NO REPORTADA,SECUNDARIA,COLOMBIA,"81,065,000",1
09/01/2014 12:00:00 AM,NARIÑO,SAN ANDRES DE TUMACO,Jueves,19:01,SAN MARTIN,URBANA,BOMBA DE GASOLINA,ARMA BLANCA / CORTOPUNZANTE,A PIE,VEHICULO,35,FEMENINO,SOLTERO,COMERCIANTE,NO REPORTADA,SECUNDARIA,COLOMBIA,"18,592,000",1
10/01/2014 12:00:00 AM,NORTE DE SANTANDER,CONVENCIÓN,Viernes,16:15,BARRIO LA CADENA,RURAL,VIAS PUBLICAS,ARMA BLANCA / CORTOPUNZANTE,A PIE,A PIE,64,MASCULINO,DIVORCIADO,EMPLEADO PARTICULAR,INGENIERO CIVIL,SUPERIOR,COLOMBIA,"20,032,000",1
10/01/2014 12:00:00 AM,VALLE,CALI (CT),Viernes,7:00,VILLA DEL PRADO E5,URBANA,CASAS DE HABITACION,NO REPORTADO,A PIE,A PIE,25,MASCULINO,UNION LIBRE,COMERCIANTE,NO REPORTADA,TECNOLOGO,COLOMBIA,"76,001,000",1
11/01/2014 12:00:00 AM,CUNDINAMARCA,SOACHA,Sábado,19:00,LOS BALCANES,URBANA,VIAS PUBLICAS,NO REPORTADO,A PIE,VEHICULO,15,MASCULINO,SOLTERO,ESTUDIANTE,NO REPORTADA,SECUNDARIA,COLOMBIA,"18,753,000",1
13/01/2014,CUNDINAMARCA,BOGOTÁ D.C. (CT),Lunes,20:30,URB. LA ALQUERÍA E-16,URBANA,ESTACION TRANSMILENIO (INICIAL),ARMA BLANCA / CORTOPUNZANTE,A PIE,VEHICULO,44,MASCULINO,CASADO,COMERCIANTE,NO REPORTADA,SUPERIOR,COLOMBIA,"5,148,000",1
13/01/2014,VALLE,BUENAVENTURA,Lunes,11:00,LA PLAYITA,URBANA,VEHICULO,ARMA BLANCA / CORTOPUNZANTE,A PIE,VEHICULO,34,MASCULINO,UNION LIBRE,COMERCIANTE,TECNICO EN MERCADEO,TECNICO,COLOMBIA,"19,585,000",1
13/01/2014,VALLE,BUENAVENTURA,Lunes,11:00,LA PLAYITA,URBANA,VEHICULO,ARMA BLANCA / CORTOPUNZANTE,A PIE,VEHICULO,48,MASCULINO,SOLTERO,COMERCIANTE,NO REPORTADA,SECUNDARIA,COLOMBIA,"19,585,000",1
13/01/2014,NORTE DE SANTANDER,DURANIA,Lunes,16:00,VEREDA BUENAVISTA,RURAL,FINCAS Y SIMILARES,ARMA BLANCA / CORTOPUNZANTE,VEHICULO,A PIE,24,MASCULINO,UNION LIBRE,EMPLEADO PARTICULAR,NO REPORTADA,SECUNDARIA,COLOMBIA,"11,001,000",1
17/01/2014,TOLIMA,FLANDES,Viernes,11:45,VER.TOPACIO,RURAL,FINCAS Y SIMILARES,NO REPORTADO,CONDUCTOR MOTOCICLETA,VEHICULO,17,MASCULINO,SOLTERO,ESTUDIANTE,NO REPORTADA,SECUNDARIA,COLOMBIA,"81,794,000",1
17/01/2014,TOLIMA,FLANDES,Viernes,11:45,VER.TOPACIO,RURAL,FINCAS Y SIMILARES,NO REPORTADO,NO REPORTADA,NO REPORTADA,9,FEMENINO,SOLTERO,ESTUDIANTE,NO REPORTADA,PRIMARIA,COLOMBIA,"52,001,000",1
17/01/2014,TOLIMA,FLANDES,Viernes,11:45,VER.TOPACIO,RURAL,FINCAS Y SIMILARES,NO REPORTADO,A PIE,A PIE,44,MASCULINO,CASADO,EMPLEADO PARTICULAR,INGENIERO CIVIL,SUPERIOR,COLOMBIA,"85,001,000",1
17/01/2014,TOLIMA,FLANDES,Viernes,11:45,VER.TOPACIO,RURAL,FINCAS Y SIMILARES,ARMA BLANCA / CORTOPUNZANTE,VEHICULO,VEHICULO,37,MASCULINO,SOLTERO,EMPLEADO PARTICULAR,NO REPORTADA,SECUNDARIA,COLOMBIA,"54,003,000",1
17/01/2014,TOLIMA,FLANDES,Viernes,11:45,VER.TOPACIO,RURAL,FINCAS Y SIMILARES,ARMA BLANCA / CORTOPUNZANTE,VEHICULO,VEHICULO,34,MASCULINO,CASADO,EMPLEADO PARTICULAR,INGENIERO CIVIL,SUPERIOR,COLOMBIA,"25,645,000",1
17/01/2014,CESAR,CURUMANÍ,Viernes,16:00,VEREDA,RURAL,FINCAS Y SIMILARES,ARMA BLANCA / CORTOPUNZANTE,VEHICULO,VEHICULO,43,MASCULINO,SOLTERO,GANADERO,ADMINISTRADOR DE EMPRESAS,SUPERIOR,COLOMBIA,"25,645,000",1
18/01/2014,VALLE,CALI (CT),Sábado,21:00,EL PILOTO E3,URBANA,"HOTELES, RESIDENCIAS, Y SIMILARES.",ARMA BLANCA / CORTOPUNZANTE,VEHICULO,VEHICULO,55,MASCULINO,SOLTERO,EMPLEADO PARTICULAR,INGENIERO,SUPERIOR,NO REPORTADA,"25,645,000",1
20/01/2014,CUNDINAMARCA,BOGOTÁ D.C. (CT),Lunes,11:30,LAS AMERICAS E-8,URBANA,VEHICULO,ARMA BLANCA / CORTOPUNZANTE,A PIE,A PIE,48,FEMENINO,NO REPORTADA,COMERCIANTE,NO REPORTADA,SUPERIOR,COLOMBIA,"11,001,000",1
21/01/2014,CALDAS,CHINCHINÁ,Martes,22:00,EL NEPAL,URBANA,VIAS PUBLICAS,ARMA BLANCA / CORTOPUNZANTE,A PIE,A PIE,28,FEMENINO,SOLTERO,COMERCIANTE,NO REPORTADA,SECUNDARIA,COLOMBIA,"11,001,000",1
24/01/2014,CUNDINAMARCA,VIOTÁ,Viernes,14:00,EL OBRERO,URBANA,CEMENTERIO,ARMA BLANCA / CORTOPUNZANTE,A PIE,CONDUCTOR TAXI,40,MASCULINO,UNION LIBRE,COMERCIANTE,NO REPORTADA,SECUNDARIA,COLOMBIA,"68,307,000",1
26/01/2014,CUNDINAMARCA,BOGOTÁ D.C. (CT),Domingo,10:00,CAMELIA NORTE E-16,URBANA,VIAS PUBLICAS,ARMA BLANCA / CORTOPUNZANTE,CONDUCTOR MOTOCICLETA,VEHICULO,35,FEMENINO,SOLTERO,EMPLEADO PARTICULAR,NO REPORTADA,SECUNDARIA,COLOMBIA,"76,563,000",1
26/01/2014,ARAUCA,ARAUQUITA,Domingo,11:00,VEREDA LA ESMERALDA,RURAL,VIAS PUBLICAS,ARMA BLANCA / CORTOPUNZANTE,CONDUCTOR MOTOCICLETA,VEHICULO,43,MASCULINO,CASADO,EMPLEADO PARTICULAR,NO REPORTADA,PRIMARIA,COLOMBIA,"76,563,000",1
26/01/2014,ANTIOQUIA,MEDELLÍN (CT),Domingo,2:23,LA CANDELARIA C-10,URBANA,VIAS PUBLICAS,ARMA BLANCA / CORTOPUNZANTE,A PIE,A PIE,25,MASCULINO,SOLTERO,COMERCIANTE,NO REPORTADA,SECUNDARIA,COLOMBIA,"27,001,000",1
26/01/2014,ANTIOQUIA,MEDELLÍN (CT),Domingo,2:23,LA CANDELARIA C-10,URBANA,VIAS PUBLICAS,ARMA BLANCA / CORTOPUNZANTE,A PIE,A PIE,29,MASCULINO,UNION LIBRE,EMPLEADO PARTICULAR,NO REPORTADA,SECUNDARIA,COLOMBIA,"54,498,000",1
27/01/2014,VALLE,CALIMA,Lunes,21:30,VEREDA LA CRISTALINA BAJA,RURAL,FINCAS Y SIMILARES,NO REPORTADA,VEHICULO,CONDUCTOR MOTOCICLETA,41,MASCULINO,UNION LIBRE,COMERCIANTE,NO REPORTADA,SUPERIOR,COLOMBIA,"50,001,000",1
30/01/2014,ARAUCA,ARAUCA (CT),Jueves,12:35,VEREDA CARACOL,RURAL,FINCAS Y SIMILARES,NO REPORTADO,A PIE,A PIE,43,MASCULINO,UNION LIBRE,EMPLEADO PARTICULAR,NO REPORTADA,TECNOLOGO,COLOMBIA,"25,772,000",1
30/01/2014,SANTANDER,BUCARAMANGA (CT),Jueves,5:00,PROVENZA,URBANA,VIAS PUBLICAS,NO REPORTADO,A PIE,A PIE,65,MASCULINO,UNION LIBRE,COMERCIANTE,NO REPORTADA,PRIMARIA,COLOMBIA,"76,828,000",1
04/02/2014 12:00:00 AM,ARAUCA,TAME,Martes,5:00,VEREDA PUERTO JORDAN,RURAL,FINCAS Y SIMILARES,ARMA BLANCA / CORTOPUNZANTE,A PIE,A PIE,33,MASCULINO,UNION LIBRE,COMERCIANTE,NO REPORTADA,SECUNDARIA,COLOMBIA,"5,686,000",1
04/02/2014 12:00:00 AM,ANTIOQUIA,HELICONIA,Martes,19:30,EL ALTO DEL CORRAL,RURAL,FINCAS Y SIMILARES,ARMA DE FUEGO,VEHICULO,VEHICULO,52,MASCULINO,UNION LIBRE,COMERCIANTE,NO REPORTADA,SECUNDARIA,COLOMBIA,"76,001,000",1
04/02/2014 12:00:00 AM,HUILA,TELLO,Martes,6:00,VEREDA MESA REDONDA,RURAL,FINCAS Y SIMILARES,ARMA BLANCA / CORTOPUNZANTE,NO REPORTADA,NO REPORTADA,30,MASCULINO,CASADO,COMERCIANTE,NO REPORTADA,SECUNDARIA,COLOMBIA,"27,205,000",1
05/02/2014 12:00:00 AM,NORTE DE SANTANDER,LA PLAYA,Miércoles,13:16,VEREDA LLANO GRANDE,RURAL,FINCAS Y SIMILARES,ARMA BLANCA / CORTOPUNZANTE,CONDUCTOR MOTOCICLETA,VEHICULO,57,MASCULINO,UNION LIBRE,COMERCIANTE,NO REPORTADA,PRIMARIA,COLOMBIA,"19,001,000",1
05/02/2014 12:00:00 AM,CUNDINAMARCA,BOGOTÁ D.C. (CT),Miércoles,18:10,URB. EL BATAN E-11,URBANA,VIAS PUBLICAS,NO REPORTADO,VEHICULO,A PIE,31,FEMENINO,SOLTERO,EMPLEADO PARTICULAR,INGENIERO,SUPERIOR,COLOMBIA,"76,616,000",1
06/02/2014 12:00:00 AM,NORTE DE SANTANDER,EL CARMEN,Jueves,18:00,CORREGIMIENTO GUAMALITO,RURAL,FINCAS Y SIMILARES,ARMA BLANCA / CORTOPUNZANTE,A PIE,A PIE,44,MASCULINO,UNION LIBRE,EMPLEADO PARTICULAR,INGENIERO AGRONOMO,SUPERIOR,COLOMBIA,"86,749,000",1
06/02/2014 12:00:00 AM,NORTE DE SANTANDER,EL CARMEN,Jueves,18:00,CORREGIMIENTO GUAMALITO,RURAL,FINCAS Y SIMILARES,ARMA BLANCA / CORTOPUNZANTE,A PIE,A PIE,44,MASCULINO,UNION LIBRE,EMPLEADO PARTICULAR,NO REPORTADA,PRIMARIA,COLOMBIA,"5,091,000",1
07/02/2014 12:00:00 AM,TOLIMA,GUAMO,Viernes,13:30,VRDA. CHICUELO,RURAL,FINCAS Y SIMILARES,ARMA DE FUEGO,VEHICULO,VEHICULO,63,FEMENINO,CASADO,EDUCADOR,LICENCIADO,SUPERIOR,COLOMBIA,"85,440,000",1
07/02/2014 12:00:00 AM,TOLIMA,GUAMO,Viernes,13:30,VRDA. CHICUELO,RURAL,FINCAS Y SIMILARES,ARMA BLANCA / CORTOPUNZANTE,VEHICULO,A PIE,65,MASCULINO,CASADO,EMPLEADO PARTICULAR,TECNOLOGO OBRAS CIVILES,TECNOLOGO,COLOMBIA,"76,001,000",1
07/02/2014 12:00:00 AM,TOLIMA,GUAMO,Viernes,13:30,VRDA. CHICUELO,RURAL,FINCAS Y SIMILARES,ARMA BLANCA / CORTOPUNZANTE,A PIE,VEHICULO,45,MASCULINO,CASADO,EMPLEADO PARTICULAR,NO REPORTADA,SECUNDARIA,COLOMBIA,"86,320,000",1
09/02/2014 12:00:00 AM,ARAUCA,ARAUCA (CT),Domingo,18:30,VEREDA EL ROSARIO,RURAL,FINCAS Y SIMILARES,ARMA BLANCA / CORTOPUNZANTE,A PIE,VEHICULO,30,MASCULINO,UNION LIBRE,GANADERO,NO REPORTADA,PRIMARIA,COLOMBIA,"86,320,000",1
09/02/2014 12:00:00 AM,HUILA,PALESTINA,Domingo,19:00,VEREDA MENSURA,RURAL,FINCAS Y SIMILARES,ARMA BLANCA / CORTOPUNZANTE,A PIE,A PIE,26,FEMENINO,UNION LIBRE,AMA DE CASA,NO REPORTADA,SECUNDARIA,COLOMBIA,"73,411,000",1
10/02/2014 12:00:00 AM,CHOCÓ,QUIBDÓ (CT),Lunes,16:00,YESCA GRANDE,RURAL,FINCAS Y SIMILARES,ARMA DE FUEGO,A PIE,VEHICULO,55,MASCULINO,UNION LIBRE,COMERCIANTE,NO REPORTADA,PRIMARIA,COLOMBIA,"19,533,000",1
12/02/2014 12:00:00 AM,NORTE DE SANTANDER,CÚCUTA (CT),Miércoles,13:30,BARRIO LOS ALMENDROS,URBANA,CASAS DE HABITACION,ARMA DE FUEGO,A PIE,VEHICULO,38,MASCULINO,CASADO,POLITICO,ABOGADO,SUPERIOR,COLOMBIA,"19,533,000",1
12/02/2014 12:00:00 AM,CUNDINAMARCA,BOGOTÁ D.C. (CT),Miércoles,19:00,LA ESTRELLA E-13,URBANA,VIAS PUBLICAS,ARMA DE FUEGO,A PIE,VEHICULO,40,MASCULINO,SOLTERO,EMPLEADO PARTICULAR,NO REPORTADA,SECUNDARIA,NO REPORTADA,"19,533,000",1
14/02/2014,META,VILLAVICENCIO (CT),Viernes,8:00,EL BUQUE,URBANA,CONJUNTO RESIDENCIAL,ARMA DE FUEGO,VEHICULO,A PIE,47,FEMENINO,UNION LIBRE,GANADERO,NO REPORTADA,SECUNDARIA,COLOMBIA,"76,001,000",1
14/02/2014,META,VILLAVICENCIO (CT),Viernes,8:00,EL BUQUE,URBANA,CONJUNTO RESIDENCIAL,NO REPORTADA,NO REPORTADA,NO REPORTADA,42,MASCULINO,UNION LIBRE,EMPLEADO PARTICULAR,NO REPORTADA,SECUNDARIA,COLOMBIA,"76,520,000",1
14/02/2014,NORTE DE SANTANDER,OCAÑA,Viernes,18:30,TROCHA LA MADERA,RURAL,FINCAS Y SIMILARES,NO REPORTADA,NO REPORTADA,NO REPORTADA,62,MASCULINO,CASADO,COMERCIANTE,NO REPORTADA,PRIMARIA,COLOMBIA,"76,520,000",1
15/02/2014,ARAUCA,ARAUQUITA,Sábado,10:15,VEREDA LA ESMERALDA,RURAL,VIAS PUBLICAS,ARMA DE FUEGO,VEHICULO,A PIE,52,MASCULINO,CASADO,COMERCIANTE,NO REPORTADA,SECUNDARIA,COLOMBIA,"76,563,000",1
16/02/2014,CAQUETÁ,FLORENCIA (CT),Domingo,16:00,VIA MORELIA,RURAL,FINCAS Y SIMILARES,ARMA BLANCA / CORTOPUNZANTE,NO REPORTADA,VEHICULO,19,MASCULINO,SOLTERO,ESTUDIANTE,NO REPORTADA,SECUNDARIA,COLOMBIA,"19,450,000",1
17/02/2014,ANTIOQUIA,CÁCERES,Lunes,7:30,BEJUQUILLO,RURAL,FINCAS Y SIMILARES,ARMA BLANCA / CORTOPUNZANTE,VEHICULO,VEHICULO,20,MASCULINO,SOLTERO,EMPLEADO POLICIAL,POLICIA,TECNICO,COLOMBIA,"19,698,000",1
17/02/2014,PUTUMAYO,PUERTO ASÍS,Lunes,19:00,VDA. PUERTO VEGA,RURAL,FINCAS Y SIMILARES,ARMA DE FUEGO,VEHICULO,VEHICULO,71,FEMENINO,VIUDO,AMA DE CASA,NO REPORTADA,ANALFABETA,COLOMBIA,"13,490,000",1
18/02/2014,CUNDINAMARCA,BOGOTÁ D.C. (CT),Martes,23:00,AEROPUERTO PUENTE AEREO,URBANA,AEROPUERTO,ARMA DE FUEGO,VEHICULO,VEHICULO,33,MASCULINO,UNION LIBRE,EMPLEADO PARTICULAR,ADMINISTRADOR HOTELERO,SUPERIOR,NO REPORTADA,"13,490,000",1
20/02/2014,VALLE,JAMUNDÍ,Jueves,13:00,CGTO MESITAS E24,RURAL,FINCAS Y SIMILARES,ARMA DE FUEGO,VEHICULO,VEHICULO,54,MASCULINO,CASADO,EMPLEADO PARTICULAR,INGENIERO MECANICO,SUPERIOR,COLOMBIA,"13,490,000",1
22/02/2014,ANTIOQUIA,MEDELLÍN (CT),Sábado,17:30,PARQUE NORTE C-4,URBANA,TERMINAL DE TRANSPORTES,ARMA DE FUEGO,VEHICULO,VEHICULO,6,MASCULINO,SOLTERO,ESTUDIANTE,NO REPORTADA,PRIMARIA,COLOMBIA,"13,490,000",1
22/02/2014,CAUCA,BALBOA,Sábado,20:30,VDA LA ESPERANZA,RURAL,FINCAS Y SIMILARES,ARMA DE FUEGO,VEHICULO,VEHICULO,50,MASCULINO,UNION LIBRE,COMERCIANTE,NO REPORTADA,PRIMARIA,COLOMBIA,"13,490,000",1
24/02/2014,SUCRE,SINCELEJO (CT),Lunes,6:35,ALTO DEL ROSARIO,URBANA,"COLEGIOS, ESCUELAS",ARMA DE FUEGO,VEHICULO,VEHICULO,13,FEMENINO,SOLTERO,ESTUDIANTE,NO REPORTADA,SECUNDARIA,COLOMBIA,"13,490,000",1
25/02/2014,BOYACÁ,JENESANO,Martes,7:40,VDA. PIRAGUATA,RURAL,FINCAS Y SIMILARES,ARMA BLANCA / CORTOPUNZANTE,A PIE,VEHICULO,75,FEMENINO,VIUDO,AMA DE CASA,NO REPORTADA,ANALFABETA,COLOMBIA,"76,001,000",1
26/02/2014,VALLE,RIOFRÍO,Miércoles,19:00,CGTO. PORTUGAL DE PIEDRAS,RURAL,FINCAS Y SIMILARES,ARMA BLANCA / CORTOPUNZANTE,VEHICULO,VEHICULO,13,FEMENINO,SOLTERO,ESTUDIANTE,NO REPORTADA,SECUNDARIA,COLOMBIA,"44,430,000",1
27/02/2014,NORTE DE SANTANDER,PUERTO SANTANDER,Jueves,13:30,BARRIO BOCA GRITA,URBANA,VIAS PUBLICAS,ARMA BLANCA / CORTOPUNZANTE,A PIE,VEHICULO,25,MASCULINO,SOLTERO,EMPLEADO PARTICULAR,NO REPORTADA,SECUNDARIA,NO REPORTADA,"52,356,000",1
03/03/2014 12:00:00 AM,CAUCA,POPAYÁN (CT),Lunes,11:50,CENTRO,URBANA,ALMACENES,NO REPORTADO,NO REPORTADA,NO REPORTADA,18,FEMENINO,UNION LIBRE,ESTUDIANTE,NO REPORTADA,SECUNDARIA,COLOMBIA,"5,001,000",1
04/03/2014 12:00:00 AM,SANTANDER,GÜEPSA,Martes,17:00,VRDA  PLATANAL,RURAL,FINCAS Y SIMILARES,ARMA BLANCA / CORTOPUNZANTE,VEHICULO,VEHICULO,67,MASCULINO,UNION LIBRE,COMERCIANTE,NO REPORTADA,SUPERIOR,COLOMBIA,"54,261,000",1
05/03/2014 12:00:00 AM,NARIÑO,SAN ANDRES DE TUMACO,Miércoles,12:30,VEREDA SAN LUIS DE LOS ROBLES,RURAL,FINCAS Y SIMILARES,NO REPORTADO,VEHICULO,A PIE,34,MASCULINO,CASADO,EMPLEADO POLICIAL,POLICIA,TECNOLOGO,COLOMBIA,"50,313,000",1
05/03/2014 12:00:00 AM,NARIÑO,SAN ANDRES DE TUMACO,Miércoles,12:30,VEREDA SAN LUIS DE LOS ROBLES,RURAL,FINCAS Y SIMILARES,ARMA BLANCA / CORTOPUNZANTE,CONDUCTOR MOTOCICLETA,VEHICULO,28,MASCULINO,SOLTERO,EMPLEADO POLICIAL,POLICIA,TECNICO,COLOMBIA,"19,533,000",1
06/03/2014 12:00:00 AM,CUNDINAMARCA,BOGOTÁ D.C. (CT),Jueves,15:30,URB. SAN FRANCISCO E-19,URBANA,VIAS PUBLICAS,NO REPORTADO,NO REPORTADA,NO REPORTADA,7,MASCULINO,SOLTERO,ESTUDIANTE,NO REPORTADA,PRIMARIA,COLOMBIA,"5,890,000",1
06/03/2014 12:00:00 AM,VALLE,CALI (CT),Jueves,17:30,EL PILOTO E3,URBANA,CASAS DE HABITACION,NO REPORTADO,A PIE,PASAJERO TAXI,1,MASCULINO,SOLTERO,DESEMPLEADO,NO REPORTADA,ANALFABETA,COLOMBIA,"19,001,000",1
08/03/2014 12:00:00 AM,ANTIOQUIA,BETULIA,Sábado,11:15,VENDEAGUJAL,RURAL,FINCAS Y SIMILARES,ARMA DE FUEGO,VEHICULO,A PIE,13,FEMENINO,SOLTERO,ESTUDIANTE,NO REPORTADA,SECUNDARIA,COLOMBIA,"76,520,000",1
09/03/2014 12:00:00 AM,ANTIOQUIA,YOLOMBÓ,Domingo,14:00,EL TAPON,RURAL,FINCAS Y SIMILARES,ARMA BLANCA / CORTOPUNZANTE,VEHICULO,PASAJERO BUS,66,MASCULINO,CASADO,AGRICULTOR,NO REPORTADA,PRIMARIA,COLOMBIA,"19,001,000",1
10/03/2014 12:00:00 AM,NORTE DE SANTANDER,OCAÑA,Lunes,10:00,BARRIO PROMESA DE DIOS,URBANA,CASAS DE HABITACION,NO REPORTADO,CONDUCTOR MOTOCICLETA,A PIE,15,FEMENINO,SOLTERO,ESTUDIANTE,NO REPORTADA,PRIMARIA,COLOMBIA,"81,736,000",1
11/03/2014 12:00:00 AM,MAGDALENA,ZONA BANANERA,Martes,13:45,CORREGIMIENTO ORIHUECA,RURAL,FINCAS Y SIMILARES,NO REPORTADO,CONDUCTOR MOTOCICLETA,A PIE,45,MASCULINO,CASADO,EMPLEADO PARTICULAR,NO REPORTADA,SECUNDARIA,COLOMBIA,"81,736,000",1
08/09/2014 12:00:00 AM,ARAUCA,FORTUL,Lunes,14:30,CENTRO,URBANA,VIAS PUBLICAS,NO REPORTADO,A PIE,A PIE,46,MASCULINO,CASADO,COMERCIANTE,NO REPORTADA,SUPERIOR,COLOMBIA,"25,754,000",1
12/03/2014 12:00:00 AM,VALLE,BUENAVENTURA,Miércoles,7:30,LA DIGNIDAD,URBANA,CASAS DE HABITACION,NO REPORTADO,CONDUCTOR MOTOCICLETA,A PIE,13,MASCULINO,SOLTERO,ESTUDIANTE,NO REPORTADA,PRIMARIA,COLOMBIA,"81,736,000",1
12/03/2014 12:00:00 AM,BOYACÁ,CÓMBITA,Miércoles,9:00,VDA. SAN MARTIN,RURAL,CARCELES,NO REPORTADO,CONDUCTOR MOTOCICLETA,A PIE,32,MASCULINO,SOLTERO,EMPLEADO PARTICULAR,NO REPORTADA,PRIMARIA,COLOMBIA,"81,736,000",1
12/03/2014 12:00:00 AM,BOYACÁ,CÓMBITA,Miércoles,10:00,VDA. SAN MARTIN,RURAL,CARCELES,ARMA BLANCA / CORTOPUNZANTE,NO REPORTADA,NO REPORTADA,26,MASCULINO,UNION LIBRE,EMPLEADO PARTICULAR,NO REPORTADA,PRIMARIA,COLOMBIA,"81,001,000",1
14/03/2014,ARAUCA,TAME,Viernes,10:00,VEREDA PANAMA DE ARAUCA,RURAL,FINCAS Y SIMILARES,NO REPORTADO,VEHICULO,VEHICULO,50,MASCULINO,UNION LIBRE,EMPLEADO PARTICULAR,NO REPORTADA,SECUNDARIA,COLOMBIA,"19,698,000",1
16/03/2014,NORTE DE SANTANDER,EL ZULIA,Domingo,13:30,VEREDA EL MESTIZO,RURAL,CASAS DE HABITACION,NO REPORTADO,VEHICULO,VEHICULO,58,MASCULINO,CASADO,COMERCIANTE,NO REPORTADA,SECUNDARIA,COLOMBIA,"19,698,000",1
19/03/2014,META,VISTAHERMOSA,Miércoles,5:00,TROCHA 32,RURAL,VIAS PUBLICAS,NO REPORTADO,VEHICULO,VEHICULO,31,MASCULINO,UNION LIBRE,EMPLEADO PARTICULAR,NO REPORTADA,SECUNDARIA,COLOMBIA,"76,001,000",1
19/03/2014,META,VISTAHERMOSA,Miércoles,5:00,TROCHA 32,RURAL,VIAS PUBLICAS,NO REPORTADO,VEHICULO,VEHICULO,24,MASCULINO,UNION LIBRE,EMPLEADO PARTICULAR,NO REPORTADA,PRIMARIA,COLOMBIA,"76,001,000",1
19/03/2014,META,VISTAHERMOSA,Miércoles,5:00,TROCHA 32,RURAL,VIAS PUBLICAS,ARMA BLANCA / CORTOPUNZANTE,A PIE,A PIE,32,MASCULINO,SOLTERO,EMPLEADO PARTICULAR,NO REPORTADA,TECNOLOGO,COLOMBIA,"41,530,000",1
19/03/2014,META,VISTAHERMOSA,Miércoles,5:00,TROCHA 32,RURAL,VIAS PUBLICAS,ARMA BLANCA / CORTOPUNZANTE,A PIE,VEHICULO,43,MASCULINO,SEPARADO,EMPLEADO PARTICULAR,NO REPORTADA,SUPERIOR,COLOMBIA,"19,824,000",1
19/03/2014,META,VISTAHERMOSA,Miércoles,5:00,TROCHA 32,RURAL,VIAS PUBLICAS,ARMA BLANCA / CORTOPUNZANTE,VEHICULO,VEHICULO,30,MASCULINO,SOLTERO,EMPLEADO PARTICULAR,NO REPORTADA,TECNOLOGO,COLOMBIA,"76,001,000",1
20/03/2014,CUNDINAMARCA,BOGOTÁ D.C. (CT),Jueves,0:00,OLAYA E-18,URBANA,"BARES, CANTINAS Y SIMILARES",ARMA BLANCA / CORTOPUNZANTE,VEHICULO,VEHICULO,38,MASCULINO,CASADO,EMPLEADO PARTICULAR,INGENIERO,SUPERIOR,COLOMBIA,"76,001,000",1
23/03/2014,ARAUCA,TAME,Domingo,22:00,VEREDA LA CABUYA,RURAL,FINCAS Y SIMILARES,NO REPORTADO,A PIE,CONDUCTOR MOTOCICLETA,30,FEMENINO,UNION LIBRE,AMA DE CASA,NO REPORTADA,SECUNDARIA,COLOMBIA,"52,378,000",1
23/03/2014,ARAUCA,TAME,Domingo,22:00,VEREDA LA CABUYA,RURAL,FINCAS Y SIMILARES,NO REPORTADO,A PIE,A PIE,20,MASCULINO,UNION LIBRE,EMPLEADO PARTICULAR,NO REPORTADA,SECUNDARIA,COLOMBIA,"20,011,000",1
23/03/2014,NORTE DE SANTANDER,CÚCUTA (CT),Domingo,20:00,BARRIO BELLAVISTA,URBANA,VEHICULO,NO REPORTADO,A PIE,A PIE,23,FEMENINO,SOLTERO,DESEMPLEADO,COMERCIO INTERNACIONAL,SUPERIOR,COLOMBIA,"20,011,000",1
25/03/2014,CAQUETÁ,FLORENCIA (CT),Martes,8:00,VDA.  ALTO REFLEJO,RURAL,VIAS PUBLICAS,ARMA BLANCA / CORTOPUNZANTE,VEHICULO,A PIE,38,MASCULINO,CASADO,EMPLEADO PUBLICO,NO REPORTADA,SUPERIOR,COLOMBIA,"76,147,000",1
26/03/2014,ARAUCA,SARAVENA,Miércoles,15:00,VEREDA BARRANCONES,RURAL,VIAS PUBLICAS,ARMA BLANCA / CORTOPUNZANTE,A PIE,A PIE,43,MASCULINO,CASADO,EMPLEADO PARTICULAR,NO REPORTADA,SECUNDARIA,COLOMBIA,"66,001,000",1
27/03/2014,ARAUCA,FORTUL,Jueves,16:30,VEREDA CARANAL,RURAL,VIAS PUBLICAS,NO REPORTADO,VEHICULO,A PIE,45,MASCULINO,CASADO,EMPLEADO PARTICULAR,NO REPORTADA,PRIMARIA,COLOMBIA,"5,001,000",1
28/03/2014,CASANARE,SAN LUIS DE PALENQUE,Viernes,23:00,CALLES,URBANA,VIAS PUBLICAS,ARMA BLANCA / CORTOPUNZANTE,A PIE,A PIE,17,FEMENINO,CASADO,AMA DE CASA,NO REPORTADA,SECUNDARIA,COLOMBIA,"73,001,000",1
28/03/2014,ANTIOQUIA,RIONEGRO,Viernes,12:30,CENTRO,URBANA,NO REPORTADA,NO REPORTADO,VEHICULO,A PIE,35,MASCULINO,UNION LIBRE,EMPLEADO PARTICULAR,PUBLICISTA,SUPERIOR,COLOMBIA,"11,001,000",1
29/03/2014,SANTANDER,GIRÓN,Sábado,14:30,CHIMITA,URBANA,TIENDA,NO REPORTADO,NO REPORTADA,A PIE,26,FEMENINO,UNION LIBRE,COMERCIANTE,NO REPORTADA,SECUNDARIA,COLOMBIA,"11,001,000",1
30/03/2014,VALLE,BUENAVENTURA,Domingo,8:00,EL PROGRESO,URBANA,VIAS PUBLICAS,ARMA BLANCA / CORTOPUNZANTE,VEHICULO,VEHICULO,38,MASCULINO,UNION LIBRE,COMERCIANTE,NO REPORTADA,SECUNDARIA,COLOMBIA,"11,001,000",1
30/03/2014,NORTE DE SANTANDER,VILLA DEL ROSARIO,Domingo,16:45,ANILLO VIAL (JURD VILLA DEL ROSARIO),RURAL,FINCAS Y SIMILARES,ARMA BLANCA / CORTOPUNZANTE,A PIE,A PIE,46,FEMENINO,SEPARADO,EMPLEADO PARTICULAR,ODONTOLOGO,SUPERIOR,COLOMBIA,"25,799,000",1
31/03/2014,VALLE,CALI (CT),Lunes,11:00,MOJICA II E15,URBANA,VIAS PUBLICAS,NO REPORTADO,A PIE,A PIE,32,MASCULINO,SOLTERO,ESTUDIANTE,NO REPORTADA,SECUNDARIA,COLOMBIA,"15,325,000",1
31/03/2014,BOYACÁ,TUNJA (CT),Lunes,17:30,BARRIO LOS HEROES,URBANA,TRANSPORTE PÚBLICO,ARMA BLANCA / CORTOPUNZANTE,A PIE,A PIE,20,FEMENINO,SOLTERO,ESTUDIANTE,NO REPORTADA,SUPERIOR,COLOMBIA,"19,130,000",1
31/03/2014,CESAR,LA JAGUA DE IBIRICO,Lunes,8:00,CORREGIMIENTO LA VICTORIA DE SAN ISIDRO,RURAL,FINCAS Y SIMILARES,NO REPORTADO,A PIE,A PIE,67,MASCULINO,SOLTERO,AGRICULTOR,NO REPORTADA,ANALFABETA,COLOMBIA,"18,753,000",1
05/04/2014 12:00:00 AM,HUILA,HOBO,Sábado,15:30,VEREDA EL CENTRO,RURAL,FINCAS Y SIMILARES,ARMA BLANCA / CORTOPUNZANTE,VEHICULO,VEHICULO,68,MASCULINO,CASADO,GANADERO,NO REPORTADA,SECUNDARIA,COLOMBIA,"5,001,000",1
09/04/2014 12:00:00 AM,CUNDINAMARCA,MOSQUERA,Miércoles,7:50,CENTRO,URBANA,SUPERMERCADOS,ARMA DE FUEGO,VEHICULO,VEHICULO,40,MASCULINO,UNION LIBRE,COMERCIANTE,NO REPORTADA,SECUNDARIA,COLOMBIA,"54,498,000",1
10/04/2014 12:00:00 AM,TOLIMA,ICONONZO,Jueves,18:30,VRDA. PIE DE CUESTA ALTO,RURAL,FRENTE A RESIDENCIAS NO REPORTADA VIA PUBLICA,ARMA BLANCA / CORTOPUNZANTE,VEHICULO,VEHICULO,51,MASCULINO,CASADO,AGRICULTOR,NO REPORTADA,PRIMARIA,COLOMBIA,"25,438,000",1
10/04/2014 12:00:00 AM,TOLIMA,ICONONZO,Jueves,18:30,VRDA. PIE DE CUESTA ALTO,RURAL,FRENTE A RESIDENCIAS NO REPORTADA VIA PUBLICA,ARMA BLANCA / CORTOPUNZANTE,VEHICULO,VEHICULO,51,FEMENINO,CASADO,AGRICULTOR,NO REPORTADA,PRIMARIA,COLOMBIA,"25,438,000",1
10/04/2014 12:00:00 AM,VALLE,CALI (CT),Jueves,12:30,LA ISLA E4,URBANA,VIAS PUBLICAS,ARMA BLANCA / CORTOPUNZANTE,A PIE,A PIE,22,MASCULINO,SOLTERO,ESTUDIANTE,NO REPORTADA,PRIMARIA,NO REPORTADA,"73,563,000",1
11/04/2014 12:00:00 AM,META,CUMARAL,Viernes,13:15,VEREDA CANEY ALTO,RURAL,FINCAS Y SIMILARES,ARMA BLANCA / CORTOPUNZANTE,VEHICULO,A PIE,54,MASCULINO,SEPARADO,EMPLEADO PARTICULAR,ARQUITECTO,SUPERIOR,COLOMBIA,"19,001,000",1
13/04/2014,ARAUCA,SARAVENA,Domingo,19:30,VEREDA EL INCORA,RURAL,FINCAS Y SIMILARES,ARMA BLANCA / CORTOPUNZANTE,VEHICULO,A PIE,51,MASCULINO,SOLTERO,GANADERO,NO REPORTADA,SECUNDARIA,COLOMBIA,"41,503,000",1
14/04/2014,TOLIMA,GUAMO,Lunes,15:00,SANTA ANA,URBANA,CASAS DE HABITACION,NO REPORTADO,A PIE,VEHICULO,20,FEMENINO,SOLTERO,EMPLEADO PARTICULAR,NO REPORTADA,PRIMARIA,COLOMBIA,"5,129,000",1
14/04/2014,CUNDINAMARCA,BOGOTÁ D.C. (CT),Lunes,17:10,CHAPINERO SUR OCC. E-13,URBANA,VEHICULO,NO REPORTADO,A PIE,A PIE,38,MASCULINO,SOLTERO,EMPLEADO PARTICULAR,NO REPORTADA,SUPERIOR,COLOMBIA,"17,001,000",1
15/04/2014,ARAUCA,TAME,Martes,10:00,VEREDA PUERTO JORDAN,RURAL,FINCAS Y SIMILARES,ARMA BLANCA / CORTOPUNZANTE,VEHICULO,VEHICULO,43,MASCULINO,UNION LIBRE,EMPLEADO PARTICULAR,NO REPORTADA,PRIMARIA,COLOMBIA,"5,001,000",1
20/04/2014,MAGDALENA,SANTA MARTA (CT),Domingo,20:00,GAIRA CENTRO,URBANA,CASAS DE HABITACION,NO REPORTADO,A PIE,A PIE,64,FEMENINO,CASADO,AMA DE CASA,NO REPORTADA,SECUNDARIA,COLOMBIA,"73,449,000",1
22/04/2014,TOLIMA,IBAGUÉ (CT),Martes,22:40,GAITAN PARTE ALTA,URBANA,VIAS PUBLICAS,ARMA BLANCA / CORTOPUNZANTE,A PIE,A PIE,15,FEMENINO,SOLTERO,ESTUDIANTE,NO REPORTADA,SECUNDARIA,COLOMBIA,"15,425,000",1
23/04/2014,TOLIMA,CHAPARRAL,Miércoles,10:00,JOSE MARIA MELO,URBANA,VIAS PUBLICAS,ARMA BLANCA / CORTOPUNZANTE,A PIE,A PIE,22,FEMENINO,SOLTERO,EMPLEADO PARTICULAR,NO REPORTADA,SECUNDARIA,COLOMBIA,"76,001,000",1
23/04/2014,NORTE DE SANTANDER,VILLA CARO,Miércoles,15:00,ALTO EL POSO,RURAL,FINCAS Y SIMILARES,ARMA BLANCA / CORTOPUNZANTE,A PIE,A PIE,46,MASCULINO,CASADO,COMERCIANTE,NO REPORTADA,PRIMARIA,COLOMBIA,"76,001,000",1
24/04/2014,ANTIOQUIA,CIUDAD BOLÍVAR,Jueves,10:00,UNICO BOLIVAR,RURAL,FINCAS Y SIMILARES,NO REPORTADO,A PIE,CONDUCTOR MOTOCICLETA,72,MASCULINO,CASADO,AGRICULTOR,NO REPORTADA,PRIMARIA,COLOMBIA,"52,203,000",1
25/04/2014,NARIÑO,PASTO (CT),Viernes,13:30,CHAMBU I,URBANA,VIAS PUBLICAS,ARMA BLANCA / CORTOPUNZANTE,VEHICULO,A PIE,51,MASCULINO,SOLTERO,EMPLEADO PARTICULAR,NO REPORTADA,SECUNDARIA,COLOMBIA,"5,001,000",1
26/04/2014,PUTUMAYO,VILLAGARZÓN,Sábado,11:00,VDA. ISLANDIA,RURAL,VIAS PUBLICAS,ARMA BLANCA / CORTOPUNZANTE,CONDUCTOR TAXI,CONDUCTOR TAXI,29,MASCULINO,SOLTERO,EMPLEADO PARTICULAR,NO REPORTADA,SECUNDARIA,COLOMBIA,"11,001,000",1
29/04/2014,ANTIOQUIA,CHIGORODÓ,Martes,9:00,VDAREMIJIO,RURAL,VIAS PUBLICAS,ARMA BLANCA / CORTOPUNZANTE,A PIE,A PIE,23,MASCULINO,SOLTERO,EMPLEADO PARTICULAR,NO REPORTADA,SECUNDARIA,COLOMBIA,"81,001,000",1
01/05/2014 12:00:00 AM,ANTIOQUIA,SEGOVIA,Jueves,19:00,CAÑAVERAL,RURAL,TIPO EXPLOTACIÓN ORO,ARMA BLANCA / CORTOPUNZANTE,CONDUCTOR TAXI,CONDUCTOR TAXI,47,MASCULINO,SOLTERO,EMPLEADO PARTICULAR,NO REPORTADA,SECUNDARIA,COLOMBIA,"11,001,000",1
01/05/2014 12:00:00 AM,ANTIOQUIA,SEGOVIA,Jueves,19:00,CAÑAVERAL,RURAL,TIPO EXPLOTACIÓN ORO,NO REPORTADO,NO REPORTADA,NO REPORTADA,25,MASCULINO,SOLTERO,EMPLEADO PARTICULAR,NO REPORTADA,PRIMARIA,COLOMBIA,"20,787,000",1
01/05/2014 12:00:00 AM,ANTIOQUIA,SEGOVIA,Jueves,19:00,CAÑAVERAL,RURAL,TIPO EXPLOTACIÓN ORO,NO REPORTADO,NO REPORTADA,A PIE,27,MASCULINO,SOLTERO,EMPLEADO PARTICULAR,NO REPORTADA,SECUNDARIA,COLOMBIA,"41,551,000",1
01/05/2014 12:00:00 AM,ANTIOQUIA,SEGOVIA,Jueves,19:00,CAÑAVERAL,RURAL,TIPO EXPLOTACIÓN ORO,ARMA BLANCA / CORTOPUNZANTE,A PIE,A PIE,23,MASCULINO,SOLTERO,EMPLEADO PARTICULAR,NO REPORTADA,SECUNDARIA,COLOMBIA,"13,160,000",1
02/05/2014 12:00:00 AM,TOLIMA,RIOBLANCO,Viernes,18:00,BELLO HORIZONTE,RURAL,FINCAS Y SIMILARES,ARMA BLANCA / CORTOPUNZANTE,NO REPORTADA,VEHICULO,20,MASCULINO,SOLTERO,AGRICULTOR,NO REPORTADA,SECUNDARIA,COLOMBIA,"81,794,000",1
03/05/2014 12:00:00 AM,NARIÑO,SAN ANDRES DE TUMACO,Sábado,6:00,AVENIDA LA PLAYA,URBANA,VIAS PUBLICAS,ARMA BLANCA / CORTOPUNZANTE,VEHICULO,A PIE,61,MASCULINO,SEPARADO,COMERCIANTE,NO REPORTADA,SECUNDARIA,COLOMBIA,"54,498,000",1
08/05/2014 12:00:00 AM,NORTE DE SANTANDER,OCAÑA,Jueves,6:55,BARRIO SANTA CLARA,RURAL,VIAS PUBLICAS,NO REPORTADO,VEHICULO,A PIE,48,MASCULINO,CASADO,COMERCIANTE,NO REPORTADA,SECUNDARIA,COLOMBIA,"11,001,000",1
08/05/2014 12:00:00 AM,PUTUMAYO,VILLAGARZÓN,Jueves,17:40,VÍA A MOCOA,URBANA,VIAS PUBLICAS,NO REPORTADO,NO REPORTADA,VEHICULO,34,FEMENINO,CASADO,EMPLEADO PARTICULAR,NO REPORTADA,SUPERIOR,COLOMBIA,"85,001,000",1
09/05/2014 12:00:00 AM,MAGDALENA,SANTA MARTA (CT),Viernes,0:30,BONDA,RURAL,FINCAS Y SIMILARES,NO REPORTADO,NO REPORTADA,VEHICULO,79,MASCULINO,VIUDO,COMERCIANTE,NO REPORTADA,SECUNDARIA,COLOMBIA,"85,001,000",1
10/05/2014 12:00:00 AM,ARAUCA,ARAUCA (CT),Sábado,14:00,VEREDA CARACOL,RURAL,FINCAS Y SIMILARES,NO REPORTADO,NO REPORTADA,VEHICULO,34,FEMENINO,CASADO,AMA DE CASA,NO REPORTADA,PRIMARIA,COLOMBIA,"85,001,000",1
10/05/2014 12:00:00 AM,ARAUCA,ARAUCA (CT),Sábado,14:00,VEREDA CARACOL,RURAL,FINCAS Y SIMILARES,ARMA BLANCA / CORTOPUNZANTE,VEHICULO,VEHICULO,29,MASCULINO,CASADO,EMPLEADO PARTICULAR,NO REPORTADA,PRIMARIA,COLOMBIA,"44,001,000",1
10/05/2014 12:00:00 AM,ARAUCA,ARAUCA (CT),Sábado,14:00,VEREDA CARACOL,RURAL,FINCAS Y SIMILARES,ARMA BLANCA / CORTOPUNZANTE,VEHICULO,VEHICULO,61,MASCULINO,CASADO,EMPLEADO PARTICULAR,NO REPORTADA,PRIMARIA,COLOMBIA,"44,001,000",1
12/05/2014 12:00:00 AM,NARIÑO,BARBACOAS,Lunes,18:45,VEREDA JUNIN,RURAL,FINCAS Y SIMILARES,ARMA BLANCA / CORTOPUNZANTE,CONDUCTOR TAXI,CONDUCTOR TAXI,61,MASCULINO,CASADO,EMPLEADO PARTICULAR,INGENIERO CIVIL,SUPERIOR,COLOMBIA,"11,001,000",1
13/05/2014,TOLIMA,IBAGUÉ (CT),Martes,7:30,LAS FERIAS,URBANA,VIAS PUBLICAS,NO REPORTADO,NO REPORTADA,A PIE,34,FEMENINO,CASADO,EDUCADOR,ADMINISTRADOR EDUCATIVO,SUPERIOR,COLOMBIA,"5,001,000",1
13/05/2014,TOLIMA,CHAPARRAL,Martes,16:00,LA FLORESTA,RURAL,FINCAS Y SIMILARES,ARMA BLANCA / CORTOPUNZANTE,NO REPORTADA,NO REPORTADA,33,MASCULINO,UNION LIBRE,EMPLEADO PARTICULAR,NO REPORTADA,SECUNDARIA,COLOMBIA,"5,001,000",1
13/05/2014,TOLIMA,CHAPARRAL,Martes,16:00,LA FLORESTA,RURAL,FINCAS Y SIMILARES,NO REPORTADO,NO REPORTADA,NO REPORTADA,23,MASCULINO,SOLTERO,EMPLEADO PARTICULAR,NO REPORTADA,SECUNDARIA,COLOMBIA,"52,838,000",1
13/05/2014,NARIÑO,TAMINANGO,Martes,19:50,VEREDA CHARCO HONDO,RURAL,FINCAS Y SIMILARES,ARMA BLANCA / CORTOPUNZANTE,VEHICULO,A PIE,60,MASCULINO,CASADO,AGRICULTOR,NO REPORTADA,PRIMARIA,COLOMBIA,"25,001,000",1
15/05/2014,ARAUCA,SARAVENA,Jueves,13:30,LAS FLORES,URBANA,CASAS DE HABITACION,ARMA BLANCA / CORTOPUNZANTE,CONDUCTOR TAXI,CONDUCTOR TAXI,28,MASCULINO,SOLTERO,EMPLEADO PARTICULAR,NO REPORTADA,PRIMARIA,COLOMBIA,"11,001,000",1
15/05/2014,ARAUCA,SARAVENA,Jueves,13:30,LAS FLORES,URBANA,CASAS DE HABITACION,NO REPORTADO,NO REPORTADA,NO REPORTADA,63,MASCULINO,SOLTERO,EMPLEADO PARTICULAR,NO REPORTADA,PRIMARIA,COLOMBIA,"23,001,000",1
15/05/2014,ARAUCA,SARAVENA,Jueves,13:30,LAS FLORES,URBANA,CASAS DE HABITACION,ARMA BLANCA / CORTOPUNZANTE,NO REPORTADA,NO REPORTADA,21,MASCULINO,SOLTERO,DESEMPLEADO,NO REPORTADA,SECUNDARIA,COLOMBIA,"5,001,000",1
18/05/2014,TOLIMA,MELGAR,Domingo,15:00,CENTRO,URBANA,CASAS DE HABITACION,NO REPORTADO,NO REPORTADA,NO REPORTADA,51,FEMENINO,CASADO,COMERCIANTE,NO REPORTADA,SUPERIOR,COLOMBIA,"5,031,000",1
19/05/2014,CAQUETÁ,CURILLO,Lunes,12:00,VDA.  ESPAÑA,RURAL,FINCAS Y SIMILARES,NO REPORTADO,NO REPORTADA,NO REPORTADA,44,MASCULINO,SEPARADO,GANADERO,NO REPORTADA,PRIMARIA,COLOMBIA,"20,001,000",1
21/05/2014,SANTANDER,SAN GIL,Miércoles,21:00,SAN GIL - CABRERA,URBANA,CASAS DE HABITACION,ARMA BLANCA / CORTOPUNZANTE,NO REPORTADA,NO REPORTADA,19,FEMENINO,SOLTERO,EMPLEADO PARTICULAR,NO REPORTADA,SECUNDARIA,COLOMBIA,"50,001,000",1
24/05/2014,ANTIOQUIA,MEDELLÍN (CT),Sábado,19:00,SAN JAVIER 1 C-13,URBANA,CASAS DE HABITACION,ARMA BLANCA / CORTOPUNZANTE,VEHICULO,A PIE,30,MASCULINO,UNION LIBRE,COMERCIANTE,NO REPORTADA,SECUNDARIA,COLOMBIA,"54,001,000",1
29/05/2014,CAUCA,GUACHENÉ,Jueves,7:04,LAS PALMAS,URBANA,VIAS PUBLICAS,ARMA BLANCA / CORTOPUNZANTE,VEHICULO,A PIE,10,FEMENINO,SOLTERO,ESTUDIANTE,NO REPORTADA,SECUNDARIA,COLOMBIA,"54,001,000",1
29/05/2014,CESAR,LA GLORIA,Jueves,18:30,COR. LA MATA,RURAL,FINCAS Y SIMILARES,ARMA BLANCA / CORTOPUNZANTE,A PIE,VEHICULO,64,MASCULINO,CASADO,GANADERO,NO REPORTADA,SUPERIOR,COLOMBIA,"19,001,000",1
30/05/2014,CUNDINAMARCA,BOGOTÁ D.C. (CT),Viernes,17:00,URB. MARSELLA E-8,URBANA,VIAS PUBLICAS,NO REPORTADO,VEHICULO,VEHICULO,18,MASCULINO,SOLTERO,DESEMPLEADO,NO REPORTADA,TECNICO,COLOMBIA,"76,001,000",1
30/05/2014,CUNDINAMARCA,BOGOTÁ D.C. (CT),Viernes,17:00,URB. MARSELLA E-8,URBANA,VIAS PUBLICAS,ARMA BLANCA / CORTOPUNZANTE,NO REPORTADA,A PIE,18,MASCULINO,SOLTERO,DESEMPLEADO,NO REPORTADA,TECNICO,COLOMBIA,"5,001,000",1
01/06/2014 12:00:00 AM,ARAUCA,FORTUL,Domingo,16:29,VEREDA PALO DE AGUA,RURAL,FINCAS Y SIMILARES,ARMA BLANCA / CORTOPUNZANTE,A PIE,VEHICULO,47,MASCULINO,UNION LIBRE,EMPLEADO PARTICULAR,NO REPORTADA,PRIMARIA,COLOMBIA,"19,001,000",1
01/06/2014 12:00:00 AM,VALLE,BUENAVENTURA,Domingo,16:30,CORREGIMIENTO GAMBOA,RURAL,FINCAS Y SIMILARES,NO REPORTADO,A PIE,VEHICULO,34,MASCULINO,SOLTERO,AMA DE CASA,NO REPORTADA,NO REPORTADO,COLOMBIA,"47,001,000",1
02/06/2014 12:00:00 AM,NORTE DE SANTANDER,LA PLAYA,Lunes,19:00,CORREGIMIENTO ASPASICA,RURAL,VIAS PUBLICAS,ARMA BLANCA / CORTOPUNZANTE,VEHICULO,VEHICULO,57,MASCULINO,CASADO,COMERCIANTE,NO REPORTADA,PRIMARIA,COLOMBIA,"52,356,000",1
03/06/2014 12:00:00 AM,CAUCA,BUENOS AIRES,Martes,10:30,VDA LOMA ALTA,URBANA,FINCAS Y SIMILARES,ARMA DE FUEGO,VEHICULO,VEHICULO,28,MASCULINO,UNION LIBRE,COMERCIANTE,NO REPORTADA,SECUNDARIA,COLOMBIA,"52,210,000",1
03/06/2014 12:00:00 AM,CAUCA,BUENOS AIRES,Martes,10:30,VDA LOMA ALTA,URBANA,FINCAS Y SIMILARES,ARMA DE FUEGO,VEHICULO,VEHICULO,32,MASCULINO,SOLTERO,COMERCIANTE,NO REPORTADA,TECNOLOGO,COLOMBIA,"52,210,000",1
07/06/2014 12:00:00 AM,GUAJIRA,SAN JUAN DEL CESAR,Sábado,20:30,LAS TUNAS I,URBANA,VIAS PUBLICAS,ARMA DE FUEGO,VEHICULO,VEHICULO,25,MASCULINO,SOLTERO,DESEMPLEADO,NO REPORTADA,TECNICO,COLOMBIA,"52,210,000",1
07/06/2014 12:00:00 AM,GUAJIRA,SAN JUAN DEL CESAR,Sábado,20:30,LAS TUNAS I,URBANA,VIAS PUBLICAS,NO REPORTADO,A PIE,A PIE,21,MASCULINO,SOLTERO,DESEMPLEADO,NO REPORTADA,TECNOLOGO,COLOMBIA,"11,001,000",1
09/06/2014 12:00:00 AM,VALLE,BUENAVENTURA,Lunes,2:00,MURO YUSTI,URBANA,VIAS PUBLICAS,ARMA BLANCA / CORTOPUNZANTE,VEHICULO,A PIE,27,MASCULINO,SOLTERO,COMERCIANTE,NO REPORTADA,SECUNDARIA,COLOMBIA,"11,001,000",1
09/06/2014 12:00:00 AM,VALLE,BUENAVENTURA,Lunes,2:00,MURO YUSTI,URBANA,VIAS PUBLICAS,ARMA BLANCA / CORTOPUNZANTE,A PIE,VEHICULO,22,MASCULINO,SOLTERO,COMERCIANTE,NO REPORTADA,TECNOLOGO,COLOMBIA,"19,256,000",1
10/06/2014 12:00:00 AM,TOLIMA,ESPINAL,Martes,9:30,SAN RAFAEL,URBANA,"COLEGIOS, ESCUELAS",ARMA BLANCA / CORTOPUNZANTE,A PIE,VEHICULO,10,FEMENINO,SOLTERO,ESTUDIANTE,NO REPORTADA,PRIMARIA,COLOMBIA,"19,256,000",1
11/06/2014 12:00:00 AM,CUNDINAMARCA,BOGOTÁ D.C. (CT),Miércoles,15:00,MARCO FIDEL SUAREZ E-18,URBANA,LOCAL COMERCIAL,ARMA BLANCA / CORTOPUNZANTE,NO REPORTADA,A PIE,1,FEMENINO,SOLTERO,NO REPORTA,NO REPORTADA,ANALFABETA,COLOMBIA,"54,660,000",1
11/06/2014 12:00:00 AM,META,ACACÍAS,Miércoles,16:00,CENTRO,URBANA,PARQUES,NO REPORTADA,A PIE,VEHICULO,39,FEMENINO,UNION LIBRE,COMERCIANTE,NO REPORTADA,TECNICO,COLOMBIA,"76,001,000",1
11/06/2014 12:00:00 AM,META,VILLAVICENCIO (CT),Miércoles,12:30,VILLA MARIA,URBANA,CASAS DE HABITACION,NO REPORTADA,A PIE,VEHICULO,56,FEMENINO,CASADO,COMERCIANTE,NO REPORTADA,SECUNDARIA,COLOMBIA,"5,148,000",1
11/06/2014 12:00:00 AM,META,VILLAVICENCIO (CT),Miércoles,12:30,VILLA MARIA,URBANA,CASAS DE HABITACION,ARMA DE FUEGO,A PIE,A PIE,60,MASCULINO,CASADO,COMERCIANTE,NO REPORTADA,SECUNDARIA,COLOMBIA,"85,250,000",1
11/06/2014 12:00:00 AM,GUAJIRA,URIBIA,Miércoles,22:00,CORREGIMIENTO DE NAZARETH,RURAL,FINCAS Y SIMILARES,ARMA DE FUEGO,A PIE,A PIE,63,FEMENINO,VIUDO,INDEPENDIENTE,NO REPORTADA,ANALFABETA,COLOMBIA,"85,250,000",1
12/06/2014 12:00:00 AM,ANTIOQUIA,PUERTO BERRÍO,Jueves,10:00,EL BRASIL,RURAL,FINCAS Y SIMILARES,ARMA BLANCA / CORTOPUNZANTE,NO REPORTADA,CONDUCTOR TAXI,27,MASCULINO,UNION LIBRE,AGRICULTOR,NO REPORTADA,PRIMARIA,COLOMBIA,"11,001,000",1
13/06/2014,GUAJIRA,ALBANIA,Viernes,1:00,VILLA REINA,RURAL,FINCAS Y SIMILARES,ARMA BLANCA / CORTOPUNZANTE,A PIE,VEHICULO,73,MASCULINO,SOLTERO,GANADERO,NO REPORTADA,SECUNDARIA,COLOMBIA,"50,711,000",1
16/06/2014,CUNDINAMARCA,BOGOTÁ D.C. (CT),Lunes,16:00,SANTA FE E-7,URBANA,VIAS PUBLICAS,ARMA BLANCA / CORTOPUNZANTE,A PIE,VEHICULO,20,FEMENINO,SOLTERO,ESTUDIANTE,NO REPORTADA,SUPERIOR,COLOMBIA,"50,711,000",1
16/06/2014,ANTIOQUIA,MEDELLÍN (CT),Lunes,19:00,SEVILLA  C-4,URBANA,VIAS PUBLICAS,ARMA BLANCA / CORTOPUNZANTE,A PIE,VEHICULO,53,FEMENINO,VIUDO,EMPLEADO PARTICULAR,ADMINISTRADOR DE EMPRESAS,SUPERIOR,COLOMBIA,"52,356,000",1
18/06/2014,CUNDINAMARCA,BOGOTÁ D.C. (CT),Miércoles,13:30,EL EJIDO E-16,URBANA,VIAS PUBLICAS,ARMA BLANCA / CORTOPUNZANTE,NO REPORTADA,NO REPORTADA,34,FEMENINO,UNION LIBRE,EMPLEADO PARTICULAR,NO REPORTADA,TECNOLOGO,COLOMBIA,"25,175,000",1
20/06/2014,VALLE,CALI (CT),Viernes,23:50,ALFONSO LOPEZ I E7,URBANA,CASAS DE HABITACION,NO REPORTADO,A PIE,A PIE,6,FEMENINO,SOLTERO,ESTUDIANTE,NO REPORTADA,PRIMARIA,COLOMBIA,"11,001,000",1
24/06/2014,CUNDINAMARCA,BOGOTÁ D.C. (CT),Martes,1:05,SANTA MARIA DEL LAGO E-10,URBANA,VIAS PUBLICAS,ARMA BLANCA / CORTOPUNZANTE,NO REPORTADA,CONDUCTOR MOTOCICLETA,56,MASCULINO,CASADO,DESEMPLEADO,NO REPORTADA,SECUNDARIA,COLOMBIA,"52,838,000",1
24/06/2014,CUNDINAMARCA,BOGOTÁ D.C. (CT),Martes,1:05,SANTA MARIA DEL LAGO E-10,URBANA,VIAS PUBLICAS,ARMA BLANCA / CORTOPUNZANTE,A PIE,VEHICULO,32,MASCULINO,SOLTERO,ESTUDIANTE,NO REPORTADA,SECUNDARIA,COLOMBIA,"85,250,000",1
26/06/2014,NORTE DE SANTANDER,CÚCUTA (CT),Jueves,17:00,BARRIO PRADOS DEL NORTE,URBANA,VIAS PUBLICAS,ARMA BLANCA / CORTOPUNZANTE,A PIE,VEHICULO,37,MASCULINO,CASADO,EMPLEADO PARTICULAR,NO REPORTADA,SECUNDARIA,COLOMBIA,"19,142,000",1
27/06/2014,BOYACÁ,CIÉNEGA,Viernes,9:00,VDA. SAN VICENTE,RURAL,FINCAS Y SIMILARES,ARMA BLANCA / CORTOPUNZANTE,A PIE,VEHICULO,55,MASCULINO,CASADO,EMPLEADO PARTICULAR,NO REPORTADA,SUPERIOR,COLOMBIA,"19,142,000",1
27/06/2014,BOYACÁ,CIÉNEGA,Viernes,9:00,VDA. SAN VICENTE,RURAL,FINCAS Y SIMILARES,ARMA BLANCA / CORTOPUNZANTE,A PIE,A PIE,75,FEMENINO,SOLTERO,AMA DE CASA,NO REPORTADA,PRIMARIA,COLOMBIA,"27,413,000",1
29/06/2014,CESAR,CURUMANÍ,Domingo,15:00,VEREDA,RURAL,FINCAS Y SIMILARES,ARMA BLANCA / CORTOPUNZANTE,A PIE,VEHICULO,32,MASCULINO,SOLTERO,EMPLEADO PARTICULAR,GEOLOGO,SUPERIOR,COLOMBIA,"19,622,000",1
29/06/2014,TOLIMA,AMBALEMA,Domingo,18:00,LA ESPERANZA,RURAL,FINCAS Y SIMILARES,ARMA BLANCA / CORTOPUNZANTE,CONDUCTOR MOTOCICLETA,A PIE,33,MASCULINO,SOLTERO,AGRICULTOR,NO REPORTADA,SECUNDARIA,COLOMBIA,"18,753,000",1
29/06/2014,TOLIMA,AMBALEMA,Domingo,18:00,LA ESPERANZA,RURAL,FINCAS Y SIMILARES,ARMA BLANCA / CORTOPUNZANTE,A PIE,A PIE,24,MASCULINO,UNION LIBRE,AGRICULTOR,NO REPORTADA,SECUNDARIA,COLOMBIA,"50,573,000",1
01/07/2014 12:00:00 AM,ARAUCA,ARAUCA (CT),Martes,11:15,7 DE AGOSTO,URBANA,VIAS PUBLICAS,NO REPORTADO,A PIE,A PIE,48,MASCULINO,CASADO,EMPLEADO PARTICULAR,INGENIERO CIVIL,SUPERIOR,COLOMBIA,"5,001,000",1
02/07/2014 12:00:00 AM,GUAJIRA,MAICAO,Miércoles,6:00,SECTOR DE CUATRO VIAS,RURAL,FINCAS Y SIMILARES,ARMA BLANCA / CORTOPUNZANTE,A PIE,A PIE,26,MASCULINO,SOLTERO,EMPLEADO PARTICULAR,NO REPORTADA,SECUNDARIA,NO REPORTADA,"81,736,000",1
02/07/2014 12:00:00 AM,TOLIMA,ALVARADO,Miércoles,21:15,VRDA. CALDAS VIEJO,RURAL,VIAS PUBLICAS,ARMA BLANCA / CORTOPUNZANTE,CONDUCTOR TAXI,VEHICULO,31,MASCULINO,CASADO,COMERCIANTE,NO REPORTADA,SECUNDARIA,COLOMBIA,"76,001,000",1
03/07/2014 12:00:00 AM,BOYACÁ,SAMACÁ,Jueves,9:30,EL PROGRESO,URBANA,CASAS DE HABITACION,ARMA BLANCA / CORTOPUNZANTE,CONDUCTOR TAXI,VEHICULO,25,MASCULINO,UNION LIBRE,EMPLEADO PARTICULAR,NO REPORTADA,PRIMARIA,COLOMBIA,"76,001,000",1
03/07/2014 12:00:00 AM,GUAJIRA,MAICAO,Jueves,16:20,CENTRO,URBANA,CLINICAS Y SIMILARES,NO REPORTADO,VEHICULO,A PIE,2,FEMENINO,SOLTERO,ESTUDIANTE,NO REPORTADA,NO REPORTADO,COLOMBIA,"66,001,000",1
05/07/2014 12:00:00 AM,TOLIMA,IBAGUÉ (CT),Sábado,16:00,BELEN,URBANA,VIAS PUBLICAS,ARMA BLANCA / CORTOPUNZANTE,NO REPORTADA,NO REPORTADA,20,FEMENINO,SOLTERO,EMPLEADO PARTICULAR,NO REPORTADA,SECUNDARIA,COLOMBIA,"52,320,000",1
06/07/2014 12:00:00 AM,QUINDÍO,FILANDIA,Domingo,10:00,ZONA CENTRO,URBANA,VIAS PUBLICAS,ARMA BLANCA / CORTOPUNZANTE,NO REPORTADA,NO REPORTADA,24,MASCULINO,UNION LIBRE,EMPLEADO PARTICULAR,NO REPORTADA,SECUNDARIA,COLOMBIA,"52,320,000",1
10/07/2014 12:00:00 AM,CUNDINAMARCA,BOGOTÁ D.C. (CT),Jueves,15:00,CIUDAD KENNEDY CENTRAL E-8,URBANA,VIAS PUBLICAS,ARMA BLANCA / CORTOPUNZANTE,NO REPORTADA,NO REPORTADA,33,MASCULINO,SOLTERO,EMPLEADO PARTICULAR,NO REPORTADA,SECUNDARIA,COLOMBIA,"52,320,000",1
12/07/2014 12:00:00 AM,CUNDINAMARCA,BOGOTÁ D.C. (CT),Sábado,19:25,SAMPER MENDOZA E-14,URBANA,BODEGAS Y SIMILARES,ARMA BLANCA / CORTOPUNZANTE,CONDUCTOR TAXI,CONDUCTOR TAXI,34,MASCULINO,CASADO,EMPLEADO PARTICULAR,NO REPORTADA,SECUNDARIA,COLOMBIA,"11,001,000",1
12/07/2014 12:00:00 AM,CUNDINAMARCA,BOGOTÁ D.C. (CT),Sábado,19:25,SAMPER MENDOZA E-14,URBANA,BODEGAS Y SIMILARES,ARMA BLANCA / CORTOPUNZANTE,A PIE,A PIE,42,MASCULINO,CASADO,EMPLEADO PARTICULAR,NO REPORTADA,SECUNDARIA,COLOMBIA,"18,410,000",1
12/07/2014 12:00:00 AM,CUNDINAMARCA,BOGOTÁ D.C. (CT),Sábado,0:00,INDUSTRIAL CENTENARIO II SECTOR E-16,URBANA,VIAS PUBLICAS,NO REPORTADO,A PIE,A PIE,55,MASCULINO,CASADO,COMERCIANTE,NO REPORTADA,SECUNDARIA,COLOMBIA,"25,785,000",1
13/07/2014,NORTE DE SANTANDER,OCAÑA,Domingo,7:00,SECTOR ACOLSURE,URBANA,VIAS PUBLICAS,ARMA DE FUEGO,VEHICULO,A PIE,27,MASCULINO,SOLTERO,COMERCIANTE,NO REPORTADA,SECUNDARIA,COLOMBIA,"85,010,000",1
13/07/2014,HUILA,ISNOS,Domingo,19:00,VEREDA SAN LORENZO,RURAL,FINCAS Y SIMILARES,ARMA BLANCA / CORTOPUNZANTE,A PIE,A PIE,34,MASCULINO,UNION LIBRE,AGRICULTOR,NO REPORTADA,SECUNDARIA,COLOMBIA,"68,101,000",1
14/07/2014,ANTIOQUIA,MEDELLÍN (CT),Lunes,18:15,MANRIQUE 1  C-4,URBANA,VIAS PUBLICAS,ARMA BLANCA / CORTOPUNZANTE,A PIE,A PIE,18,FEMENINO,SOLTERO,ESTUDIANTE,NO REPORTADA,SECUNDARIA,COLOMBIA,"68,780,000",1
15/07/2014,CUNDINAMARCA,BOGOTÁ D.C. (CT),Martes,18:15,EL CAMPIN (ESTADIO) E-13,URBANA,TRANSPORTE PÚBLICO,NO REPORTADA,VEHICULO,A PIE,40,FEMENINO,CASADO,EMPLEADO PARTICULAR,NO REPORTADA,SECUNDARIA,COLOMBIA,"11,001,000",1
15/07/2014,TOLIMA,ROVIRA,Martes,20:30,VRDA. AURES,RURAL,FINCAS Y SIMILARES,NO REPORTADA,A PIE,VEHICULO,84,FEMENINO,CASADO,AMA DE CASA,NO REPORTADA,PRIMARIA,COLOMBIA,"11,001,000",1
15/07/2014,TOLIMA,ROVIRA,Martes,20:30,VRDA. AURES,RURAL,FINCAS Y SIMILARES,ARMA BLANCA / CORTOPUNZANTE,VEHICULO,VEHICULO,44,MASCULINO,CASADO,AGRICULTOR,NO REPORTADA,PRIMARIA,COLOMBIA,"11,001,000",1
15/07/2014,TOLIMA,ROVIRA,Martes,20:30,VRDA. AURES,RURAL,FINCAS Y SIMILARES,ARMA DE FUEGO,A PIE,VEHICULO,54,MASCULINO,SEPARADO,AGRICULTOR,NO REPORTADA,PRIMARIA,COLOMBIA,"54,820,000",1
15/07/2014,TOLIMA,ROVIRA,Martes,20:30,VRDA. AURES,RURAL,FINCAS Y SIMILARES,ARMA DE FUEGO,A PIE,VEHICULO,44,MASCULINO,SOLTERO,AGRICULTOR,NO REPORTADA,ANALFABETA,COLOMBIA,"54,820,000",1
15/07/2014,TOLIMA,ROVIRA,Martes,20:30,VRDA. AURES,RURAL,FINCAS Y SIMILARES,ARMA BLANCA / CORTOPUNZANTE,A PIE,VEHICULO,36,FEMENINO,CASADO,AMA DE CASA,NO REPORTADA,PRIMARIA,COLOMBIA,"19,450,000",1
17/07/2014,CAUCA,SANTANDER DE QUILICHAO,Jueves,12:30,VDA MANDIVA,RURAL,FINCAS Y SIMILARES,ARMA BLANCA / CORTOPUNZANTE,A PIE,A PIE,10,FEMENINO,SOLTERO,ESTUDIANTE,NO REPORTADA,PRIMARIA,COLOMBIA,"11,001,000",1
18/07/2014,ARAUCA,FORTUL,Viernes,10:00,12 DE OCTUBRE,URBANA,VIAS PUBLICAS,ARMA BLANCA / CORTOPUNZANTE,CONDUCTOR TAXI,CONDUCTOR TAXI,52,MASCULINO,UNION LIBRE,EMPLEADO PARTICULAR,NO REPORTADA,TECNOLOGO,COLOMBIA,"11,001,000",1
20/07/2014,CAUCA,POPAYÁN (CT),Domingo,11:55,LAS PALMAS,URBANA,TERMINAL DE TRANSPORTES,ARMA BLANCA / CORTOPUNZANTE,CONDUCTOR TAXI,CONDUCTOR TAXI,42,MASCULINO,CASADO,COMERCIANTE,NO REPORTADA,PRIMARIA,COLOMBIA,"11,001,000",1
21/07/2014,CUNDINAMARCA,BOGOTÁ D.C. (CT),Lunes,12:10,LOMBARDIA II E-11,URBANA,VIAS PUBLICAS,ARMA BLANCA / CORTOPUNZANTE,NO REPORTADA,NO REPORTADA,8,MASCULINO,SOLTERO,ESTUDIANTE,NO REPORTADA,PRIMARIA,COLOMBIA,"44,430,000",1
22/07/2014,SUCRE,SINCELEJO (CT),Martes,20:30,CENTRO,URBANA,CASAS DE HABITACION,NO REPORTADO,CONDUCTOR MOTOCICLETA,A PIE,71,MASCULINO,UNION LIBRE,EMPLEADO PARTICULAR,MEDICO,SUPERIOR,NO REPORTADA,"5,318,000",1
22/07/2014,NORTE DE SANTANDER,EL ZULIA,Martes,9:00,CORREGIMIENTO LA Y,RURAL,FINCAS Y SIMILARES,NO REPORTADO,A PIE,VEHICULO,27,MASCULINO,UNION LIBRE,EMPLEADO PARTICULAR,NO REPORTADA,SECUNDARIA,COLOMBIA,"18,460,000",1
25/07/2014,ARAUCA,SARAVENA,Viernes,19:00,SAN VICENTE,URBANA,CASAS DE HABITACION,ARMA BLANCA / CORTOPUNZANTE,CONDUCTOR MOTOCICLETA,A PIE,29,MASCULINO,UNION LIBRE,EMPLEADO PARTICULAR,NO REPORTADA,TECNOLOGO,COLOMBIA,"54,820,000",1
25/07/2014,VALLE,EL CERRITO,Viernes,9:30,CORREGIMIENTO SANTA ELENA,RURAL,FINCAS Y SIMILARES,NO REPORTADO,A PIE,VEHICULO,71,MASCULINO,CASADO,PENSIONADO,NO REPORTADA,SUPERIOR,COLOMBIA,"11,001,000",1
28/07/2014,MAGDALENA,SANTA ANA,Lunes,17:30,VEREDA DE TAPIAS,URBANA,FINCAS Y SIMILARES,NO REPORTADA,A PIE,CONDUCTOR MOTOCICLETA,82,MASCULINO,CASADO,GANADERO,NO REPORTADA,PRIMARIA,COLOMBIA,"52,215,000",1
28/07/2014,BOYACÁ,PANQUEBA,Lunes,18:45,VDA. ORGONIGA,RURAL,FINCAS Y SIMILARES,ARMA BLANCA / CORTOPUNZANTE,A PIE,A PIE,68,FEMENINO,VIUDO,PENSIONADO,NO REPORTADA,PRIMARIA,COLOMBIA,"81,794,000",1
30/07/2014,CUNDINAMARCA,BOGOTÁ D.C. (CT),Miércoles,16:40,HIPOTECHO OCCIDENTAL E-8,URBANA,VIAS PUBLICAS,NO REPORTADA,A PIE,A PIE,24,MASCULINO,UNION LIBRE,EMPLEADO PARTICULAR,NO REPORTADA,SECUNDARIA,COLOMBIA,"18,860,000",1
02/08/2014 12:00:00 AM,TOLIMA,ESPINAL,Sábado,0:00,CENTRO,URBANA,VIAS PUBLICAS,NO REPORTADA,A PIE,VEHICULO,46,MASCULINO,SOLTERO,EMPLEADO PARTICULAR,NO REPORTADA,SUPERIOR,COLOMBIA,"52,356,000",1
02/08/2014 12:00:00 AM,HUILA,TESALIA,Sábado,18:30,VEREDA LOS YUYOS,RURAL,FINCAS Y SIMILARES,NO REPORTADA,A PIE,VEHICULO,15,MASCULINO,SOLTERO,ESTUDIANTE,NO REPORTADA,SECUNDARIA,COLOMBIA,"52,356,000",1
06/08/2014 12:00:00 AM,NORTE DE SANTANDER,TOLEDO,Miércoles,12:20,CORREGIMIENTO GIBRALTAR,RURAL,FINCAS Y SIMILARES,ARMA BLANCA / CORTOPUNZANTE,A PIE,A PIE,41,MASCULINO,CASADO,EMPLEADO PARTICULAR,TOPOGRAFO,SUPERIOR,COLOMBIA,"20,011,000",1
07/08/2014 12:00:00 AM,CHOCÓ,ISTMINA,Jueves,12:00,CARRETERA,RURAL,FINCAS Y SIMILARES,ARMA BLANCA / CORTOPUNZANTE,A PIE,VEHICULO,61,MASCULINO,CASADO,EMPLEADO PUBLICO,NO REPORTADA,SECUNDARIA,COLOMBIA,"27,491,000",1
08/08/2014 12:00:00 AM,ANTIOQUIA,MEDELLÍN (CT),Viernes,6:50,LAS BRISAS C-5,URBANA,PUENTE,ARMA BLANCA / CORTOPUNZANTE,A PIE,A PIE,36,FEMENINO,CASADO,EMPLEADO PARTICULAR,PSICOLOGO,SUPERIOR,COLOMBIA,"11,001,000",1
10/08/2014 12:00:00 AM,ANTIOQUIA,SANTAFÉ DE ANTIOQUIA,Domingo,10:00,LA MAQUEA,URBANA,CASAS DE HABITACION,NO REPORTADO,A PIE,A PIE,8,FEMENINO,SOLTERO,ESTUDIANTE,NO REPORTADA,PRIMARIA,COLOMBIA,"73,563,000",1
13/08/2014,GUAJIRA,URIBIA,Miércoles,19:00,LAS MERCEDES,URBANA,CASAS DE HABITACION,ARMA BLANCA / CORTOPUNZANTE,NO REPORTADA,NO REPORTADA,55,MASCULINO,UNION LIBRE,EMPLEADO PARTICULAR,ADMINISTRADOR DE EMPRESAS,SUPERIOR,COLOMBIA,"13,433,000",1
14/08/2014,VALLE,PALMIRA,Jueves,16:00,CORREGIMIENTO PALMASECA,URBANA,AEROPUERTO,ARMA BLANCA / CORTOPUNZANTE,NO REPORTADA,NO REPORTADA,21,FEMENINO,SOLTERO,ESTUDIANTE,NO REPORTADA,SECUNDARIA,COLOMBIA,"13,433,000",1
16/08/2014,BOYACÁ,SOGAMOSO,Sábado,1:00,TERMINAL DE TRANSPORTES,URBANA,TRANSPORTE PÚBLICO,ARMA BLANCA / CORTOPUNZANTE,NO REPORTADA,NO REPORTADA,19,MASCULINO,SOLTERO,ESTUDIANTE,NO REPORTADA,SUPERIOR,COLOMBIA,"13,433,000",1
19/08/2014,VALLE,BOLÍVAR,Martes,11:00,CRGTO LA PRIMAVERA,RURAL,VIAS PUBLICAS,ARMA BLANCA / CORTOPUNZANTE,NO REPORTADA,NO REPORTADA,40,MASCULINO,CASADO,EMPLEADO PARTICULAR,NO REPORTADA,SECUNDARIA,COLOMBIA,"54,001,000",1
23/08/2014,BOYACÁ,DUITAMA,Sábado,16:00,VDA. SAN LUIS,RURAL,FINCAS Y SIMILARES,ARMA BLANCA / CORTOPUNZANTE,NO REPORTADA,A PIE,26,MASCULINO,UNION LIBRE,EMPLEADO PARTICULAR,NO REPORTADA,PRIMARIA,COLOMBIA,"54,001,000",1
24/08/2014,VALLE,CALI (CT),Domingo,14:00,VILLA BLANCA E13,URBANA,CASAS DE HABITACION,ARMA BLANCA / CORTOPUNZANTE,VEHICULO,A PIE,6,MASCULINO,SOLTERO,ESTUDIANTE,NO REPORTADA,PRIMARIA,COLOMBIA,"85,010,000",1
24/08/2014,ARAUCA,TAME,Domingo,9:00,CENTRO,URBANA,"HOTELES, RESIDENCIAS, Y SIMILARES.",ARMA BLANCA / CORTOPUNZANTE,VEHICULO,A PIE,50,MASCULINO,CASADO,EMPLEADO PARTICULAR,INGENIERO,SUPERIOR,COLOMBIA,"85,010,000",1
25/08/2014,CESAR,AGUACHICA,Lunes,12:30,VILLA CONTRI,URBANA,CASAS DE HABITACION,NO REPORTADA,NO REPORTADA,NO REPORTADA,45,MASCULINO,CASADO,COMERCIANTE,NO REPORTADA,PRIMARIA,COLOMBIA,"81,736,000",1
25/08/2014,CUNDINAMARCA,BOGOTÁ D.C. (CT),Lunes,15:04,SAGRADO CORAZON E-3,URBANA,VIAS PUBLICAS,NO REPORTADA,NO REPORTADA,NO REPORTADA,29,MASCULINO,SOLTERO,COMERCIANTE,NO REPORTADA,SECUNDARIA,COLOMBIA,"81,736,000",1
26/08/2014,CUNDINAMARCA,BOGOTÁ D.C. (CT),Martes,9:10,SAN FELIPE E-12,URBANA,CASA EN CONJUNTO CERRADO,NO REPORTADA,NO REPORTADA,NO REPORTADA,29,MASCULINO,UNION LIBRE,COMERCIANTE,NO REPORTADA,SECUNDARIA,COLOMBIA,"81,736,000",1
26/08/2014,HUILA,ALGECIRAS,Martes,15:50,VEREDA ALTOS DE RIO NEIVA,RURAL,VIAS PUBLICAS,NO REPORTADO,VEHICULO,VEHICULO,26,MASCULINO,CASADO,EDUCADOR,NO REPORTADA,SUPERIOR,COLOMBIA,"50,689,000",1
27/08/2014,HUILA,CAMPOALEGRE,Miércoles,14:00,VEREDA BAJO BEJUCAL,RURAL,FINCAS Y SIMILARES,ARMA BLANCA / CORTOPUNZANTE,A PIE,VEHICULO,59,MASCULINO,CASADO,EDUCADOR,ADMINISTRADOR EDUCATIVO,SUPERIOR,COLOMBIA,"20,060,000",1
30/08/2014,NARIÑO,CÓRDOBA,Sábado,10:30,CINCUENTENARIO,URBANA,LOCAL COMERCIAL,NO REPORTADO,A PIE,A PIE,27,FEMENINO,CASADO,COMERCIANTE,NO REPORTADA,SUPERIOR,COLOMBIA,"85,001,000",1
31/08/2014,CUNDINAMARCA,BOGOTÁ D.C. (CT),Domingo,18:30,NUEVA GRANADA E-7,URBANA,CASAS DE HABITACION,ARMA BLANCA / CORTOPUNZANTE,A PIE,A PIE,1,FEMENINO,SOLTERO,ESTUDIANTE,NO REPORTADA,NO REPORTADO,COLOMBIA,"76,243,000",1
05/09/2014 12:00:00 AM,VALLE,CALI (CT),Viernes,10:00,3 DE JULIO E19,URBANA,VIAS PUBLICAS,ARMA BLANCA / CORTOPUNZANTE,A PIE,VEHICULO,27,MASCULINO,SOLTERO,EMPLEADO PARTICULAR,ADMINISTRADOR DE EMPRESAS,SUPERIOR,COLOMBIA,"11,001,000",1
05/09/2014 12:00:00 AM,CAUCA,VILLA RICA,Viernes,22:00,SITIO A Y VIA PANAMERICANA,URBANA,VIAS PUBLICAS,ARMA BLANCA / CORTOPUNZANTE,A PIE,VEHICULO,29,MASCULINO,SOLTERO,EMPLEADO PARTICULAR,ADMINISTRADOR DE EMPRESAS,SUPERIOR,COLOMBIA,"52,378,000",1
05/09/2014 12:00:00 AM,CAUCA,VILLA RICA,Viernes,22:00,SITIO A Y VIA PANAMERICANA,URBANA,VIAS PUBLICAS,ARMA BLANCA / CORTOPUNZANTE,VEHICULO,VEHICULO,27,MASCULINO,SOLTERO,EMPLEADO PARTICULAR,ADMINISTRADOR DE EMPRESAS,SUPERIOR,COLOMBIA,"11,001,000",1
06/09/2014 12:00:00 AM,NORTE DE SANTANDER,CONVENCIÓN,Sábado,19:00,BARRIO EL CENTRO (CONVENCION),URBANA,VIAS PUBLICAS,NO REPORTADO,A PIE,A PIE,39,MASCULINO,SOLTERO,COMERCIANTE,NO REPORTADA,SECUNDARIA,COLOMBIA,"11,001,000",1
07/09/2014 12:00:00 AM,CESAR,GONZÁLEZ,Domingo,14:00,CORREGIMIENTO,RURAL,FINCAS Y SIMILARES,ARMA BLANCA / CORTOPUNZANTE,A PIE,A PIE,44,MASCULINO,CASADO,EMPLEADO PARTICULAR,MEDICO,SUPERIOR,COLOMBIA,"11,001,000",1
08/09/2014 12:00:00 AM,TOLIMA,IBAGUÉ (CT),Lunes,17:00,VRDA. JUNTAS,RURAL,FINCAS Y SIMILARES,ARMA BLANCA / CORTOPUNZANTE,A PIE,A PIE,52,MASCULINO,UNION LIBRE,COMERCIANTE,NO REPORTADA,PRIMARIA,COLOMBIA,"18,247,000",1
08/09/2014 12:00:00 AM,TOLIMA,IBAGUÉ (CT),Lunes,17:00,VRDA. JUNTAS,RURAL,FINCAS Y SIMILARES,ARMA BLANCA / CORTOPUNZANTE,A PIE,A PIE,40,MASCULINO,UNION LIBRE,COMERCIANTE,NO REPORTADA,SECUNDARIA,COLOMBIA,"11,001,000",1
09/09/2014 12:00:00 AM,CHOCÓ,BAGADÓ,Martes,9:00,MEDIA LUNA,RURAL,RIOS,NO REPORTADO,A PIE,VEHICULO,45,MASCULINO,UNION LIBRE,EMPLEADO PARTICULAR,NO REPORTADA,PRIMARIA,COLOMBIA,"52,317,000",1
09/09/2014 12:00:00 AM,CHOCÓ,QUIBDÓ (CT),Martes,14:30,ZONA MINERA,RURAL,TIPO EXPLOTACIÓN ORO,ARMA BLANCA / CORTOPUNZANTE,VEHICULO,VEHICULO,18,MASCULINO,SOLTERO,EMPLEADO PARTICULAR,NO REPORTADA,SECUNDARIA,COLOMBIA,"52,356,000",1
11/09/2014 12:00:00 AM,PUTUMAYO,VILLAGARZÓN,Jueves,11:00,PUERTO UMBRIA,RURAL,FINCAS Y SIMILARES,NO REPORTADO,A PIE,VEHICULO,48,MASCULINO,CASADO,COMERCIANTE,NO REPORTADA,SECUNDARIA,COLOMBIA,"20,710,000",1
11/09/2014 12:00:00 AM,CUNDINAMARCA,TOCAIMA,Jueves,14:30,EL CRUCE,URBANA,VIAS PUBLICAS,NO REPORTADO,A PIE,VEHICULO,58,MASCULINO,CASADO,COMERCIANTE,NO REPORTADA,SUPERIOR,COLOMBIA,"52,838,000",1
13/09/2014,CESAR,PAILITAS,Sábado,12:15,COR. EL BURRO,RURAL,FINCAS Y SIMILARES,NO REPORTADO,CONDUCTOR TAXI,A PIE,53,MASCULINO,CASADO,GANADERO,NO REPORTADA,SUPERIOR,COLOMBIA,"8,001,000",1
16/09/2014,VALLE,CALI (CT),Martes,9:00,EL GUABAL E10,URBANA,BANCOS,ARMA BLANCA / CORTOPUNZANTE,A PIE,VEHICULO,31,FEMENINO,SOLTERO,EMPLEADO PARTICULAR,ADMINISTRADOR DE EMPRESAS,SUPERIOR,COLOMBIA,"76,834,000",1
18/09/2014,GUAJIRA,RIOHACHA (CT),Jueves,8:00,LUIS EDUARDO CUELLAR,URBANA,CASAS DE HABITACION,NO REPORTADO,CONDUCTOR TAXI,CONDUCTOR TAXI,9,FEMENINO,SOLTERO,ESTUDIANTE,NO REPORTADA,NO REPORTADO,COLOMBIA,"11,001,000",1
22/09/2014,NARIÑO,SAN ANDRES DE TUMACO,Lunes,12:40,URBANIZACION MIRAMAR,URBANA,"COLEGIOS, ESCUELAS",NO REPORTADO,CONDUCTOR MOTOCICLETA,A PIE,11,MASCULINO,SOLTERO,ESTUDIANTE,NO REPORTADA,PRIMARIA,COLOMBIA,"27,001,000",1
22/09/2014,CESAR,PELAYA,Lunes,12:45,LAS FLOREZ,URBANA,CASAS DE HABITACION,NO REPORTADO,A PIE,VEHICULO,44,FEMENINO,CASADO,COMERCIANTE,NO REPORTADA,PRIMARIA,COLOMBIA,"47,058,000",1
30/09/2014,GUAJIRA,RIOHACHA (CT),Martes,6:45,NUEVO MILENIO,RURAL,FINCAS Y SIMILARES,NO REPORTADO,VEHICULO,NO REPORTADA,51,MASCULINO,CASADO,COMERCIANTE,NO REPORTADA,SECUNDARIA,COLOMBIA,"76,001,000",1
30/09/2014,CUNDINAMARCA,BOGOTÁ D.C. (CT),Martes,21:30,SAN JOAQUÍN DEL VATICANO E-19,URBANA,VIAS PUBLICAS,ARMA BLANCA / CORTOPUNZANTE,A PIE,A PIE,19,MASCULINO,SOLTERO,ESTUDIANTE,NO REPORTADA,SUPERIOR,COLOMBIA,"76,001,000",1
03/10/2014 12:00:00 AM,CUNDINAMARCA,BOGOTÁ D.C. (CT),Viernes,19:00,EL CAMPIN E-13,URBANA,VIAS PUBLICAS,ARMA BLANCA / CORTOPUNZANTE,A PIE,A PIE,34,MASCULINO,UNION LIBRE,COMERCIANTE,NO REPORTADA,SUPERIOR,COLOMBIA,"76,001,000",1
05/10/2014 12:00:00 AM,PUTUMAYO,MOCOA (CT),Domingo,16:30,VDA. EL ZARZAL,RURAL,FINCAS Y SIMILARES,ARMA BLANCA / CORTOPUNZANTE,A PIE,A PIE,28,MASCULINO,SOLTERO,EMPLEADO PARTICULAR,ABOGADO,SUPERIOR,COLOMBIA,"54,001,000",1
08/10/2014 12:00:00 AM,ANTIOQUIA,LA UNIÓN,Miércoles,20:30,BUENAVISTA,RURAL,FINCAS Y SIMILARES,ARMA BLANCA / CORTOPUNZANTE,CONDUCTOR MOTOCICLETA,A PIE,60,MASCULINO,CASADO,COMERCIANTE,NO REPORTADA,SECUNDARIA,COLOMBIA,"50,711,000",1
10/10/2014 12:00:00 AM,SUCRE,MORROA,Viernes,16:00,SAN BLAS,RURAL,FINCAS Y SIMILARES,ARMA BLANCA / CORTOPUNZANTE,VEHICULO,VEHICULO,54,MASCULINO,CASADO,GANADERO,NO REPORTADA,SECUNDARIA,COLOMBIA,"52,585,000",1
15/10/2014,NORTE DE SANTANDER,OCAÑA,Miércoles,7:50,BARRIO IV CENTENARIO,URBANA,CASAS DE HABITACION,NO REPORTADO,NO REPORTADA,A PIE,57,MASCULINO,CASADO,GANADERO,NO REPORTADA,SECUNDARIA,COLOMBIA,"76,001,000",1
17/10/2014,ARAUCA,ARAUCA (CT),Viernes,10:45,VEREDA MATACANDELA,RURAL,FINCAS Y SIMILARES,NO REPORTADO,A PIE,A PIE,36,MASCULINO,CASADO,EMPLEADO PARTICULAR,NO REPORTADA,SECUNDARIA,COLOMBIA,"19,001,000",1
17/10/2014,ARAUCA,ARAUCA (CT),Viernes,10:45,VEREDA MATACANDELA,RURAL,FINCAS Y SIMILARES,ARMA BLANCA / CORTOPUNZANTE,NO REPORTADA,NO REPORTADA,40,MASCULINO,SOLTERO,EMPLEADO PARTICULAR,NO REPORTADA,SECUNDARIA,COLOMBIA,"76,147,000",1
17/10/2014,TOLIMA,CARMEN DE APICALÁ,Viernes,20:00,CENTRO,RURAL,FINCAS Y SIMILARES,NO REPORTADO,CONDUCTOR MOTOCICLETA,A PIE,60,MASCULINO,UNION LIBRE,COMERCIANTE,NO REPORTADA,SECUNDARIA,COLOMBIA,"54,206,000",1
20/10/2014,NORTE DE SANTANDER,LA PLAYA,Lunes,18:15,VEREDA LA VEGA DE SAN ANTONIO,RURAL,VIAS PUBLICAS,ARMA BLANCA / CORTOPUNZANTE,A PIE,CONDUCTOR TAXI,56,MASCULINO,CASADO,EMPLEADO PUBLICO,NO REPORTADA,SECUNDARIA,COLOMBIA,"5,001,000",1
20/10/2014,CASANARE,VILLANUEVA,Lunes,18:30,PUERTO ROSALES,RURAL,FINCAS Y SIMILARES,NO REPORTADO,NO REPORTADA,NO REPORTADA,52,FEMENINO,SOLTERO,EMPLEADO PARTICULAR,NO REPORTADA,SECUNDARIA,COLOMBIA,"27,001,000",1
21/10/2014,CUNDINAMARCA,BOGOTÁ D.C. (CT),Martes,12:50,MEISSEN E-19,URBANA,VIAS PUBLICAS,NO REPORTADO,NO REPORTADA,NO REPORTADA,19,FEMENINO,SOLTERO,ESTUDIANTE,NO REPORTADA,NO REPORTADA,COLOMBIA,"5,001,000",1
22/10/2014,VALLE,GINEBRA,Miércoles,9:00,VÍA NARANJAL,URBANA,VIAS PUBLICAS,NO REPORTADO,A PIE,A PIE,58,MASCULINO,CASADO,GANADERO,NO REPORTADA,SECUNDARIA,COLOMBIA,"73,408,000",1
22/10/2014,NARIÑO,SAPUYES,Miércoles,11:30,PANAMAL,RURAL,FINCAS Y SIMILARES,NO REPORTADO,VEHICULO,VEHICULO,64,MASCULINO,CASADO,GANADERO,NO REPORTADA,SECUNDARIA,COLOMBIA,"81,736,000",1
27/10/2014,META,PUERTO CONCORDIA,Lunes,10:00,VEREDA EL PORORIO,RURAL,FINCAS Y SIMILARES,NO REPORTADO,VEHICULO,A PIE,19,FEMENINO,SOLTERO,ESTUDIANTE,NO REPORTADA,TECNICO,COLOMBIA,"73,001,000",1
30/10/2014,VALLE,CALI (CT),Jueves,17:00,ATANASIO GIRARDOT E8,URBANA,VIAS PUBLICAS,NO REPORTADO,VEHICULO,A PIE,4,MASCULINO,SOLTERO,NO REPORTA,NO REPORTADA,ANALFABETA,COLOMBIA,"73,001,000",1
06/11/2014 12:00:00 AM,GUAJIRA,FONSECA,Jueves,15:45,VEREDA LAS TRES MARIAS,RURAL,FINCAS Y SIMILARES,NO REPORTADO,VEHICULO,A PIE,33,MASCULINO,SOLTERO,EMPLEADO PARTICULAR,INGENIERO,SUPERIOR,COLOMBIA,"52,001,000",1
06/11/2014 12:00:00 AM,GUAJIRA,FONSECA,Jueves,15:45,VEREDA LAS TRES MARIAS,RURAL,FINCAS Y SIMILARES,NO REPORTADO,NO REPORTADA,NO REPORTADA,36,MASCULINO,UNION LIBRE,EMPLEADO PARTICULAR,NO REPORTADA,SECUNDARIA,COLOMBIA,"52,001,000",1
06/11/2014 12:00:00 AM,GUAJIRA,FONSECA,Jueves,15:45,VEREDA LAS TRES MARIAS,RURAL,FINCAS Y SIMILARES,NO REPORTADO,A PIE,CONDUCTOR MOTOCICLETA,31,MASCULINO,UNION LIBRE,EMPLEADO PARTICULAR,NO REPORTADA,SECUNDARIA,COLOMBIA,"76,111,000",1
06/11/2014 12:00:00 AM,GUAJIRA,FONSECA,Jueves,15:45,VEREDA LAS TRES MARIAS,RURAL,FINCAS Y SIMILARES,NO REPORTADO,VEHICULO,A PIE,34,MASCULINO,UNION LIBRE,EMPLEADO PARTICULAR,NO REPORTADA,SUPERIOR,COLOMBIA,"76,109,000",1
06/11/2014 12:00:00 AM,GUAJIRA,FONSECA,Jueves,15:45,VEREDA LAS TRES MARIAS,RURAL,FINCAS Y SIMILARES,NO REPORTADO,VEHICULO,A PIE,39,MASCULINO,UNION LIBRE,EMPLEADO PARTICULAR,NO REPORTADA,SUPERIOR,COLOMBIA,"76,001,000",1
09/11/2014 12:00:00 AM,ARAUCA,TAME,Domingo,14:45,VEREDA LA ESPERANZA,RURAL,FINCAS Y SIMILARES,NO REPORTADO,VEHICULO,A PIE,22,MASCULINO,SOLTERO,EMPLEADO EJERCITO,NO REPORTADA,SECUNDARIA,COLOMBIA,"76,001,000",1
09/11/2014 12:00:00 AM,ARAUCA,TAME,Domingo,14:45,VEREDA LA ESPERANZA,RURAL,FINCAS Y SIMILARES,NO REPORTADO,A PIE,VEHICULO,24,MASCULINO,SOLTERO,EMPLEADO EJERCITO,NO REPORTADA,SECUNDARIA,COLOMBIA,"5,631,000",1
12/11/2014 12:00:00 AM,META,MAPIRIPÁN,Miércoles,15:00,VEREDA EL ÀGUILA,RURAL,FINCAS Y SIMILARES,ESPOSAS,A PIE,A PIE,50,MASCULINO,CASADO,GANADERO,NO REPORTADA,PRIMARIA,COLOMBIA,"17,524,000",1
13/11/2014,TOLIMA,VENADILLO,Jueves,17:30,VRDA. COFRADIA,RURAL,FINCAS Y SIMILARES,ARMA BLANCA / CORTOPUNZANTE,A PIE,A PIE,74,MASCULINO,CASADO,NO REPORTA,INGENIERO AGRONOMO,SUPERIOR,COLOMBIA,"52,435,000",1
14/11/2014,CAUCA,MIRANDA,Viernes,20:10,-,RURAL,VIAS PUBLICAS,ARMA BLANCA / CORTOPUNZANTE,A PIE,A PIE,48,FEMENINO,CASADO,AMA DE CASA,NO REPORTADA,SECUNDARIA,COLOMBIA,"52,435,000",1
14/11/2014,CAUCA,MIRANDA,Viernes,20:10,-,RURAL,VIAS PUBLICAS,NO REPORTADO,A PIE,A PIE,48,MASCULINO,CASADO,COMERCIANTE,NO REPORTADA,SECUNDARIA,COLOMBIA,"76,001,000",1
16/11/2014,CHOCÓ,QUIBDÓ (CT),Domingo,15:30,LAS MERCEDES,RURAL,FINCAS Y SIMILARES,NO REPORTADO,VEHICULO,VEHICULO,55,MASCULINO,CASADO,EMPLEADO EJERCITO,NO REPORTADA,SUPERIOR,COLOMBIA,"50,001,000",1
16/11/2014,CHOCÓ,QUIBDÓ (CT),Domingo,15:30,LAS MERCEDES,RURAL,FINCAS Y SIMILARES,ARMA BLANCA / CORTOPUNZANTE,A PIE,A PIE,27,MASCULINO,SOLTERO,EMPLEADO EJERCITO,NO REPORTADA,SECUNDARIA,COLOMBIA,"27,580,000",1
16/11/2014,CHOCÓ,QUIBDÓ (CT),Domingo,15:30,LAS MERCEDES,RURAL,FINCAS Y SIMILARES,NO REPORTADO,A PIE,A PIE,38,FEMENINO,CASADO,EMPLEADO PARTICULAR,ABOGADO,SUPERIOR,COLOMBIA,"19,050,000",1
20/11/2014,PUTUMAYO,VILLAGARZÓN,Jueves,8:40,VDA. LA COFANIA,RURAL,FINCAS Y SIMILARES,ARMA BLANCA / CORTOPUNZANTE,A PIE,A PIE,58,MASCULINO,CASADO,EMPLEADO PARTICULAR,NO REPORTADA,SECUNDARIA,COLOMBIA,"41,001,000",1
20/11/2014,PUTUMAYO,VILLAGARZÓN,Jueves,8:40,VDA. LA COFANIA,RURAL,FINCAS Y SIMILARES,NO REPORTADO,A PIE,A PIE,41,MASCULINO,CASADO,EMPLEADO PARTICULAR,NO REPORTADA,SECUNDARIA,COLOMBIA,"76,001,000",1
24/11/2014,CAUCA,PIENDAMÓ,Lunes,7:10,VDA SAN PEDRO,RURAL,FINCAS Y SIMILARES,ARMA BLANCA / CORTOPUNZANTE,A PIE,VEHICULO,14,MASCULINO,SOLTERO,ESTUDIANTE,NO REPORTADA,SECUNDARIA,COLOMBIA,"19,450,000",1
25/11/2014,CAUCA,ALMAGUER,Martes,9:00,EL ALTILLO,URBANA,VIAS PUBLICAS,NO REPORTADO,A PIE,PASAJERO BUS,9,MASCULINO,SOLTERO,ESTUDIANTE,NO REPORTADA,PRIMARIA,COLOMBIA,"81,001,000",1
26/11/2014,BOLÍVAR,TURBACO,Miércoles,14:45,LAS PARCELAS,URBANA,VIAS PUBLICAS,ARMA BLANCA / CORTOPUNZANTE,A PIE,VEHICULO,23,FEMENINO,SOLTERO,NO REPORTA,NO REPORTADA,ANALFABETA,COLOMBIA,"41,298,000",1
26/11/2014,CÓRDOBA,MONTELÍBANO,Miércoles,8:40,MUCHA JAGUA,URBANA,VIAS PUBLICAS,ARMA BLANCA / CORTOPUNZANTE,A PIE,VEHICULO,27,MASCULINO,SOLTERO,EMPLEADO PARTICULAR,NO REPORTADA,SECUNDARIA,COLOMBIA,"85,010,000",1
26/11/2014,BOLÍVAR,RÍO VIEJO,Miércoles,16:30,VEREDA SAN MIGUEL,RURAL,FINCAS Y SIMILARES,ARMA BLANCA / CORTOPUNZANTE,A PIE,VEHICULO,44,MASCULINO,UNION LIBRE,AGRICULTOR,NO REPORTADA,SECUNDARIA,COLOMBIA,"85,010,000",1
27/11/2014,VALLE,YUMBO,Jueves,7:00,CGTO ARROYOHONDOE25,URBANA,"COLEGIOS, ESCUELAS",ARMA BLANCA / CORTOPUNZANTE,A PIE,VEHICULO,15,FEMENINO,SOLTERO,ESTUDIANTE,NO REPORTADA,SECUNDARIA,COLOMBIA,"85,010,000",1
29/11/2014,GUAJIRA,RIOHACHA (CT),Sábado,19:00,VILLA YOLIMA,URBANA,VIAS PUBLICAS,NO REPORTADO,VEHICULO,CONDUCTOR MOTOCICLETA,30,MASCULINO,UNION LIBRE,EMPLEADO PARTICULAR,NO REPORTADA,SECUNDARIA,COLOMBIA,"81,300,000",1
01/12/2014 12:00:00 AM,VALLE,BUENAVENTURA,Lunes,10:30,EL PROGRESO,URBANA,CASAS DE HABITACION,ARMA DE FUEGO,VEHICULO,A PIE,34,MASCULINO,SOLTERO,EMPLEADO PARTICULAR,NO REPORTADA,TECNICO,COLOMBIA,"76,001,000",1
01/12/2014 12:00:00 AM,VALLE,BUENAVENTURA,Lunes,10:30,EL PROGRESO,URBANA,CASAS DE HABITACION,NO REPORTADO,A PIE,A PIE,31,MASCULINO,UNION LIBRE,EMPLEADO PARTICULAR,NO REPORTADA,SECUNDARIA,COLOMBIA,"52,835,000",1
02/12/2014 12:00:00 AM,NORTE DE SANTANDER,EL ZULIA,Martes,15:00,VEREDA LA ANGELITA,RURAL,FINCAS Y SIMILARES,ARMA BLANCA / CORTOPUNZANTE,VEHICULO,VEHICULO,36,MASCULINO,SOLTERO,COMERCIANTE,NO REPORTADA,PRIMARIA,COLOMBIA,"50,001,000",1
03/12/2014 12:00:00 AM,VALLE,BUENAVENTURA,Miércoles,6:50,CENTENARIO,RURAL,FINCAS Y SIMILARES,ARMA BLANCA / CORTOPUNZANTE,A PIE,VEHICULO,69,FEMENINO,CASADO,AMA DE CASA,NO REPORTADA,PRIMARIA,COLOMBIA,"5,761,000",1
04/12/2014 12:00:00 AM,META,ACACÍAS,Jueves,20:00,VILLA MANUELA,URBANA,VIAS PUBLICAS,NO REPORTADO,A PIE,A PIE,24,MASCULINO,UNION LIBRE,EMPLEADO PARTICULAR,NO REPORTADA,SECUNDARIA,COLOMBIA,"76,001,000",1
06/12/2014 12:00:00 AM,CAUCA,POPAYÁN (CT),Sábado,9:20,PUNTA LARGA,URBANA,CASAS DE HABITACION,ARMA BLANCA / CORTOPUNZANTE,A PIE,A PIE,63,FEMENINO,CASADO,AMA DE CASA,NO REPORTADA,PRIMARIA,COLOMBIA,"27,073,000",1
14/12/2014,VALLE,JAMUNDÍ,Domingo,22:00,COVICEDROS E24,URBANA,VIAS PUBLICAS,NO REPORTADA,A PIE,A PIE,51,MASCULINO,SOLTERO,COMERCIANTE,NO REPORTADA,SECUNDARIA,COLOMBIA,"76,736,000",1
14/12/2014,NARIÑO,BARBACOAS,Domingo,23:00,VEREDA JUNIN,RURAL,FINCAS Y SIMILARES,ARMA BLANCA / CORTOPUNZANTE,A PIE,A PIE,29,MASCULINO,UNION LIBRE,EMPLEADO PARTICULAR,NO REPORTADA,SECUNDARIA,COLOMBIA,"76,233,000",1
16/12/2014,CHOCÓ,ALTO BAUDÓ,Martes,14:00,EL RIO,RURAL,FINCAS Y SIMILARES,NO REPORTADO,A PIE,A PIE,41,MASCULINO,CASADO,POLITICO,NO REPORTADA,SUPERIOR,COLOMBIA,"19,001,000",1
19/12/2014,TOLIMA,ROVIRA,Viernes,19:00,VRDA LOS ANDES,RURAL,FINCAS Y SIMILARES,NO REPORTADO,A PIE,A PIE,8,MASCULINO,SOLTERO,ESTUDIANTE,NO REPORTADA,PRIMARIA,COLOMBIA,"5,001,000",1
19/12/2014,TOLIMA,ROVIRA,Viernes,19:00,VRDA LOS ANDES,RURAL,FINCAS Y SIMILARES,NO REPORTADO,VEHICULO,VEHICULO,10,MASCULINO,SOLTERO,ESTUDIANTE,NO REPORTADA,PRIMARIA,COLOMBIA,"50,001,000",1
20/12/2014,PUTUMAYO,VALLE DEL GUAMUEZ,Sábado,14:40,EL EDEN,URBANA,VIAS PUBLICAS,NO REPORTADO,VEHICULO,VEHICULO,52,MASCULINO,CASADO,EMPLEADO PARTICULAR,NO REPORTADA,SECUNDARIA,NO REPORTADA,"54,800,000",1
27/12/2014,VALLE,RESTREPO,Sábado,11:30,CGTO. LA GUAIRA,RURAL,FINCAS Y SIMILARES,NO REPORTADO,VEHICULO,VEHICULO,39,MASCULINO,UNION LIBRE,COMERCIANTE,NO REPORTADA,SECUNDARIA,COLOMBIA,"54,800,000",1
TOTAL,,,,,,,,,,,,,,,,,,,288
