﻿FECHA,DEPARTAMENTO,MUNICIPIO,DIA,HORA,BARRIO,ZONA ,CLASE DE SITIO ,ARMA O MEDIO,MOVIL VICTIMA ,MOVIL AGRESOR ,EDAD ,GENERO ,ESTADO CIVIL,CLASE EMPLEADO,PROFESION,ESCOLARIDAD,PAIS NACE,CODIGO DANE ,2013
01/01/2013 12:00:00 AM,PUTUMAYO,VILLAGARZÓN,Martes,15:30,VIA. SANTA JULIANA DEL GUINEO,URBANA,VIAS PUBLICAS,ARMA DE FUEGO,VEHICULO,A PIE,41,MASCULINO,SOLTERO,EMPLEADO PARTICULAR,NO REPORTADA,PRIMARIA,COLOMBIA,"73,411,000",1
06/01/2013 12:00:00 AM,ANTIOQUIA,MEDELLÍN (CT),Domingo,11:42,LOS ALPES C-16,URBANA,CENTRO COMERCIAL,ARMA DE FUEGO,VEHICULO,A PIE,20,MASCULINO,SOLTERO,ESTUDIANTE,NO REPORTADA,SUPERIOR,COLOMBIA,"73,411,000",1
09/01/2013 12:00:00 AM,CUNDINAMARCA,BOGOTÁ D.C. (CT),Miércoles,9:30,MEISSEN E-19,URBANA,RESTAURANTES,ARMA DE FUEGO,VEHICULO,A PIE,1,MASCULINO,SOLTERO,INDEPENDIENTE,NO REPORTADA,ANALFABETA,COLOMBIA,"73,411,000",1
09/01/2013 12:00:00 AM,NARIÑO,IPIALES,Miércoles,7:00,CENTRO,URBANA,CASAS DE HABITACION,ARMA DE FUEGO,A PIE,VEHICULO,40,MASCULINO,CASADO,COMERCIANTE,ADMINISTRADOR DE EMPRESAS,SUPERIOR,COLOMBIA,"44,847,000",1
10/01/2013 12:00:00 AM,CUNDINAMARCA,BOGOTÁ D.C. (CT),Jueves,14:30,EL EJIDO E-16,URBANA,RODANDO SOBRE VIA NO REPORTADA VIA PUBLICA,ARMA DE FUEGO,VEHICULO,A PIE,54,MASCULINO,SOLTERO,COMERCIANTE,NO REPORTADA,SECUNDARIA,COLOMBIA,"54,673,000",1
11/01/2013 12:00:00 AM,CUNDINAMARCA,BOGOTÁ D.C. (CT),Viernes,0:00,VILLA MAYOR E-15,URBANA,CENTRO COMERCIAL,NO REPORTADA,A PIE,VEHICULO,NO REPORTADA,FEMENINO,SOLTERO,EMPLEADO PARTICULAR,NO REPORTADA,SECUNDARIA,COLOMBIA,"11,001,000",1
11/01/2013 12:00:00 AM,VALLE,BUENAVENTURA,Viernes,5:30,JUAN 23,URBANA,CASAS DE HABITACION,ARMA DE FUEGO,VEHICULO,A PIE,22,MASCULINO,SOLTERO,EMPLEADO PARTICULAR,NO REPORTADA,SECUNDARIA,COLOMBIA,"54,245,000",1
11/01/2013 12:00:00 AM,ARAUCA,ARAUCA (CT),Viernes,9:25,SANTA TERESITA,URBANA,CASAS DE HABITACION,ARMA DE FUEGO,VEHICULO,A PIE,27,FEMENINO,SOLTERO,EMPLEADO PARTICULAR,NO REPORTADA,SUPERIOR,COLOMBIA,"54,245,000",1
11/01/2013 12:00:00 AM,CASANARE,YOPAL (CT),Viernes,10:00,-,RURAL,FINCAS Y SIMILARES,ARMA DE FUEGO,VEHICULO,A PIE,43,FEMENINO,DIVORCIADO,COMERCIANTE,NO REPORTADA,TECNICO,COLOMBIA,"54,245,000",1
11/01/2013 12:00:00 AM,BOYACÁ,PÁEZ,Viernes,14:00,VDA.GUAMAL,RURAL,FINCAS Y SIMILARES,ARMA DE FUEGO,VEHICULO,A PIE,48,MASCULINO,CASADO,GANADERO,NO REPORTADA,SECUNDARIA,COLOMBIA,"54,245,000",1
12/01/2013 12:00:00 AM,RISARALDA,PEREIRA (CT),Sábado,15:45,VDA. LA PALMILLA,RURAL,FINCAS Y SIMILARES,ARMA DE FUEGO,PASAJERO TAXI,CONDUCTOR TAXI,67,MASCULINO,SEPARADO,EMPLEADO PARTICULAR,ECONOMISTA,SUPERIOR,COLOMBIA,"11,001,000",1
12/01/2013 12:00:00 AM,VALLE,CALI (CT),Sábado,9:00,PRIMERO DE MAYO E17,URBANA,VIAS PUBLICAS,ARMA DE FUEGO,VEHICULO,A PIE,53,MASCULINO,CASADO,COMERCIANTE,NO REPORTADA,SECUNDARIA,COLOMBIA,"86,001,000",1
12/01/2013 12:00:00 AM,GUAJIRA,MAICAO,Sábado,10:00,-,URBANA,"HOTELES, RESIDENCIAS, Y SIMILARES.",ARMA DE FUEGO,VEHICULO,VEHICULO,36,MASCULINO,UNION LIBRE,COMERCIANTE,NO REPORTADA,SECUNDARIA,REPUBLICA DOMINICANA,"19,807,000",1
17/01/2013,CUNDINAMARCA,BOGOTÁ D.C. (CT),Jueves,18:45,-,URBANA,VIAS PUBLICAS,NO REPORTADA,A PIE,VEHICULO,42,MASCULINO,CASADO,EMPLEADO PARTICULAR,NO REPORTADA,SECUNDARIA,COLOMBIA,"54,810,000",1
18/01/2013,BOLÍVAR,NOROSÍ,Viernes,5:30,-,URBANA,SELVA,ARMA DE FUEGO,VEHICULO,A PIE,51,MASCULINO,CASADO,EMPLEADO PARTICULAR,ADMINISTRADOR DE EMPRESAS,SUPERIOR,COLOMBIA,"27,787,000",1
18/01/2013,BOLÍVAR,NOROSÍ,Viernes,5:30,-,URBANA,SELVA,ARMA DE FUEGO,VEHICULO,A PIE,NO REPORTADA,MASCULINO,NO REPORTADA,EMPLEADO PARTICULAR,NO REPORTADA,NO REPORTADA,COLOMBIA,"27,787,000",1
18/01/2013,BOLÍVAR,NOROSÍ,Viernes,5:30,-,URBANA,SELVA,ARMA DE FUEGO,A PIE,VEHICULO,NO REPORTADA,MASCULINO,NO REPORTADA,EMPLEADO PARTICULAR,GEOLOGO,SUPERIOR,PERU,"52,356,000",1
18/01/2013,BOLÍVAR,NOROSÍ,Viernes,5:30,-,URBANA,SELVA,ARMA DE FUEGO,PASAJERO TAXI,CONDUCTOR TAXI,NO REPORTADA,MASCULINO,NO REPORTADA,EMPLEADO PARTICULAR,GEOLOGO,SUPERIOR,PERU,"11,001,000",1
18/01/2013,BOLÍVAR,NOROSÍ,Viernes,5:30,-,URBANA,SELVA,NO REPORTADA,A PIE,VEHICULO,NO REPORTADA,MASCULINO,UNION LIBRE,EMPLEADO PARTICULAR,INGENIERO,SUPERIOR,CANADA,"11,001,000",1
18/01/2013,BOLÍVAR,NOROSÍ,Viernes,5:30,-,URBANA,SELVA,ARMA DE FUEGO,A PIE,A PIE,NO REPORTADA,MASCULINO,NO REPORTADA,EMPLEADO PARTICULAR,NO REPORTADA,SUPERIOR,COLOMBIA,"50,330,000",1
20/01/2013,CAUCA,SANTANDER DE QUILICHAO,Domingo,19:00,VDA DOMINGUILLO,RURAL,FINCAS Y SIMILARES,NO REPORTADA,A PIE,A PIE,54,FEMENINO,CASADO,COMERCIANTE,NO REPORTADA,SECUNDARIA,COLOMBIA,"50,001,000",1
22/01/2013,CAUCA,MERCADERES,Martes,8:30,VIA PANAMERICANA REMOLINO,URBANA,FINCAS Y SIMILARES,ARMA DE FUEGO,VEHICULO,VEHICULO,66,MASCULINO,CASADO,COMERCIANTE,NO REPORTADA,PRIMARIA,COLOMBIA,"5,212,000",1
25/01/2013,VALLE,PALMIRA,Viernes,10:30,CGTO BOLO ALIZAL,URBANA,FINCAS Y SIMILARES,ARMA DE FUEGO,A PIE,A PIE,20,MASCULINO,SOLTERO,EMPLEADO POLICIAL,NO REPORTADA,TECNOLOGO,COLOMBIA,"5,001,000",1
25/01/2013,VALLE,PALMIRA,Viernes,10:30,CGTO BOLO ALIZAL,URBANA,FINCAS Y SIMILARES,ARMA DE FUEGO,A PIE,A PIE,22,MASCULINO,SOLTERO,EMPLEADO POLICIAL,NO REPORTADA,TECNOLOGO,COLOMBIA,"5,001,000",1
25/01/2013,VALLE,PRADERA,Viernes,13:35,-,URBANA,FINCAS Y SIMILARES,ARMA DE FUEGO,A PIE,A PIE,36,MASCULINO,NO REPORTADA,EMPLEADO PARTICULAR,INGENIERO AGRONOMO,SUPERIOR,COLOMBIA,"5,001,000",1
26/01/2013,ARAUCA,ARAUCA (CT),Sábado,19:00,-,URBANA,NO DEFINIDO,NO REPORTADA,A PIE,A PIE,42,MASCULINO,SOLTERO,EMPLEADO PARTICULAR,NO REPORTADA,PRIMARIA,COLOMBIA,"27,787,000",1
28/01/2013,BOYACÁ,BOYACÁ,Lunes,19:45,-,URBANA,VIAS PUBLICAS,NO REPORTADA,A PIE,A PIE,37,MASCULINO,UNION LIBRE,EMPLEADO PARTICULAR,NO REPORTADA,SECUNDARIA,COLOMBIA,"76,001,000",1
29/01/2013,VALLE,PALMIRA,Martes,21:30,JOSE ANTONIO GALAN,URBANA,VIAS PUBLICAS,NO REPORTADA,A PIE,A PIE,20,MASCULINO,SOLTERO,INDEPENDIENTE,NO REPORTADA,SECUNDARIA,COLOMBIA,"76,606,000",1
29/01/2013,VALLE,CALI (CT),Martes,10:00,-,URBANA,VIAS PUBLICAS,NO REPORTADA,VEHICULO,VEHICULO,NO REPORTADA,MASCULINO,SOLTERO,COMERCIANTE,NO REPORTADA,NO REPORTADA,COLOMBIA,"86,865,000",1
30/01/2013,CAUCA,PIAMONTE,Miércoles,9:00,"VDA, EL JARDIN",RURAL,VIAS PUBLICAS,NO REPORTADA,VEHICULO,VEHICULO,NO REPORTADA,MASCULINO,CASADO,INDEPENDIENTE,INGENIERO CIVIL,SUPERIOR,COLOMBIA,"76,364,000",1
30/01/2013,CAUCA,PIAMONTE,Miércoles,9:00,"VDA, EL JARDIN",RURAL,VIAS PUBLICAS,ARMA DE FUEGO,VEHICULO,A PIE,NO REPORTADA,MASCULINO,SOLTERO,INDEPENDIENTE,TOPOGRAFO,SUPERIOR,COLOMBIA,"52,079,000",1
30/01/2013,CAUCA,PIAMONTE,Miércoles,9:00,"VDA, EL JARDIN",RURAL,VIAS PUBLICAS,ARMA DE FUEGO,A PIE,VEHICULO,NO REPORTADA,MASCULINO,SOLTERO,INDEPENDIENTE,INGENIERO,SUPERIOR,COLOMBIA,"19,001,000",1
31/01/2013,CUNDINAMARCA,BOGOTÁ D.C. (CT),Jueves,11:30,ENTRERIOS E-12,URBANA,VIAS PUBLICAS,NO REPORTADA,VEHICULO,A PIE,32,MASCULINO,SOLTERO,COMERCIANTE,NO REPORTADA,SECUNDARIA,COLOMBIA,"50,006,000",1
31/01/2013,TOLIMA,LÍBANO,Jueves,23:00,VRDA. LAS AMERICAS,URBANA,FINCAS Y SIMILARES,ARMA DE FUEGO,A PIE,A PIE,NO REPORTADA,MASCULINO,CASADO,EMPLEADO PARTICULAR,NO REPORTADA,NO REPORTADA,COLOMBIA,"76,109,000",1
03/02/2013 12:00:00 AM,PUTUMAYO,ORITO,Domingo,15:00,VDA. SIBERIA,RURAL,FINCAS Y SIMILARES,ARMA DE FUEGO,CONDUCTOR MOTOCICLETA,VEHICULO,29,MASCULINO,SOLTERO,EMPLEADO PARTICULAR,NO REPORTADA,PRIMARIA,COLOMBIA,"54,261,000",1
03/02/2013 12:00:00 AM,PUTUMAYO,ORITO,Domingo,15:00,VDA. SIBERIA,RURAL,FINCAS Y SIMILARES,ARMA DE FUEGO,A PIE,A PIE,33,MASCULINO,SOLTERO,EMPLEADO PARTICULAR,NO REPORTADA,PRIMARIA,COLOMBIA,"76,109,000",1
04/02/2013 12:00:00 AM,VALLE,CALI (CT),Lunes,13:00,LAUREANO GOMEZ E15,URBANA,COMPRAVENTA,ARMA DE FUEGO,A PIE,A PIE,25,MASCULINO,UNION LIBRE,COMERCIANTE,NO REPORTADA,SECUNDARIA,COLOMBIA,"76,109,000",1
06/02/2013 12:00:00 AM,SANTANDER,LA PAZ,Miércoles,6:00,VRDA CASAS BLANCAS,URBANA,CASAS DE HABITACION,ARMA DE FUEGO,A PIE,A PIE,20,FEMENINO,SOLTERO,AMA DE CASA,NO REPORTADA,PRIMARIA,COLOMBIA,"44,001,000",1
08/02/2013 12:00:00 AM,BOYACÁ,CHIQUINQUIRÁ,Viernes,11:29,BARRIO LOS SAUCES,URBANA,CASAS DE HABITACION,NO REPORTADA,A PIE,A PIE,39,FEMENINO,CASADO,AMA DE CASA,NO REPORTADA,SECUNDARIA,COLOMBIA,"23,466,000",1
09/02/2013 12:00:00 AM,CASANARE,VILLANUEVA,Sábado,16:20,-,RURAL,VIAS PUBLICAS,NO REPORTADA,A PIE,A PIE,47,MASCULINO,SOLTERO,EMPLEADO PARTICULAR,NO REPORTADA,NO REPORTADA,COLOMBIA,"13,600,000",1
12/02/2013 12:00:00 AM,CASANARE,YOPAL (CT),Martes,14:30,EL GAVAN,URBANA,CASAS DE HABITACION,NO REPORTADA,A PIE,A PIE,0,FEMENINO,SOLTERO,ESTUDIANTE,NO REPORTADA,NO REPORTADO,COLOMBIA,"19,022,000",1
14/02/2013,ANTIOQUIA,BETANIA,Jueves,6:00,LOS AGUACATES,RURAL,FINCAS Y SIMILARES,NO REPORTADA,CONDUCTOR MOTOCICLETA,A PIE,17,MASCULINO,SOLTERO,ESTUDIANTE,NO REPORTADA,SECUNDARIA,COLOMBIA,"19,548,000",1
15/02/2013,PUTUMAYO,SIBUNDOY,Viernes,17:00,-,URBANA,FINCAS Y SIMILARES,ARMA DE FUEGO,VEHICULO,VEHICULO,71,MASCULINO,CASADO,COMERCIANTE,NO REPORTADA,PRIMARIA,COLOMBIA,"86,885,000",1
19/02/2013,VALLE,RIOFRÍO,Martes,7:30,-,URBANA,FINCAS Y SIMILARES,ARMA DE FUEGO,VEHICULO,VEHICULO,11,FEMENINO,SOLTERO,ESTUDIANTE,NO REPORTADA,SECUNDARIA,COLOMBIA,"86,885,000",1
23/02/2013,CESAR,GONZÁLEZ,Sábado,11:30,-,URBANA,FINCAS Y SIMILARES,ARMA DE FUEGO,A PIE,A PIE,47,MASCULINO,UNION LIBRE,COMERCIANTE,NO REPORTADA,SECUNDARIA,COLOMBIA,"27,001,000",1
23/02/2013,NORTE DE SANTANDER,CÚCUTA (CT),Sábado,13:20,INVASION JUAN PABLO SEGUNDO (BELEN),URBANA,CASAS DE HABITACION,ARMA DE FUEGO,A PIE,A PIE,5,FEMENINO,SOLTERO,ESTUDIANTE,NO REPORTADA,PRIMARIA,COLOMBIA,"27,001,000",1
23/02/2013,CHOCÓ,CONDOTO,Sábado,14:00,-,URBANA,TRANSPORTE FLUVIAL,ARMA DE FUEGO,A PIE,A PIE,42,MASCULINO,CASADO,EMPLEADO PARTICULAR,NO REPORTADA,SUPERIOR,COLOMBIA,"27,001,000",1
23/02/2013,CAUCA,POPAYÁN (CT),Sábado,22:30,VDA RIO BLANCO NORTE,URBANA,FINCAS Y SIMILARES,ARMA DE FUEGO,VEHICULO,VEHICULO,41,MASCULINO,CASADO,EMPLEADO PUBLICO,ADMINISTRADOR DE EMPRESAS,SUPERIOR,COLOMBIA,"19,455,000",1
25/02/2013,CASANARE,YOPAL (CT),Lunes,17:20,-,URBANA,VIAS PUBLICAS,ARMA DE FUEGO,VEHICULO,VEHICULO,27,MASCULINO,UNION LIBRE,EMPLEADO PARTICULAR,NO REPORTADA,SECUNDARIA,COLOMBIA,"19,455,000",1
25/02/2013,VALLE,CALI (CT),Lunes,20:00,VALLE GRANDE E21,URBANA,VIAS PUBLICAS,ARMA DE FUEGO,VEHICULO,A PIE,38,MASCULINO,UNION LIBRE,COMERCIANTE,NO REPORTADA,NO REPORTADA,COLOMBIA,"73,861,000",1
26/02/2013,RISARALDA,PEREIRA (CT),Martes,14:30,CIUDADELA TOKIO,URBANA,"COLEGIOS, ESCUELAS",ARMA DE FUEGO,VEHICULO,VEHICULO,2,MASCULINO,SOLTERO,ESTUDIANTE,NO REPORTADA,NO REPORTADA,COLOMBIA,"50,325,000",1
26/02/2013,VALLE,TRUJILLO,Martes,13:00,VDA. RIO CHIQUITTO,RURAL,FINCAS Y SIMILARES,ARMA DE FUEGO,A PIE,A PIE,NO REPORTADA,MASCULINO,UNION LIBRE,GANADERO,NO REPORTADA,PRIMARIA,COLOMBIA,"81,794,000",1
26/02/2013,ANTIOQUIA,SANTA ROSA DE OSOS,Martes,16:30,-,RURAL,FINCAS Y SIMILARES,ARMA DE FUEGO,A PIE,A PIE,42,MASCULINO,SOLTERO,AGRICULTOR,NO REPORTADA,PRIMARIA,COLOMBIA,"81,794,000",1
27/02/2013,META,VILLAVICENCIO (CT),Miércoles,15:10,LLANABASTOS,URBANA,VIAS PUBLICAS,ARMA DE FUEGO,VEHICULO,VEHICULO,38,MASCULINO,CASADO,COMERCIANTE,NO REPORTADA,SECUNDARIA,COLOMBIA,"52,720,000",1
27/02/2013,CUNDINAMARCA,SUESCA,Miércoles,17:30,-,URBANA,VIAS PUBLICAS,NO REPORTADA,CONDUCTOR BUS,A PIE,2,MASCULINO,SOLTERO,ESTUDIANTE,NO REPORTADA,NO REPORTADA,COLOMBIA,"85,440,000",1
01/03/2013 12:00:00 AM,TOLIMA,IBAGUÉ (CT),Viernes,12:30,JARDIN SANTANDER,URBANA,FRENTE A COLEGIO NO REPORTADA VIA PUBLICA,NO REPORTADA,VEHICULO,A PIE,11,FEMENINO,SOLTERO,ESTUDIANTE,NO REPORTADA,NO REPORTADA,COLOMBIA,"81,001,000",1
02/03/2013 12:00:00 AM,NORTE DE SANTANDER,OCAÑA,Sábado,16:39,BARRIO SAN JOSE (EL MERCADO),URBANA,PLAZAS DE MERCADO,NO REPORTADA,VEHICULO,A PIE,36,MASCULINO,UNION LIBRE,AGRICULTOR,NO REPORTADA,PRIMARIA,COLOMBIA,"81,001,000",1
03/03/2013 12:00:00 AM,ARAUCA,SARAVENA,Domingo,18:00,VEREDA PUERTO NARIÑO,URBANA,VIAS PUBLICAS,NO REPORTADA,VEHICULO,A PIE,31,FEMENINO,DIVORCIADO,COMERCIANTE,NO REPORTADA,SECUNDARIA,COLOMBIA,"73,148,000",1
03/03/2013 12:00:00 AM,ARAUCA,SARAVENA,Domingo,18:00,VEREDA PUERTO NARIÑO,URBANA,VIAS PUBLICAS,ARMA BLANCA / CORTOPUNZANTE,A PIE,CONDUCTOR MOTOCICLETA,NO REPORTADA,MASCULINO,CASADO,EMPLEADO PARTICULAR,NO REPORTADA,SECUNDARIA,COLOMBIA,"70,473,000",1
03/03/2013 12:00:00 AM,ARAUCA,SARAVENA,Domingo,18:00,VEREDA PUERTO NARIÑO,URBANA,VIAS PUBLICAS,ARMA BLANCA / CORTOPUNZANTE,A PIE,A PIE,17,MASCULINO,SOLTERO,EMPLEADO PARTICULAR,NO REPORTADA,SECUNDARIA,COLOMBIA,"5,400,000",1
04/03/2013 12:00:00 AM,CHOCÓ,QUIBDÓ (CT),Lunes,10:00,-,URBANA,TIPO EXPLOTACIÓN ORO,ARMA DE FUEGO,VEHICULO,VEHICULO,38,MASCULINO,UNION LIBRE,EMPLEADO PARTICULAR,NO REPORTADA,NO REPORTADA,COLOMBIA,"11,001,000",1
05/03/2013 12:00:00 AM,CUNDINAMARCA,BOGOTÁ D.C. (CT),Martes,19:00,URB. ANTIGUO HIPÓDROMO DE TECHO E-8,URBANA,FRENTE CENTRO COMERCIAL,NO REPORTADA,VEHICULO,A PIE,29,MASCULINO,UNION LIBRE,COMERCIANTE,NO REPORTADA,SECUNDARIA,COLOMBIA,"11,001,000",1
05/03/2013 12:00:00 AM,CUNDINAMARCA,BOGOTÁ D.C. (CT),Martes,7:30,BUENA VISTA E-1,URBANA,CASAS DE HABITACION,ARMA DE FUEGO,A PIE,VEHICULO,68,MASCULINO,SOLTERO,PENSIONADO,NO REPORTADA,SECUNDARIA,COLOMBIA,"52,835,000",1
05/03/2013 12:00:00 AM,CUNDINAMARCA,BOGOTÁ D.C. (CT),Martes,10:00,VILLA DEL PRADO NVA E-11,URBANA,CASAS DE HABITACION,NO REPORTADA,A PIE,VEHICULO,43,MASCULINO,UNION LIBRE,PENSIONADO,NO REPORTADA,SECUNDARIA,COLOMBIA,"20,550,000",1
05/03/2013 12:00:00 AM,SANTANDER,GIRÓN,Martes,15:00,POBLADO,URBANA,VIAS PUBLICAS,ARMA DE FUEGO,VEHICULO,A PIE,29,MASCULINO,UNION LIBRE,EMPLEADO PARTICULAR,NO REPORTADA,SECUNDARIA,COLOMBIA,"20,517,000",1
05/03/2013 12:00:00 AM,VALLE,PRADERA,Martes,16:50,-,RURAL,FINCAS Y SIMILARES,ARMA BLANCA / CORTOPUNZANTE,VEHICULO,A PIE,43,MASCULINO,UNION LIBRE,EMPLEADO PARTICULAR,NO REPORTADA,TECNOLOGO,COLOMBIA,"86,885,000",1
05/03/2013 12:00:00 AM,VALLE,PRADERA,Martes,16:50,-,RURAL,FINCAS Y SIMILARES,NO REPORTADA,A PIE,NO REPORTADA,36,MASCULINO,UNION LIBRE,EMPLEADO PARTICULAR,NO REPORTADA,TECNOLOGO,COLOMBIA,"25,815,000",1
08/03/2013 12:00:00 AM,ANTIOQUIA,ITAGUI,Viernes,16:00,VDA. EL PORVENIR,RURAL,FINCAS Y SIMILARES,ARMA DE FUEGO,A PIE,A PIE,0,MASCULINO,SOLTERO,ESTUDIANTE,NO REPORTADA,ANALFABETA,COLOMBIA,"27,073,000",1
10/03/2013 12:00:00 AM,CUNDINAMARCA,SAN ANTONIO DEL TEQUENDAMA,Domingo,12:00,-,RURAL,FINCAS Y SIMILARES,ARMA BLANCA / CORTOPUNZANTE,A PIE,A PIE,28,MASCULINO,UNION LIBRE,EMPLEADO PARTICULAR,NO REPORTADA,SECUNDARIA,COLOMBIA,"27,001,000",1
10/03/2013 12:00:00 AM,CUNDINAMARCA,SAN ANTONIO DEL TEQUENDAMA,Domingo,12:00,-,RURAL,FINCAS Y SIMILARES,ARMA BLANCA / CORTOPUNZANTE,A PIE,VEHICULO,7,FEMENINO,SOLTERO,ESTUDIANTE,NO REPORTADA,PRIMARIA,COLOMBIA,"81,300,000",1
10/03/2013 12:00:00 AM,CUNDINAMARCA,SAN ANTONIO DEL TEQUENDAMA,Domingo,12:00,-,RURAL,FINCAS Y SIMILARES,ARMA DE FUEGO,VEHICULO,A PIE,27,FEMENINO,UNION LIBRE,EMPLEADO PARTICULAR,NO REPORTADA,SUPERIOR,COLOMBIA,"73,001,000",1
12/03/2013 12:00:00 AM,CASANARE,YOPAL (CT),Martes,5:00,-,RURAL,FINCAS Y SIMILARES,ARMA DE FUEGO,VEHICULO,A PIE,39,FEMENINO,VIUDO,EMPLEADO PARTICULAR,NO REPORTADA,PRIMARIA,COLOMBIA,"73,001,000",1
12/03/2013 12:00:00 AM,NORTE DE SANTANDER,ABREGO,Martes,13:00,-,RURAL,FINCAS Y SIMILARES,ARMA BLANCA / CORTOPUNZANTE,VEHICULO,VEHICULO,47,MASCULINO,CASADO,AGRICULTOR,NO REPORTADA,SECUNDARIA,COLOMBIA,"20,310,000",1
13/03/2013,NARIÑO,PASTO (CT),Miércoles,16:45,VDA ALTO CASANARE CATAMBUCO,RURAL,FINCAS Y SIMILARES,ARMA BLANCA / CORTOPUNZANTE,VEHICULO,A PIE,84,MASCULINO,CASADO,GANADERO,NO REPORTADA,PRIMARIA,COLOMBIA,"54,206,000",1
14/03/2013,PUTUMAYO,PUERTO GUZMÁN,Jueves,14:00,-,URBANA,VIAS PUBLICAS,ARMA DE FUEGO,A PIE,VEHICULO,7,FEMENINO,SOLTERO,ESTUDIANTE,NO REPORTADA,NO REPORTADO,COLOMBIA,"76,001,000",1
14/03/2013,RISARALDA,PEREIRA (CT),Jueves,21:50,LAS PALMAS RIO OTUN,URBANA,VIAS PUBLICAS,ARMA BLANCA / CORTOPUNZANTE,VEHICULO,A PIE,30,MASCULINO,CASADO,DESEMPLEADO,NO REPORTADA,SECUNDARIA,COLOMBIA,"19,845,000",1
16/03/2013,ARAUCA,TAME,Sábado,10:00,VEREDA PUERTO JORDAN,RURAL,VIAS PUBLICAS,ARMA BLANCA / CORTOPUNZANTE,VEHICULO,A PIE,46,MASCULINO,CASADO,EMPLEADO PARTICULAR,INGENIERO CIVIL,SUPERIOR,COLOMBIA,"19,845,000",1
18/03/2013,ARAUCA,ARAUCA (CT),Lunes,16:40,VEREDA PANAMA DE ARAUCA,URBANA,VIAS PUBLICAS,ARMA DE FUEGO,A PIE,A PIE,25,MASCULINO,SOLTERO,EMPLEADO PARTICULAR,NO REPORTADA,SECUNDARIA,COLOMBIA,"52,215,000",1
18/03/2013,ARAUCA,ARAUCA (CT),Lunes,16:40,VEREDA PANAMA DE ARAUCA,URBANA,VIAS PUBLICAS,NO REPORTADA,CONDUCTOR MOTOCICLETA,NO REPORTADA,40,MASCULINO,UNION LIBRE,EMPLEADO PARTICULAR,NO REPORTADA,TECNICO,COLOMBIA,"41,132,000",1
18/03/2013,ARAUCA,ARAUCA (CT),Lunes,16:40,VEREDA PANAMA DE ARAUCA,URBANA,VIAS PUBLICAS,ARMA DE FUEGO,A PIE,A PIE,25,MASCULINO,SOLTERO,EMPLEADO PARTICULAR,NO REPORTADA,SECUNDARIA,COLOMBIA,"11,001,000",1
19/03/2013,CUNDINAMARCA,BOGOTÁ D.C. (CT),Martes,5:30,CALANDAIMA E-8,URBANA,VIAS PUBLICAS,ARMA DE FUEGO,CONDUCTOR MOTOCICLETA,CONDUCTOR MOTOCICLETA,16,MASCULINO,SOLTERO,ESTUDIANTE,NO REPORTADA,SECUNDARIA,COLOMBIA,"41,020,000",1
19/03/2013,VALLE,CALI (CT),Martes,6:15,CHAPINERO,URBANA,VIAS PUBLICAS,ARMA BLANCA / CORTOPUNZANTE,A PIE,A PIE,22,MASCULINO,SOLTERO,EMPLEADO PARTICULAR,NO REPORTADA,TECNOLOGO,COLOMBIA,"20,011,000",1
19/03/2013,CUNDINAMARCA,BOGOTÁ D.C. (CT),Martes,20:00,GALERIAS E-13,URBANA,VIAS PUBLICAS,NO REPORTADA,A PIE,A PIE,29,FEMENINO,SOLTERO,COMERCIANTE,NO REPORTADA,SECUNDARIA,COLOMBIA,"11,001,000",1
21/03/2013,CUNDINAMARCA,BOGOTÁ D.C. (CT),Jueves,3:00,LOMBARDIA II E-11,URBANA,FRENTE A ALMACEN NO REPORTADA VIA PUBLICA,ARMA BLANCA / CORTOPUNZANTE,A PIE,VEHICULO,57,MASCULINO,SOLTERO,EMPLEADO PARTICULAR,ADMINISTRADOR DE EMPRESAS,SUPERIOR,COLOMBIA,"81,794,000",1
26/03/2013,GUAVIARE,SAN JOSÉ DEL GUAVIARE (CT),Martes,19:10,BARRIO 20 DE JULIO,URBANA,VIAS PUBLICAS,ARMA BLANCA / CORTOPUNZANTE,CONDUCTOR BUS,A PIE,0,MASCULINO,SOLTERO,ESTUDIANTE,NO REPORTADA,ANALFABETA,COLOMBIA,"76,100,000",1
27/03/2013,CAUCA,SANTA ROSA,Miércoles,3:30,C/MIENTO SAN JUAN DE VILLALOBOS,URBANA,VIAS PUBLICAS,NO REPORTADA,A PIE,A PIE,30,MASCULINO,UNION LIBRE,EMPLEADO PARTICULAR,NO REPORTADA,SUPERIOR,COLOMBIA,"76,520,000",1
01/04/2013 12:00:00 AM,ANTIOQUIA,EL CARMEN DE VIBORAL,Lunes,9:20,-,URBANA,FINCAS Y SIMILARES,NO REPORTADA,VEHICULO,A PIE,48,MASCULINO,SEPARADO,EMPLEADO PARTICULAR,NO REPORTADA,SUPERIOR,COLOMBIA,"54,820,000",1
01/04/2013 12:00:00 AM,CAUCA,PURACÉ,Lunes,10:10,-,RURAL,VIAS PUBLICAS,NO REPORTADA,VEHICULO,VEHICULO,38,MASCULINO,CASADO,EMPLEADO PARTICULAR,MEDICO VETERINARIO,SUPERIOR,COLOMBIA,"73,268,000",1
01/04/2013 12:00:00 AM,CAUCA,PURACÉ,Lunes,12:30,-,RURAL,VIAS PUBLICAS,NO REPORTADA,A PIE,A PIE,33,MASCULINO,UNION LIBRE,EMPLEADO PARTICULAR,NO REPORTADA,SECUNDARIA,COLOMBIA,"41,797,000",1
02/04/2013 12:00:00 AM,CAQUETÁ,SAN VICENTE DEL CAGUÁN,Martes,9:00,VDA. LA ARENOSA,RURAL,FINCAS Y SIMILARES,ARMA BLANCA / CORTOPUNZANTE,VEHICULO,A PIE,32,MASCULINO,SOLTERO,AGRICULTOR,NO REPORTADA,PRIMARIA,COLOMBIA,"47,707,000",1
04/04/2013 12:00:00 AM,VALLE,CALI (CT),Jueves,11:30,MARROQUIN III E13,URBANA,"COLEGIOS, ESCUELAS",ARMA BLANCA / CORTOPUNZANTE,A PIE,A PIE,5,FEMENINO,SOLTERO,ESTUDIANTE,NO REPORTADA,PRIMARIA,COLOMBIA,"15,522,000",1
05/04/2013 12:00:00 AM,CAQUETÁ,PUERTO RICO,Viernes,17:00,-,RURAL,FINCAS Y SIMILARES,ARMA DE FUEGO,VEHICULO,A PIE,59,MASCULINO,CASADO,EMPLEADO PARTICULAR,NO REPORTADA,PRIMARIA,COLOMBIA,"76,248,000",1
05/04/2013 12:00:00 AM,CESAR,ASTREA,Viernes,23:00,-,RURAL,FINCAS Y SIMILARES,ARMA BLANCA / CORTOPUNZANTE,VEHICULO,CONDUCTOR MOTOCICLETA,33,MASCULINO,CASADO,EMPLEADO PARTICULAR,ADMINISTRADOR AGROINDUSTRIAL,SUPERIOR,COLOMBIA,"54,261,000",1
07/04/2013 12:00:00 AM,ARAUCA,ARAUQUITA,Domingo,15:00,VEREDA LA ESMERALDA,RURAL,FINCAS Y SIMILARES,NO REPORTADA,A PIE,VEHICULO,18,MASCULINO,SEPARADO,EMPLEADO PARTICULAR,NO REPORTADA,SECUNDARIA,COLOMBIA,"19,001,000",1
07/04/2013 12:00:00 AM,ARAUCA,ARAUQUITA,Domingo,15:00,VEREDA LA ESMERALDA,RURAL,FINCAS Y SIMILARES,NO REPORTADA,PASAJERO TAXI,CONDUCTOR TAXI,29,MASCULINO,UNION LIBRE,COMERCIANTE,NO REPORTADA,SECUNDARIA,COLOMBIA,"11,001,000",1
11/04/2013 12:00:00 AM,CAUCA,SANTANDER DE QUILICHAO,Jueves,17:20,EL LIBERTADOR,URBANA,RESTAURANTES,ARMA BLANCA / CORTOPUNZANTE,A PIE,A PIE,48,MASCULINO,CASADO,EMPLEADO PARTICULAR,ADMINISTRADOR DE EMPRESAS,SUPERIOR,COLOMBIA,"73,624,000",1
14/04/2013,CUNDINAMARCA,BOGOTÁ D.C. (CT),Domingo,0:05,SANTA BARBARA CENTRAL E-1,URBANA,DENTRO DE LA VIVIENDA,ARMA BLANCA / CORTOPUNZANTE,A PIE,A PIE,50,FEMENINO,CASADO,COMERCIANTE,NO REPORTADA,SUPERIOR,COLOMBIA,"73,624,000",1
15/04/2013,CAUCA,LA VEGA,Lunes,13:35,-,RURAL,FINCAS Y SIMILARES,ARMA BLANCA / CORTOPUNZANTE,A PIE,A PIE,71,MASCULINO,CASADO,GANADERO,NO REPORTADA,PRIMARIA,COLOMBIA,"73,624,000",1
15/04/2013,VALLE,CALI (CT),Lunes,17:00,VALLADO E15,URBANA,CASAS DE HABITACION,ARMA BLANCA / CORTOPUNZANTE,A PIE,A PIE,27,FEMENINO,SOLTERO,EMPLEADO PARTICULAR,NO REPORTADA,SUPERIOR,COLOMBIA,"73,624,000",1
15/04/2013,META,GRANADA,Lunes,20:30,-,RURAL,FINCAS Y SIMILARES,ARMA BLANCA / CORTOPUNZANTE,A PIE,A PIE,44,MASCULINO,UNION LIBRE,AGRICULTOR,NO REPORTADA,SECUNDARIA,COLOMBIA,"73,624,000",1
16/04/2013,ARAUCA,ARAUCA (CT),Martes,10:00,-,URBANA,TERMINAL DE TRANSPORTES,ARMA BLANCA / CORTOPUNZANTE,VEHICULO,VEHICULO,22,FEMENINO,UNION LIBRE,AMA DE CASA,NO REPORTADA,SECUNDARIA,COLOMBIA,"54,498,000",1
17/04/2013,CASANARE,TRINIDAD,Miércoles,15:30,-,RURAL,VIAS PUBLICAS,ARMA BLANCA / CORTOPUNZANTE,A PIE,VEHICULO,56,MASCULINO,UNION LIBRE,GANADERO,NO REPORTADA,PRIMARIA,NO REPORTADA,"41,359,000",1
17/04/2013,VALLE,BUENAVENTURA,Miércoles,20:00,EL TRIUNFO,URBANA,VIAS PUBLICAS,NO REPORTADA,A PIE,A PIE,30,MASCULINO,UNION LIBRE,COMERCIANTE,NO REPORTADA,SECUNDARIA,COLOMBIA,"11,001,000",1
20/04/2013,ARAUCA,ARAUCA (CT),Sábado,19:30,VEREDA BOCAS DEL ARAUCA,URBANA,FINCAS Y SIMILARES,ARMA BLANCA / CORTOPUNZANTE,VEHICULO,VEHICULO,85,FEMENINO,VIUDO,GANADERO,NO REPORTADA,SECUNDARIA,COLOMBIA,"11,001,000",1
20/04/2013,META,GUAMAL,Sábado,20:50,-,RURAL,CASETA VIGILANCIA EMPRESAS,NO REPORTADA,A PIE,A PIE,24,FEMENINO,SOLTERO,EMPLEADO PARTICULAR,NO REPORTADA,NO REPORTADA,COLOMBIA,"76,001,000",1
21/04/2013,CHOCÓ,BAHÍA SOLANO,Domingo,20:00,-,URBANA,VIAS PUBLICAS,NO REPORTADA,VEHICULO,A PIE,15,MASCULINO,SOLTERO,ESTUDIANTE,NO REPORTADA,NO REPORTADA,COLOMBIA,"5,001,000",1
22/04/2013,BOYACÁ,CHIQUINQUIRÁ,Lunes,10:00,PARQUE DAVID GUARIN,URBANA,FRENTE CLINICA U HOSPITAL NO REPORTADA VIA PUBLICA,ARMA BLANCA / CORTOPUNZANTE,VEHICULO,A PIE,15,MASCULINO,SOLTERO,ESTUDIANTE,NO REPORTADA,SECUNDARIA,COLOMBIA,"44,035,000",1
27/04/2013,BOYACÁ,VILLA DE LEYVA,Sábado,20:30,-,URBANA,VIAS PUBLICAS,ARMA BLANCA / CORTOPUNZANTE,A PIE,A PIE,59,FEMENINO,CASADO,AMA DE CASA,NO REPORTADA,TECNOLOGO,COLOMBIA,"5,579,000",1
30/04/2013,CAUCA,PADILLA,Martes,21:00,-,RURAL,CASAS DE HABITACION,NO REPORTADA,A PIE,VEHICULO,33,FEMENINO,SOLTERO,AMA DE CASA,NO REPORTADA,SECUNDARIA,COLOMBIA,"50,001,000",1
01/05/2013 12:00:00 AM,CESAR,PELAYA,Miércoles,6:30,-,RURAL,FINCAS Y SIMILARES,NO REPORTADA,A PIE,VEHICULO,47,FEMENINO,UNION LIBRE,AMA DE CASA,NO REPORTADA,PRIMARIA,COLOMBIA,"50,001,000",1
02/05/2013 12:00:00 AM,VALLE,RIOFRÍO,Jueves,19:00,-,RURAL,FINCAS Y SIMILARES,ARMA BLANCA / CORTOPUNZANTE,A PIE,VEHICULO,42,MASCULINO,DIVORCIADO,COMERCIANTE,NO REPORTADA,SECUNDARIA,COLOMBIA,"44,847,000",1
03/05/2013 12:00:00 AM,CÓRDOBA,BUENAVISTA,Viernes,20:00,-,RURAL,FINCAS Y SIMILARES,NO REPORTADA,A PIE,A PIE,68,FEMENINO,CASADO,AGRICULTOR,NO REPORTADA,PRIMARIA,COLOMBIA,"44,650,000",1
03/05/2013 12:00:00 AM,RISARALDA,SANTA ROSA DE CABAL,Viernes,21:15,VEREDA LA GORGONIA,RURAL,FINCAS Y SIMILARES,NO REPORTADA,A PIE,A PIE,74,MASCULINO,CASADO,COMERCIANTE,NO REPORTADA,PRIMARIA,COLOMBIA,"44,650,000",1
05/05/2013 12:00:00 AM,ANTIOQUIA,SAN VICENTE,Domingo,8:00,-,URBANA,CASAS DE HABITACION,ARMA BLANCA / CORTOPUNZANTE,VEHICULO,A PIE,4,MASCULINO,SOLTERO,ESTUDIANTE,NO REPORTADA,NO REPORTADA,COLOMBIA,"19,110,000",1
05/05/2013 12:00:00 AM,ANTIOQUIA,SAN VICENTE,Domingo,8:00,-,URBANA,CASAS DE HABITACION,ARMA BLANCA / CORTOPUNZANTE,VEHICULO,A PIE,24,FEMENINO,SOLTERO,EMPLEADO PARTICULAR,NO REPORTADA,SECUNDARIA,COLOMBIA,"19,110,000",1
08/05/2013 12:00:00 AM,CUNDINAMARCA,BOGOTÁ D.C. (CT),Miércoles,22:00,SANTA HELENITA E-10,URBANA,VIAS PUBLICAS,ARMA BLANCA / CORTOPUNZANTE,NO REPORTADA,A PIE,45,MASCULINO,CASADO,EMPLEADO POLICIAL,POLICIA,SUPERIOR,COLOMBIA,"76,109,000",1
08/05/2013 12:00:00 AM,VALLE,CALI (CT),Miércoles,21:00,NUEVA TEQUENDAMA E19,URBANA,VIAS PUBLICAS,NO REPORTADA,A PIE,A PIE,41,MASCULINO,CASADO,EMPLEADO PARTICULAR,ABOGADO,SUPERIOR,COLOMBIA,"11,001,000",1
09/05/2013 12:00:00 AM,CAUCA,SANTANDER DE QUILICHAO,Jueves,2:00,VDA LA CAPILLA,RURAL,FINCAS Y SIMILARES,NO REPORTADA,A PIE,A PIE,38,FEMENINO,SOLTERO,DESEMPLEADO,NO REPORTADA,SECUNDARIA,COLOMBIA,"11,001,000",1
09/05/2013 12:00:00 AM,CAUCA,SANTANDER DE QUILICHAO,Jueves,2:00,VDA LA CAPILLA,RURAL,FINCAS Y SIMILARES,NO REPORTADA,A PIE,VEHICULO,24,FEMENINO,UNION LIBRE,COMERCIANTE,NO REPORTADA,SECUNDARIA,COLOMBIA,"19,300,000",1
09/05/2013 12:00:00 AM,CAUCA,SANTANDER DE QUILICHAO,Jueves,2:00,VDA LA CAPILLA,RURAL,FINCAS Y SIMILARES,NO REPORTADA,VEHICULO,VEHICULO,25,MASCULINO,UNION LIBRE,COMERCIANTE,NO REPORTADA,TECNICO,COLOMBIA,"20,383,000",1
09/05/2013 12:00:00 AM,CAUCA,SANTANDER DE QUILICHAO,Jueves,2:00,VDA LA CAPILLA,RURAL,FINCAS Y SIMILARES,NO REPORTADA,NO REPORTADA,NO REPORTADA,38,MASCULINO,SOLTERO,EMPLEADO PARTICULAR,NO REPORTADA,SECUNDARIA,VENEZUELA,"5,001,000",1
09/05/2013 12:00:00 AM,VALLE,CALI (CT),Jueves,8:30,CGTO PICHINDE E19-1,RURAL,FINCAS Y SIMILARES,ARMA BLANCA / CORTOPUNZANTE,A PIE,A PIE,57,FEMENINO,SOLTERO,AGRICULTOR,NO REPORTADA,PRIMARIA,COLOMBIA,"18,205,000",1
10/05/2013 12:00:00 AM,CUNDINAMARCA,BOGOTÁ D.C. (CT),Viernes,17:40,CHICO NORTE I E-2,URBANA,VIAS PUBLICAS,NO REPORTADA,A PIE,A PIE,26,FEMENINO,SOLTERO,EMPLEADO POLICIAL,POLICIA,SUPERIOR,COLOMBIA,"52,786,000",1
14/05/2013,GUAJIRA,URIBIA,Martes,10:00,-,RURAL,VIAS PUBLICAS,ARMA BLANCA / CORTOPUNZANTE,VEHICULO,A PIE,43,FEMENINO,UNION LIBRE,EMPLEADO PARTICULAR,NO REPORTADA,SUPERIOR,ESPAÑA,"47,001,000",1
14/05/2013,GUAJIRA,URIBIA,Martes,10:00,-,RURAL,VIAS PUBLICAS,NO REPORTADA,VEHICULO,A PIE,49,MASCULINO,UNION LIBRE,EMPLEADO PARTICULAR,NO REPORTADA,SUPERIOR,ESPAÑA,"86,885,000",1
15/05/2013,CASANARE,AGUAZUL,Miércoles,12:00,-,RURAL,FINCAS Y SIMILARES,ARMA BLANCA / CORTOPUNZANTE,VEHICULO,A PIE,42,MASCULINO,CASADO,EMPLEADO PARTICULAR,NO REPORTADA,SECUNDARIA,COLOMBIA,"52,835,000",1
15/05/2013,CUNDINAMARCA,BOGOTÁ D.C. (CT),Miércoles,21:00,LAS NIEVES E-3,URBANA,VIAS PUBLICAS,ARMA BLANCA / CORTOPUNZANTE,CONDUCTOR MOTOCICLETA,CONDUCTOR MOTOCICLETA,23,MASCULINO,SOLTERO,EMPLEADO PARTICULAR,NO REPORTADA,SUPERIOR,COLOMBIA,"5,172,000",1
16/05/2013,CUNDINAMARCA,BOGOTÁ D.C. (CT),Jueves,22:00,RECODO DEL RESTREPO DESARROLLO E-15,URBANA,VIAS PUBLICAS,ARMA BLANCA / CORTOPUNZANTE,A PIE,A PIE,35,MASCULINO,CASADO,COMERCIANTE,NO REPORTADA,SECUNDARIA,COLOMBIA,"52,001,000",1
16/05/2013,ATLÁNTICO,PONEDERA,Jueves,11:00,-,RURAL,FINCAS Y SIMILARES,ARMA BLANCA / CORTOPUNZANTE,A PIE,A PIE,64,MASCULINO,CASADO,GANADERO,NO REPORTADA,SUPERIOR,COLOMBIA,"5,101,000",1
17/05/2013,NORTE DE SANTANDER,CÚCUTA (CT),Viernes,11:30,BARRIO BAJO PAMPLONITA,URBANA,VIAS PUBLICAS,ARMA BLANCA / CORTOPUNZANTE,A PIE,A PIE,10,MASCULINO,SOLTERO,ESTUDIANTE,NO REPORTADA,NO REPORTADA,COLOMBIA,"73,168,000",1
17/05/2013,NORTE DE SANTANDER,CÚCUTA (CT),Viernes,11:30,BARRIO BAJO PAMPLONITA,URBANA,VIAS PUBLICAS,ARMA BLANCA / CORTOPUNZANTE,VEHICULO,A PIE,6,MASCULINO,SOLTERO,ESTUDIANTE,NO REPORTADA,NO REPORTADA,COLOMBIA,"54,871,000",1
17/05/2013,NORTE DE SANTANDER,CÚCUTA (CT),Viernes,11:30,BARRIO BAJO PAMPLONITA,URBANA,VIAS PUBLICAS,ARMA DE FUEGO,A PIE,A PIE,8,MASCULINO,SOLTERO,ESTUDIANTE,NO REPORTADA,NO REPORTADA,COLOMBIA,"47,001,000",1
21/05/2013,CUNDINAMARCA,BOGOTÁ D.C. (CT),Martes,5:10,SEMINARIO E-2,URBANA,VIAS PUBLICAS,ARMA BLANCA / CORTOPUNZANTE,VEHICULO,A PIE,NO REPORTADA,MASCULINO,NO REPORTADA,EMPLEADO PARTICULAR,NO REPORTADA,NO REPORTADA,NO REPORTADA,"81,794,000",1
22/05/2013,CUNDINAMARCA,BOGOTÁ D.C. (CT),Miércoles,19:30,SAN JOSE E-9,URBANA,VIAS PUBLICAS,ARMA BLANCA / CORTOPUNZANTE,A PIE,A PIE,34,MASCULINO,NO REPORTADA,EMPLEADO PARTICULAR,NO REPORTADA,NO REPORTADA,COLOMBIA,"50,226,000",1
22/05/2013,NORTE DE SANTANDER,CHITAGÁ,Miércoles,1:30,-,RURAL,FINCAS Y SIMILARES,NO REPORTADA,A PIE,A PIE,NO REPORTADA,MASCULINO,UNION LIBRE,EMPLEADO EJERCITO,NO REPORTADA,SECUNDARIA,COLOMBIA,"76,001,000",1
22/05/2013,META,VILLAVICENCIO (CT),Miércoles,19:00,VILLA JULIANA,URBANA,VIAS PUBLICAS,ARMA BLANCA / CORTOPUNZANTE,A PIE,VEHICULO,16,FEMENINO,SOLTERO,ESTUDIANTE,NO REPORTADA,NO REPORTADA,COLOMBIA,"25,473,000",1
24/05/2013,CUNDINAMARCA,BOGOTÁ D.C. (CT),Viernes,9:30,EDUARDO SANTOS E-14,URBANA,VIAS PUBLICAS,ARMA BLANCA / CORTOPUNZANTE,VEHICULO,A PIE,35,MASCULINO,SOLTERO,EMPLEADO PARTICULAR,NO REPORTADA,SECUNDARIA,COLOMBIA,"41,349,000",1
24/05/2013,NORTE DE SANTANDER,OCAÑA,Viernes,19:30,BARRIO SIMON BOLIVAR,URBANA,VIAS PUBLICAS,NO REPORTADA,A PIE,A PIE,21,MASCULINO,SOLTERO,EMPLEADO PARTICULAR,NO REPORTADA,SECUNDARIA,COLOMBIA,"20,400,000",1
26/05/2013,VALLE,BUENAVENTURA,Domingo,10:00,TRANSFORMACION,URBANA,CASAS DE HABITACION,ARMA BLANCA / CORTOPUNZANTE,A PIE,A PIE,27,FEMENINO,SOLTERO,EMPLEADO PARTICULAR,NO REPORTADA,SECUNDARIA,COLOMBIA,"76,109,000",1
26/05/2013,CUNDINAMARCA,BOGOTÁ D.C. (CT),Domingo,21:00,EL RETIRO I E-2,URBANA,VIAS PUBLICAS,ARMA BLANCA / CORTOPUNZANTE,A PIE,A PIE,58,MASCULINO,SOLTERO,EMPLEADO PARTICULAR,NO REPORTADA,NO REPORTADO,ESTADOS UNIDOS,"54,874,000",1
28/05/2013,CUNDINAMARCA,BOGOTÁ D.C. (CT),Martes,10:30,LOS TRES REYES - I ETAPA E-19,URBANA,VIAS PUBLICAS,ARMA BLANCA / CORTOPUNZANTE,A PIE,VEHICULO,17,FEMENINO,UNION LIBRE,ESTUDIANTE,NO REPORTADA,SECUNDARIA,COLOMBIA,"68,307,000",1
04/06/2013 12:00:00 AM,META,VILLAVICENCIO (CT),Martes,14:00,SAN MARCOS,URBANA,VIAS PUBLICAS,ARMA BLANCA / CORTOPUNZANTE,VEHICULO,A PIE,19,FEMENINO,SOLTERO,AMA DE CASA,NO REPORTADA,SECUNDARIA,COLOMBIA,"5,615,000",1
04/06/2013 12:00:00 AM,META,MESETAS,Martes,15:00,-,RURAL,FINCAS Y SIMILARES,ARMA BLANCA / CORTOPUNZANTE,VEHICULO,VEHICULO,70,FEMENINO,CASADO,AMA DE CASA,NO REPORTADA,NO REPORTADA,COLOMBIA,"54,001,000",1
06/06/2013 12:00:00 AM,CUNDINAMARCA,BOGOTÁ D.C. (CT),Jueves,0:00,CHICO NORTE I E-2,URBANA,VIAS PUBLICAS,NO REPORTADA,A PIE,A PIE,NO REPORTADA,FEMENINO,SOLTERO,EMPLEADO PARTICULAR,NO REPORTADA,NO REPORTADA,SALVADOR,"11,001,000",1
08/06/2013 12:00:00 AM,TOLIMA,RIOBLANCO,Sábado,23:30,SAN JOSE,URBANA,CASAS DE HABITACION,ARMA BLANCA / CORTOPUNZANTE,VEHICULO,A PIE,65,FEMENINO,CASADO,COMERCIANTE,NO REPORTADA,NO REPORTADA,COLOMBIA,"54,261,000",1
09/06/2013 12:00:00 AM,CUNDINAMARCA,SOACHA,Domingo,10:45,SAN LUIS,URBANA,VIAS PUBLICAS,ARMA BLANCA / CORTOPUNZANTE,A PIE,A PIE,NO REPORTADA,FEMENINO,SOLTERO,ESTUDIANTE,NO REPORTADA,NO REPORTADO,COLOMBIA,"15,204,000",1
10/06/2013 12:00:00 AM,ANTIOQUIA,MEDELLÍN (CT),Lunes,20:10,CENTRO S.C.,URBANA,VIAS PUBLICAS,ARMA BLANCA / CORTOPUNZANTE,A PIE,VEHICULO,21,MASCULINO,SOLTERO,DESEMPLEADO,NO REPORTADA,SECUNDARIA,COLOMBIA,"47,980,000",1
11/06/2013 12:00:00 AM,CASANARE,YOPAL (CT),Martes,7:00,GUAYAQUE,RURAL,FINCAS Y SIMILARES,NO REPORTADA,A PIE,A PIE,65,MASCULINO,CASADO,GANADERO,NO REPORTADA,SECUNDARIA,COLOMBIA,"54,498,000",1
12/06/2013 12:00:00 AM,NORTE DE SANTANDER,CÚCUTA (CT),Miércoles,10:00,BARRIO ANTONIA SANTOS,URBANA,"COLEGIOS, ESCUELAS",ARMA BLANCA / CORTOPUNZANTE,VEHICULO,A PIE,11,FEMENINO,SOLTERO,ESTUDIANTE,NO REPORTADA,NO REPORTADA,COLOMBIA,"5,890,000",1
12/06/2013 12:00:00 AM,NORTE DE SANTANDER,CÚCUTA (CT),Miércoles,10:00,BARRIO ANTONIA SANTOS,URBANA,"COLEGIOS, ESCUELAS",ARMA BLANCA / CORTOPUNZANTE,A PIE,A PIE,10,FEMENINO,SOLTERO,ESTUDIANTE,NO REPORTADA,NO REPORTADA,COLOMBIA,"5,093,000",1
14/06/2013,HUILA,TIMANÁ,Viernes,18:30,VEREDA TOBOS,RURAL,FINCAS Y SIMILARES,ARMA BLANCA / CORTOPUNZANTE,VEHICULO,A PIE,50,MASCULINO,CASADO,AGRICULTOR,NO REPORTADA,PRIMARIA,COLOMBIA,"52,835,000",1
17/06/2013,ANTIOQUIA,EL BAGRE,Lunes,10:00,20 DE JULIO,URBANA,CASAS DE HABITACION,ARMA BLANCA / CORTOPUNZANTE,VEHICULO,A PIE,12,MASCULINO,SOLTERO,ESTUDIANTE,NO REPORTADA,NO REPORTADA,COLOMBIA,"52,835,000",1
19/06/2013,CUNDINAMARCA,BOGOTÁ D.C. (CT),Miércoles,18:00,FISCALA ALTA E-5,RURAL,FINCAS Y SIMILARES,ARMA BLANCA / CORTOPUNZANTE,A PIE,A PIE,NO REPORTADA,MASCULINO,SOLTERO,COMERCIANTE,NO REPORTADA,NO REPORTADA,COLOMBIA,"68,327,000",1
20/06/2013,GUAVIARE,EL RETORNO,Jueves,10:00,VEREDA EL ENCANTO,RURAL,FINCAS Y SIMILARES,ARMA BLANCA / CORTOPUNZANTE,A PIE,A PIE,NO REPORTADA,MASCULINO,NO REPORTADA,EMPLEADO PARTICULAR,NO REPORTADA,NO REPORTADA,NO REPORTADA,"19,001,000",1
24/06/2013,CUNDINAMARCA,MADRID,Lunes,13:30,-,URBANA,PARQUEADERO,NO REPORTADA,A PIE,VEHICULO,40,MASCULINO,SEPARADO,COMERCIANTE,NO REPORTADA,SECUNDARIA,COLOMBIA,"15,367,000",1
24/06/2013,NORTE DE SANTANDER,ABREGO,Lunes,19:00,VEREDA LA GAIRA,RURAL,FINCAS Y SIMILARES,ARMA BLANCA / CORTOPUNZANTE,A PIE,VEHICULO,58,MASCULINO,CASADO,EMPLEADO PARTICULAR,NO REPORTADA,SECUNDARIA,COLOMBIA,"5,001,000",1
28/06/2013,BOYACÁ,TUNJA (CT),Viernes,14:00,CENTRO,URBANA,PARADERO DE BUSES,ARMA BLANCA / CORTOPUNZANTE,VEHICULO,A PIE,22,MASCULINO,SOLTERO,ESTUDIANTE,NO REPORTADA,SUPERIOR,COLOMBIA,"19,075,000",1
28/06/2013,BOLÍVAR,CARTAGENA (CT),Viernes,18:40,AMBERES,URBANA,CLINICAS Y SIMILARES,NO REPORTADA,A PIE,A PIE,1,MASCULINO,SOLTERO,ESTUDIANTE,NO REPORTADA,NO REPORTADA,COLOMBIA,"11,001,000",1
29/06/2013,CUNDINAMARCA,BOGOTÁ D.C. (CT),Sábado,3:00,SUCRE E-2,URBANA,VIAS PUBLICAS,NO REPORTADA,A PIE,A PIE,32,MASCULINO,SOLTERO,EMPLEADO PARTICULAR,COMUNICADOR SOCIALNO REPORTADAPERIODISTA,SUPERIOR,COLOMBIA,"86,568,000",1
03/07/2013 12:00:00 AM,CUNDINAMARCA,BOGOTÁ D.C. (CT),Miércoles,10:00,BILBAO E-11,URBANA,PARADERO DE BUSES,NO REPORTADA,BICICLETA,A PIE,17,FEMENINO,SOLTERO,ESTUDIANTE,NO REPORTADA,SECUNDARIA,COLOMBIA,"18,001,000",1
03/07/2013 12:00:00 AM,VALLE,BUENAVENTURA,Miércoles,16:20,EL PROGRESO,URBANA,VIAS PUBLICAS,ARMA BLANCA / CORTOPUNZANTE,VEHICULO,A PIE,18,MASCULINO,UNION LIBRE,EMPLEADO PARTICULAR,NO REPORTADA,NO REPORTADA,COLOMBIA,"81,065,000",1
06/07/2013 12:00:00 AM,CHOCÓ,TADÓ,Sábado,23:00,EL TAPOM,RURAL,TIPO EXPLOTACIÓN ORO,NO REPORTADA,VEHICULO,VEHICULO,NO REPORTADA,FEMENINO,SOLTERO,EMPLEADO PARTICULAR,NO REPORTADA,PRIMARIA,COLOMBIA,"50,001,000",1
07/07/2013 12:00:00 AM,CAUCA,INZÁ,Domingo,18:00,C/MIENTO PEDREGAL,URBANA,CASAS DE HABITACION,NO REPORTADA,VEHICULO,VEHICULO,50,MASCULINO,SOLTERO,EMPLEADO SALUD,NO REPORTADA,TECNICO,NO REPORTADA,"50,001,000",1
08/07/2013 12:00:00 AM,TOLIMA,CARMEN DE APICALÁ,Lunes,0:00,CENTRO,URBANA,CASAS DE HABITACION,ARMA BLANCA / CORTOPUNZANTE,A PIE,A PIE,33,MASCULINO,SOLTERO,EDUCADOR,ADMINISTRADOR EDUCATIVO,SUPERIOR,COLOMBIA,"54,498,000",1
09/07/2013 12:00:00 AM,CUNDINAMARCA,BOGOTÁ D.C. (CT),Martes,14:30,SANTA BIBIANA E-1,URBANA,VIAS PUBLICAS,ARMA BLANCA / CORTOPUNZANTE,PASAJERO TAXI,CONDUCTOR TAXI,NO REPORTADA,MASCULINO,SOLTERO,COMERCIANTE,NO REPORTADA,SECUNDARIA,NO REPORTADA,"11,001,000",1
10/07/2013 12:00:00 AM,CUNDINAMARCA,CHOCONTÁ,Miércoles,16:30,-,URBANA,CASAS DE HABITACION,ARMA BLANCA / CORTOPUNZANTE,A PIE,A PIE,NO REPORTADA,MASCULINO,SOLTERO,ESTUDIANTE,NO REPORTADA,NO REPORTADA,COLOMBIA,"27,001,000",1
12/07/2013 12:00:00 AM,ANTIOQUIA,APARTADÓ,Viernes,10:00,-,URBANA,VIAS PUBLICAS,ARMA BLANCA / CORTOPUNZANTE,A PIE,A PIE,42,MASCULINO,CASADO,COMERCIANTE,NO REPORTADA,SUPERIOR,COLOMBIA,"81,001,000",1
15/07/2013,VALLE,BUENAVENTURA,Lunes,4:00,MURO YUSTI,URBANA,"HOTELES, RESIDENCIAS, Y SIMILARES.",ARMA BLANCA / CORTOPUNZANTE,A PIE,A PIE,27,MASCULINO,UNION LIBRE,EMPLEADO PARTICULAR,NO REPORTADA,SECUNDARIA,COLOMBIA,"41,530,000",1
15/07/2013,CUNDINAMARCA,BOGOTÁ D.C. (CT),Lunes,15:40,BOCHICA E-10,URBANA,FRENTE RESTAURANTE,ARMA BLANCA / CORTOPUNZANTE,A PIE,VEHICULO,16,FEMENINO,SOLTERO,ESTUDIANTE,NO REPORTADA,NO REPORTADA,COLOMBIA,"73,319,000",1
16/07/2013,ARAUCA,TAME,Martes,14:00,VEREDA SAN SALVADOR,RURAL,FINCAS Y SIMILARES,ARMA BLANCA / CORTOPUNZANTE,A PIE,VEHICULO,26,MASCULINO,UNION LIBRE,EMPLEADO PARTICULAR,NO REPORTADA,SECUNDARIA,COLOMBIA,"73,319,000",1
17/07/2013,VALLE,PALMIRA,Miércoles,10:00,PORTALES DEL RECREO,URBANA,VIAS PUBLICAS,ARMA BLANCA / CORTOPUNZANTE,A PIE,VEHICULO,56,MASCULINO,SOLTERO,EMPLEADO PARTICULAR,ABOGADO,SUPERIOR,COLOMBIA,"73,319,000",1
20/07/2013,CUNDINAMARCA,BOGOTÁ D.C. (CT),Sábado,21:30,LA ESTANZUELA E-14,URBANA,"HOTELES, RESIDENCIAS, Y SIMILARES.",ARMA BLANCA / CORTOPUNZANTE,A PIE,A PIE,2,MASCULINO,SOLTERO,ESTUDIANTE,NO REPORTADA,NO REPORTADO,COLOMBIA,"54,245,000",1
23/07/2013,ANTIOQUIA,MEDELLÍN (CT),Martes,12:40,LA CANDELARIA C-10,URBANA,ESTACION DEL METRO,ARMA BLANCA / CORTOPUNZANTE,A PIE,A PIE,19,MASCULINO,SOLTERO,ESTUDIANTE,NO REPORTADA,SECUNDARIA,COLOMBIA,"54,245,000",1
23/07/2013,ARAUCA,TAME,Martes,12:45,BUENA VISTA,URBANA,FRENTE A COLEGIO NO REPORTADA VIA PUBLICA,ARMA BLANCA / CORTOPUNZANTE,NO REPORTADA,A PIE,14,MASCULINO,SOLTERO,ESTUDIANTE,NO REPORTADA,SECUNDARIA,COLOMBIA,"54,398,000",1
23/07/2013,QUINDÍO,ARMENIA (CT),Martes,16:41,BAMBUZA,URBANA,PANADERIAS,NO REPORTADA,PASAJERO TAXI,CONDUCTOR TAXI,34,MASCULINO,UNION LIBRE,COMERCIANTE,NO REPORTADA,SECUNDARIA,COLOMBIA,"11,001,000",1
25/07/2013,CASANARE,MANÍ,Jueves,16:30,-,RURAL,VIAS PUBLICAS,ARMA BLANCA / CORTOPUNZANTE,VEHICULO,A PIE,25,MASCULINO,UNION LIBRE,EMPLEADO PARTICULAR,NO REPORTADA,SECUNDARIA,COLOMBIA,"41,799,000",1
27/07/2013,SANTANDER,BUCARAMANGA (CT),Sábado,10:45,EL PABLON,RURAL,FINCAS Y SIMILARES,NO REPORTADA,VEHICULO,VEHICULO,54,MASCULINO,CASADO,AGRICULTOR,NO REPORTADA,TECNOLOGO,COLOMBIA,"68,001,000",1
27/07/2013,ANTIOQUIA,ANGOSTURA,Sábado,16:00,-,RURAL,FINCAS Y SIMILARES,ARMA DE FUEGO,A PIE,A PIE,51,FEMENINO,UNION LIBRE,AMA DE CASA,NO REPORTADA,SECUNDARIA,COLOMBIA,"76,126,000",1
27/07/2013,ANTIOQUIA,ANGOSTURA,Sábado,16:00,-,RURAL,FINCAS Y SIMILARES,NO REPORTADA,A PIE,A PIE,68,MASCULINO,UNION LIBRE,EMPLEADO PARTICULAR,INGENIERO MECANICO,SUPERIOR,COLOMBIA,"5,001,000",1
28/07/2013,BOYACÁ,CHIQUINQUIRÁ,Domingo,0:00,-,URBANA,CASAS DE HABITACION,NO REPORTADA,A PIE,A PIE,29,MASCULINO,UNION LIBRE,ESTUDIANTE,NO REPORTADA,SUPERIOR,COLOMBIA,"5,001,000",1
29/07/2013,PUTUMAYO,PUERTO CAICEDO,Lunes,20:30,-,RURAL,FINCAS Y SIMILARES,ARMA BLANCA / CORTOPUNZANTE,VEHICULO,A PIE,30,MASCULINO,SOLTERO,EMPLEADO PARTICULAR,MEDICO VETERINARIO,SUPERIOR,COLOMBIA,"25,878,000",1
30/07/2013,CAUCA,SUÁREZ,Martes,14:00,REPRESA SALVAJINA,RURAL,TIPO EXPLOTACIÓN ORO,NO REPORTADA,VEHICULO,VEHICULO,43,MASCULINO,UNION LIBRE,EMPLEADO PARTICULAR,NO REPORTADA,ANALFABETA,COLOMBIA,"11,001,000",1
30/07/2013,CAUCA,SUÁREZ,Martes,14:00,REPRESA SALVAJINA,RURAL,TIPO EXPLOTACIÓN ORO,ARMA DE FUEGO,VEHICULO,A PIE,21,FEMENINO,SOLTERO,EMPLEADO PARTICULAR,NO REPORTADA,SECUNDARIA,COLOMBIA,"73,275,000",1
02/08/2013 12:00:00 AM,CALDAS,VILLAMARÍA,Viernes,10:00,-,URBANA,CASAS DE HABITACION,ARMA DE FUEGO,VEHICULO,A PIE,0,MASCULINO,SOLTERO,ESTUDIANTE,NO REPORTADA,NO REPORTADA,COLOMBIA,"73,275,000",1
04/08/2013 12:00:00 AM,VALLE,CALI (CT),Domingo,11:30,MELENDEZ E18,URBANA,VIAS PUBLICAS,ARMA DE FUEGO,VEHICULO,A PIE,6,FEMENINO,SOLTERO,ESTUDIANTE,NO REPORTADA,PRIMARIA,COLOMBIA,"73,275,000",1
04/08/2013 12:00:00 AM,CUNDINAMARCA,BOGOTÁ D.C. (CT),Domingo,12:00,SALITRE PLAZA E-9,URBANA,CENTRO COMERCIAL,ARMA DE FUEGO,VEHICULO,A PIE,26,FEMENINO,CASADO,EMPLEADO PARTICULAR,NO REPORTADA,TECNOLOGO,COLOMBIA,"73,275,000",1
05/08/2013 12:00:00 AM,NARIÑO,PASTO (CT),Lunes,21:55,VENECIA,URBANA,"HOTELES, RESIDENCIAS, Y SIMILARES.",ARMA DE FUEGO,VEHICULO,A PIE,1,FEMENINO,SOLTERO,DESEMPLEADO,NO REPORTADA,ANALFABETA,COLOMBIA,"73,275,000",1
06/08/2013 12:00:00 AM,CÓRDOBA,SAN CARLOS,Martes,11:00,-,RURAL,FINCAS Y SIMILARES,ARMA BLANCA / CORTOPUNZANTE,VEHICULO,A PIE,67,MASCULINO,CASADO,AGRICULTOR,AGRONOMO,SUPERIOR,COLOMBIA,"20,228,000",1
08/08/2013 12:00:00 AM,VALLE,CALI (CT),Jueves,11:50,LOS CONQUISTADORES E11,URBANA,VIAS PUBLICAS,ARMA BLANCA / CORTOPUNZANTE,VEHICULO,A PIE,20,MASCULINO,SOLTERO,ESTUDIANTE,NO REPORTADA,SECUNDARIA,COLOMBIA,"76,109,000",1
09/08/2013 12:00:00 AM,VALLE,CALI (CT),Viernes,16:00,EL GUABAL E10,URBANA,VIAS PUBLICAS,ARMA BLANCA / CORTOPUNZANTE,VEHICULO,A PIE,44,FEMENINO,SOLTERO,EMPLEADO PARTICULAR,NO REPORTADA,PRIMARIA,COLOMBIA,"76,109,000",1
09/08/2013 12:00:00 AM,VALLE,CALI (CT),Viernes,16:00,EL GUABAL E10,URBANA,VIAS PUBLICAS,ARMA BLANCA / CORTOPUNZANTE,A PIE,A PIE,6,MASCULINO,SOLTERO,ESTUDIANTE,NO REPORTADA,NO REPORTADA,COLOMBIA,"54,239,000",1
09/08/2013 12:00:00 AM,VALLE,CALI (CT),Viernes,16:00,EL GUABAL E10,URBANA,VIAS PUBLICAS,NO REPORTADA,NO REPORTADA,NO REPORTADA,7,MASCULINO,SOLTERO,ESTUDIANTE,NO REPORTADA,NO REPORTADA,COLOMBIA,"76,001,000",1
10/08/2013 12:00:00 AM,ANTIOQUIA,SABANETA,Sábado,10:00,VDA. LAS BRISAS,URBANA,VIAS PUBLICAS,ARMA BLANCA / CORTOPUNZANTE,A PIE,VEHICULO,44,MASCULINO,CASADO,COMERCIANTE,NO REPORTADA,NO REPORTADA,COLOMBIA,"52,835,000",1
10/08/2013 12:00:00 AM,ANTIOQUIA,SABANETA,Sábado,10:00,VDA. LAS BRISAS,URBANA,VIAS PUBLICAS,ARMA BLANCA / CORTOPUNZANTE,A PIE,VEHICULO,45,MASCULINO,UNION LIBRE,COMERCIANTE,NO REPORTADA,NO REPORTADA,COLOMBIA,"25,307,000",1
11/08/2013 12:00:00 AM,HUILA,PITALITO,Domingo,13:30,VEREDA HACIENDA BRUSELAS,RURAL,FINCAS Y SIMILARES,ARMA BLANCA / CORTOPUNZANTE,VEHICULO,A PIE,50,MASCULINO,CASADO,COMERCIANTE,NO REPORTADA,SECUNDARIA,COLOMBIA,"86,885,000",1
13/08/2013,CAUCA,MIRANDA,Martes,21:44,-,URBANA,VIAS PUBLICAS,SIN EMPLEO DE ARMAS,VEHICULO,VEHICULO,16,MASCULINO,SOLTERO,ESTUDIANTE,NO REPORTADA,SECUNDARIA,COLOMBIA,"68,255,000",1
17/08/2013,HUILA,SUAZA,Sábado,21:30,-,RURAL,FINCAS Y SIMILARES,SIN EMPLEO DE ARMAS,VEHICULO,VEHICULO,12,FEMENINO,SOLTERO,ESTUDIANTE,NO REPORTADA,SECUNDARIA,COLOMBIA,"68,255,000",1
18/08/2013,ARAUCA,ARAUCA (CT),Domingo,20:00,-,URBANA,CASAS DE HABITACION,ARMA BLANCA / CORTOPUNZANTE,A PIE,A PIE,5,MASCULINO,SOLTERO,ESTUDIANTE,NO REPORTADA,PRIMARIA,COLOMBIA,"76,109,000",1
18/08/2013,CHOCÓ,QUIBDÓ (CT),Domingo,5:40,LA VICTORIA ZONA MINERA,RURAL,RIOS,ARMA BLANCA / CORTOPUNZANTE,A PIE,A PIE,42,MASCULINO,UNION LIBRE,COMERCIANTE,NO REPORTADA,PRIMARIA,COLOMBIA,"11,001,000",1
19/08/2013,BOYACÁ,BOYACÁ,Lunes,14:00,VDA. CENTRO RURAL,RURAL,FINCAS Y SIMILARES,ARMA BLANCA / CORTOPUNZANTE,A PIE,A PIE,48,FEMENINO,UNION LIBRE,AMA DE CASA,NO REPORTADA,SECUNDARIA,COLOMBIA,"52,835,000",1
19/08/2013,BOYACÁ,BOYACÁ,Lunes,14:00,VDA. CENTRO RURAL,RURAL,FINCAS Y SIMILARES,ARMA BLANCA / CORTOPUNZANTE,A PIE,A PIE,26,MASCULINO,SOLTERO,ESTUDIANTE,NO REPORTADA,SUPERIOR,COLOMBIA,"81,001,000",1
19/08/2013,BOYACÁ,BOYACÁ,Lunes,14:00,VDA. CENTRO RURAL,RURAL,FINCAS Y SIMILARES,NO REPORTADO,NO REPORTADA,A PIE,20,MASCULINO,SOLTERO,ESTUDIANTE,NO REPORTADA,SUPERIOR,COLOMBIA,"27,001,000",1
19/08/2013,BOYACÁ,BOYACÁ,Lunes,14:00,VDA. CENTRO RURAL,RURAL,FINCAS Y SIMILARES,ARMA BLANCA / CORTOPUNZANTE,A PIE,A PIE,30,MASCULINO,SOLTERO,ESTUDIANTE,NO REPORTADA,SUPERIOR,COLOMBIA,"76,001,000",1
19/08/2013,BOYACÁ,BOYACÁ,Lunes,14:00,VDA. CENTRO RURAL,RURAL,FINCAS Y SIMILARES,ARMA BLANCA / CORTOPUNZANTE,VEHICULO,VEHICULO,24,FEMENINO,SOLTERO,ESTUDIANTE,NO REPORTADA,SUPERIOR,COLOMBIA,"5,079,000",1
21/08/2013,CUNDINAMARCA,FUSAGASUGÁ,Miércoles,19:00,-,URBANA,CASAS DE HABITACION,ARMA BLANCA / CORTOPUNZANTE,VEHICULO,A PIE,64,FEMENINO,VIUDO,PENSIONADO,NO REPORTADA,TECNOLOGO,COLOMBIA,"19,824,000",1
25/08/2013,CHOCÓ,QUIBDÓ (CT),Domingo,5:30,CALLE REAL,RURAL,FINCAS Y SIMILARES,ARMA BLANCA / CORTOPUNZANTE,NO REPORTADA,NO REPORTADA,50,MASCULINO,CASADO,EMPLEADO PARTICULAR,ABOGADO,SUPERIOR,COLOMBIA,"86,749,000",1
28/08/2013,CAUCA,MERCADERES,Miércoles,10:00,-,URBANA,VIAS PUBLICAS,ARMA BLANCA / CORTOPUNZANTE,A PIE,A PIE,24,MASCULINO,UNION LIBRE,EMPLEADO POLICIAL,POLICIA,SECUNDARIA,COLOMBIA,"85,010,000",1
02/09/2013 12:00:00 AM,ANTIOQUIA,BARBOSA,Lunes,15:30,BARRIO DE JESUS,URBANA,ESCENARIOS DEPORTIVOS,ARMA BLANCA / CORTOPUNZANTE,VEHICULO,VEHICULO,50,MASCULINO,CASADO,EMPLEADO PUBLICO,NO REPORTADA,SUPERIOR,COLOMBIA,"76,001,000",1
03/09/2013 12:00:00 AM,CHOCÓ,QUIBDÓ (CT),Martes,0:00,LOS LIRIOS,RURAL,RIOS,ARMA BLANCA / CORTOPUNZANTE,A PIE,A PIE,27,MASCULINO,SOLTERO,EMPLEADO PARTICULAR,NO REPORTADA,SUPERIOR,COLOMBIA,"27,205,000",1
05/09/2013 12:00:00 AM,NORTE DE SANTANDER,EL ZULIA,Jueves,5:00,VEREDA CERRO LEON,RURAL,FINCAS Y SIMILARES,ARMA BLANCA / CORTOPUNZANTE,A PIE,A PIE,41,MASCULINO,CASADO,COMERCIANTE,NO REPORTADA,PRIMARIA,COLOMBIA,"63,001,000",1
05/09/2013 12:00:00 AM,ANTIOQUIA,AMALFI,Jueves,6:20,-,RURAL,VIAS PUBLICAS,ARMA BLANCA / CORTOPUNZANTE,A PIE,A PIE,27,MASCULINO,SOLTERO,EMPLEADO PARTICULAR,COMUNICADOR SOCIALNO REPORTADAPERIODISTA,SUPERIOR,COLOMBIA,"54,206,000",1
05/09/2013 12:00:00 AM,ANTIOQUIA,AMALFI,Jueves,6:20,-,RURAL,VIAS PUBLICAS,ARMA BLANCA / CORTOPUNZANTE,VEHICULO,A PIE,21,MASCULINO,SOLTERO,EMPLEADO PARTICULAR,NO REPORTADA,SUPERIOR,COLOMBIA,"73,268,000",1
09/09/2013 12:00:00 AM,ATLÁNTICO,BARRANQUILLA (CT),Lunes,19:00,ALTOS DEL LIMON,URBANA,VIAS PUBLICAS,NO REPORTADO,A PIE,A PIE,23,MASCULINO,SOLTERO,ESTUDIANTE,NO REPORTADA,SUPERIOR,COLOMBIA,"85,001,000",1
10/09/2013 12:00:00 AM,ARAUCA,SARAVENA,Martes,6:35,EL JARDIN,URBANA,VIAS PUBLICAS,ARMA BLANCA / CORTOPUNZANTE,A PIE,A PIE,44,MASCULINO,CASADO,EMPLEADO PARTICULAR,NO REPORTADA,SECUNDARIA,COLOMBIA,"52,678,000",1
10/09/2013 12:00:00 AM,ARAUCA,SARAVENA,Martes,6:35,EL JARDIN,URBANA,VIAS PUBLICAS,ARMA BLANCA / CORTOPUNZANTE,A PIE,A PIE,34,MASCULINO,CASADO,EMPLEADO PARTICULAR,NO REPORTADA,SUPERIOR,COLOMBIA,"52,678,000",1
10/09/2013 12:00:00 AM,ARAUCA,SARAVENA,Martes,6:35,EL JARDIN,URBANA,VIAS PUBLICAS,ARMA BLANCA / CORTOPUNZANTE,A PIE,A PIE,57,MASCULINO,CASADO,EMPLEADO PARTICULAR,NO REPORTADA,SECUNDARIA,COLOMBIA,"76,001,000",1
17/09/2013,CUNDINAMARCA,BOGOTÁ D.C. (CT),Martes,11:30,LAS MERCEDES E-11,URBANA,FRENTE CLINICA U HOSPITAL NO REPORTADA VIA PUBLICA,NO REPORTADO,CONDUCTOR MOTOCICLETA,NO REPORTADA,22,FEMENINO,SOLTERO,ESTUDIANTE,NO REPORTADA,SUPERIOR,COLOMBIA,"54,810,000",1
18/09/2013,VICHADA,CUMARIBO,Miércoles,7:00,-,RURAL,FINCAS Y SIMILARES,NO REPORTADO,A PIE,A PIE,25,MASCULINO,UNION LIBRE,EMPLEADO PARTICULAR,NO REPORTADA,SUPERIOR,COLOMBIA,"11,001,000",1
18/09/2013,ANTIOQUIA,APARTADÓ,Miércoles,19:45,VELEZ,URBANA,CASAS DE HABITACION,ARMA BLANCA / CORTOPUNZANTE,A PIE,A PIE,45,FEMENINO,CASADO,EMPLEADO PARTICULAR,NO REPORTADA,SUPERIOR,COLOMBIA,"5,284,000",1
20/09/2013,VALLE,CALI (CT),Viernes,9:00,SAN PEDRO E3,URBANA,PARQUES,ARMA BLANCA / CORTOPUNZANTE,A PIE,A PIE,73,MASCULINO,UNION LIBRE,COMERCIANTE,NO REPORTADA,SECUNDARIA,COLOMBIA,"11,001,000",1
21/09/2013,CAUCA,PIENDAMÓ,Sábado,13:00,VDA LOS UVALES,RURAL,RESTAURANTES,ARMA BLANCA / CORTOPUNZANTE,A PIE,A PIE,44,MASCULINO,UNION LIBRE,EMPLEADO PARTICULAR,NO REPORTADA,TECNICO,COLOMBIA,"81,001,000",1
21/09/2013,CAUCA,PIENDAMÓ,Sábado,13:00,VDA LOS UVALES,RURAL,RESTAURANTES,ARMA BLANCA / CORTOPUNZANTE,A PIE,A PIE,36,MASCULINO,UNION LIBRE,EMPLEADO PARTICULAR,NO REPORTADA,TECNICO,COLOMBIA,"81,001,000",1
21/09/2013,CAUCA,PIENDAMÓ,Sábado,13:00,VDA LOS UVALES,RURAL,RESTAURANTES,ARMA BLANCA / CORTOPUNZANTE,A PIE,A PIE,25,MASCULINO,SOLTERO,EMPLEADO PARTICULAR,NO REPORTADA,TECNICO,COLOMBIA,"81,001,000",1
23/09/2013,BOYACÁ,SOGAMOSO,Lunes,9:30,VDA. MORCA,RURAL,FINCAS Y SIMILARES,ARMA BLANCA / CORTOPUNZANTE,A PIE,A PIE,27,MASCULINO,UNION LIBRE,EMPLEADO PARTICULAR,NO REPORTADA,PRIMARIA,COLOMBIA,"50,330,000",1
24/09/2013,NORTE DE SANTANDER,LOS PATIOS,Martes,21:15,SECTOR ANILLO VIAL,URBANA,VIAS PUBLICAS,ARMA BLANCA / CORTOPUNZANTE,A PIE,A PIE,30,MASCULINO,UNION LIBRE,EMPLEADO PARTICULAR,NO REPORTADA,SECUNDARIA,COLOMBIA,"11,001,000",1
26/09/2013,CUNDINAMARCA,BOGOTÁ D.C. (CT),Jueves,8:00,PUERTA DE TEJA E-9,URBANA,VIAS PUBLICAS,ARMA BLANCA / CORTOPUNZANTE,VEHICULO,VEHICULO,19,FEMENINO,SOLTERO,EMPLEADO PARTICULAR,NO REPORTADA,SECUNDARIA,COLOMBIA,"8,758,000",1
26/09/2013,ARAUCA,TAME,Jueves,14:40,LA ESPERANZA,URBANA,VIAS PUBLICAS,ARMA BLANCA / CORTOPUNZANTE,A PIE,A PIE,38,MASCULINO,CASADO,EMPLEADO PARTICULAR,NO REPORTADA,SECUNDARIA,COLOMBIA,"73,319,000",1
26/09/2013,ARAUCA,TAME,Jueves,14:40,LA ESPERANZA,URBANA,VIAS PUBLICAS,NO REPORTADO,A PIE,A PIE,46,MASCULINO,SEPARADO,EMPLEADO PARTICULAR,NO REPORTADA,TECNICO,COLOMBIA,"81,001,000",1
26/09/2013,ARAUCA,TAME,Jueves,14:40,LA ESPERANZA,URBANA,VIAS PUBLICAS,ARMA BLANCA / CORTOPUNZANTE,A PIE,A PIE,27,MASCULINO,SOLTERO,EMPLEADO PARTICULAR,NO REPORTADA,SECUNDARIA,COLOMBIA,"86,885,000",1
26/09/2013,ARAUCA,SARAVENA,Jueves,19:30,6 DE OCTUBRE,URBANA,CASAS DE HABITACION,NO REPORTADO,PASAJERO TAXI,PASAJERO TAXI,44,FEMENINO,UNION LIBRE,COMERCIANTE,NO REPORTADA,NO REPORTADA,COLOMBIA,"11,001,000",1
26/09/2013,CAQUETÁ,FLORENCIA (CT),Jueves,20:30,VIA MONTAÑITA,RURAL,FINCAS Y SIMILARES,ARMA BLANCA / CORTOPUNZANTE,PASAJERO BUS,VEHICULO,62,MASCULINO,CASADO,AGRICULTOR,CONTADOR PUBLICO,SUPERIOR,COLOMBIA,"73,268,000",1
27/09/2013,ANTIOQUIA,MEDELLÍN (CT),Viernes,11:55,CERRO NUTIBARA C-16,URBANA,VIAS PUBLICAS,ARMA BLANCA / CORTOPUNZANTE,A PIE,A PIE,50,MASCULINO,CASADO,EMPLEADO PARTICULAR,NO REPORTADA,SUPERIOR,COLOMBIA,"5,197,000",1
30/09/2013,ANTIOQUIA,COCORNÁ,Lunes,18:00,AGUA LINDA,RURAL,FINCAS Y SIMILARES,ARMA BLANCA / CORTOPUNZANTE,VEHICULO,A PIE,57,FEMENINO,CASADO,EDUCADOR,ADMINISTRADOR EDUCATIVO,SUPERIOR,COLOMBIA,"81,736,000",1
01/10/2013 12:00:00 AM,TOLIMA,ESPINAL,Martes,22:30,LA TAMBORA,RURAL,FINCAS Y SIMILARES,ARMA BLANCA / CORTOPUNZANTE,A PIE,VEHICULO,54,MASCULINO,SOLTERO,EMPLEADO PARTICULAR,ZOOTECNICO,SUPERIOR,COLOMBIA,"18,001,000",1
03/10/2013 12:00:00 AM,CUNDINAMARCA,BOGOTÁ D.C. (CT),Jueves,18:20,CHICO NORTE I E-2,URBANA,VIAS PUBLICAS,NO REPORTADO,CONDUCTOR TAXI,A PIE,25,FEMENINO,SOLTERO,EMPLEADO PARTICULAR,NO REPORTADA,SECUNDARIA,COLOMBIA,"54,405,000",1
04/10/2013 12:00:00 AM,ANTIOQUIA,MEDELLÍN (CT),Viernes,8:40,EL VELODROMO C-11,URBANA,CASAS DE HABITACION,ARMA BLANCA / CORTOPUNZANTE,A PIE,VEHICULO,34,MASCULINO,UNION LIBRE,GANADERO,ADMINISTRADOR DE EMPRESAS,SUPERIOR,COLOMBIA,"19,548,000",1
07/10/2013 12:00:00 AM,PUTUMAYO,VILLAGARZÓN,Lunes,11:30,-,RURAL,FINCAS Y SIMILARES,ARMA BLANCA / CORTOPUNZANTE,A PIE,VEHICULO,24,FEMENINO,UNION LIBRE,ESTUDIANTE,NO REPORTADA,SUPERIOR,COLOMBIA,"19,548,000",1
14/10/2013,TOLIMA,ESPINAL,Lunes,7:30,-,RURAL,FINCAS Y SIMILARES,ARMA BLANCA / CORTOPUNZANTE,A PIE,VEHICULO,40,MASCULINO,CASADO,EMPLEADO PARTICULAR,INGENIERO MECANICO,SUPERIOR,COLOMBIA,"19,548,000",1
14/10/2013,ARAUCA,ARAUCA (CT),Lunes,20:30,LOS FUNDADORES,URBANA,CASAS DE HABITACION,NO REPORTADO,VEHICULO,VEHICULO,58,MASCULINO,CASADO,GANADERO,NO REPORTADA,TECNOLOGO,COLOMBIA,"76,001,000",1
16/10/2013,QUINDÍO,QUIMBAYA,Miércoles,10:00,-,URBANA,VIAS PUBLICAS,ARMA BLANCA / CORTOPUNZANTE,A PIE,A PIE,20,FEMENINO,SOLTERO,AMA DE CASA,NO REPORTADA,SECUNDARIA,COLOMBIA,"5,045,000",1
17/10/2013,CUNDINAMARCA,BOGOTÁ D.C. (CT),Jueves,17:30,ALTAMIRA SANTA TERESA E-4,URBANA,VIAS PUBLICAS,NO REPORTADO,VEHICULO,NO REPORTADA,52,MASCULINO,SOLTERO,EMPLEADO PARTICULAR,NO REPORTADA,SECUNDARIA,COLOMBIA,"8,001,000",1
17/10/2013,TOLIMA,GUAMO,Jueves,13:30,-,RURAL,FINCAS Y SIMILARES,ARMA BLANCA / CORTOPUNZANTE,A PIE,A PIE,69,MASCULINO,CASADO,EMPLEADO PARTICULAR,NO REPORTADA,SUPERIOR,COLOMBIA,"54,261,000",1
18/10/2013,ARAUCA,ARAUQUITA,Viernes,6:50,VEREDA PANAMA DE ARAUCA,RURAL,FINCAS Y SIMILARES,ARMA BLANCA / CORTOPUNZANTE,BICICLETA,CONDUCTOR MOTOCICLETA,54,MASCULINO,CASADO,EMPLEADO PARTICULAR,NO REPORTADA,SECUNDARIA,COLOMBIA,"5,031,000",1
18/10/2013,ARAUCA,ARAUQUITA,Viernes,6:50,VEREDA PANAMA DE ARAUCA,RURAL,FINCAS Y SIMILARES,ARMA BLANCA / CORTOPUNZANTE,BICICLETA,CONDUCTOR MOTOCICLETA,32,MASCULINO,SOLTERO,EMPLEADO PARTICULAR,NO REPORTADA,SECUNDARIA,COLOMBIA,"5,031,000",1
18/10/2013,ARAUCA,ARAUQUITA,Viernes,6:50,VEREDA PANAMA DE ARAUCA,RURAL,FINCAS Y SIMILARES,ARMA BLANCA / CORTOPUNZANTE,A PIE,VEHICULO,51,MASCULINO,CASADO,EMPLEADO PARTICULAR,TOPOGRAFO,SUPERIOR,COLOMBIA,"25,290,000",1
18/10/2013,CHOCÓ,MEDIO ATRATO,Viernes,7:40,-,RURAL,FINCAS Y SIMILARES,ARMA BLANCA / CORTOPUNZANTE,NO REPORTADA,NO REPORTADA,19,MASCULINO,SOLTERO,EMPLEADO POLICIAL,POLICIA,SECUNDARIA,COLOMBIA,"27,001,000",1
18/10/2013,ATLÁNTICO,SOLEDAD,Viernes,18:00,LAS MORAS,URBANA,VIAS PUBLICAS,ARMA BLANCA / CORTOPUNZANTE,VEHICULO,A PIE,45,MASCULINO,CASADO,COMERCIANTE,NO REPORTADA,SECUNDARIA,COLOMBIA,"41,770,000",1
20/10/2013,CUNDINAMARCA,BOGOTÁ D.C. (CT),Domingo,15:40,LAGO GAITAN E-2,URBANA,CASAS DE HABITACION,ARMA BLANCA / CORTOPUNZANTE,A PIE,VEHICULO,50,MASCULINO,CASADO,EMPLEADO PARTICULAR,INGENIERO CIVIL,SUPERIOR,COLOMBIA,"19,455,000",1
22/10/2013,ARAUCA,ARAUCA (CT),Martes,5:00,VEREDA LA BECERRA,RURAL,FINCAS Y SIMILARES,ARMA DE FUEGO,A PIE,VEHICULO,46,FEMENINO,UNION LIBRE,AMA DE CASA,NO REPORTADA,SECUNDARIA,COLOMBIA,"5,631,000",1
22/10/2013,ARAUCA,ARAUCA (CT),Martes,5:00,VEREDA LA BECERRA,RURAL,FINCAS Y SIMILARES,ARMA DE FUEGO,A PIE,VEHICULO,53,MASCULINO,UNION LIBRE,COMERCIANTE,NO REPORTADA,SECUNDARIA,COLOMBIA,"5,631,000",1
22/10/2013,ARAUCA,ARAUCA (CT),Martes,5:00,VEREDA LA BECERRA,RURAL,FINCAS Y SIMILARES,ARMA BLANCA / CORTOPUNZANTE,A PIE,VEHICULO,25,MASCULINO,SOLTERO,ESTUDIANTE,NO REPORTADA,SECUNDARIA,COLOMBIA,"76,001,000",1
22/10/2013,META,MESETAS,Martes,10:00,VEREDA LAS ROSAS,RURAL,FINCAS Y SIMILARES,ARMA BLANCA / CORTOPUNZANTE,A PIE,VEHICULO,31,MASCULINO,UNION LIBRE,AGRICULTOR,NO REPORTADA,SECUNDARIA,COLOMBIA,"76,001,000",1
23/10/2013,CUNDINAMARCA,BOGOTÁ D.C. (CT),Miércoles,10:25,LA ESPERANZA E-12,URBANA,VIAS PUBLICAS,ARMA BLANCA / CORTOPUNZANTE,A PIE,VEHICULO,38,MASCULINO,SOLTERO,COMERCIANTE,NO REPORTADA,SECUNDARIA,COLOMBIA,"76,001,000",1
25/10/2013,ANTIOQUIA,FRONTINO,Viernes,19:30,LOS MONOS,RURAL,FINCAS Y SIMILARES,ARMA BLANCA / CORTOPUNZANTE,A PIE,A PIE,35,MASCULINO,UNION LIBRE,GANADERO,NO REPORTADA,PRIMARIA,COLOMBIA,"23,678,000",1
28/10/2013,CUNDINAMARCA,BOGOTÁ D.C. (CT),Lunes,15:00,URB. FUCHA SEVILLA SUR E-15,URBANA,VIAS PUBLICAS,ARMA BLANCA / CORTOPUNZANTE,PASAJERO TAXI,CONDUCTOR TAXI,29,FEMENINO,SOLTERO,EMPLEADO PARTICULAR,NO REPORTADA,SECUNDARIA,COLOMBIA,"11,001,000",1
30/10/2013,ARAUCA,SARAVENA,Miércoles,7:00,CENTRO,URBANA,VIAS PUBLICAS,ARMA BLANCA / CORTOPUNZANTE,A PIE,A PIE,56,MASCULINO,CASADO,EMPLEADO PARTICULAR,NO REPORTADA,TECNICO,COLOMBIA,"19,780,000",1
31/10/2013,VALLE,CALI (CT),Jueves,1:00,CGTO LA BUITRERA E18,RURAL,CASAS DE HABITACION,ARMA BLANCA / CORTOPUNZANTE,A PIE,A PIE,47,MASCULINO,CASADO,EMPLEADO PARTICULAR,NO REPORTADA,PRIMARIA,COLOMBIA,"19,780,000",1
31/10/2013,VALLE,CALI (CT),Jueves,1:00,CGTO LA BUITRERA E18,RURAL,CASAS DE HABITACION,NO REPORTADO,VEHICULO,A PIE,55,MASCULINO,CASADO,EMPLEADO PARTICULAR,NO REPORTADA,SUPERIOR,COLOMBIA,"86,569,000",1
31/10/2013,CUNDINAMARCA,BOGOTÁ D.C. (CT),Jueves,8:30,MANDALAY I ETAPA E-8,URBANA,CASAS DE HABITACION,NO REPORTADO,VEHICULO,A PIE,49,FEMENINO,CASADO,ESTUDIANTE,NO REPORTADA,SUPERIOR,COLOMBIA,"5,038,000",1
03/11/2013 12:00:00 AM,VALLE,TULUÁ,Domingo,12:45,VDA. LA CRUZ,RURAL,FINCAS Y SIMILARES,NO REPORTADO,VEHICULO,A PIE,28,MASCULINO,SOLTERO,EMPLEADO PARTICULAR,NO REPORTADA,SECUNDARIA,COLOMBIA,"5,038,000",1
05/11/2013 12:00:00 AM,CASANARE,YOPAL (CT),Martes,22:30,BUENA VISTA,RURAL,FINCAS Y SIMILARES,ARMA BLANCA / CORTOPUNZANTE,A PIE,VEHICULO,57,MASCULINO,UNION LIBRE,COMERCIANTE,NO REPORTADA,SECUNDARIA,COLOMBIA,"81,794,000",1
05/11/2013 12:00:00 AM,NORTE DE SANTANDER,TIBÚ,Martes,5:30,INSPECCION LA CUATRO,RURAL,VIAS PUBLICAS,ARMA BLANCA / CORTOPUNZANTE,A PIE,VEHICULO,62,MASCULINO,CASADO,PENSIONADO,NO REPORTADA,SECUNDARIA,COLOMBIA,"63,001,000",1
06/11/2013 12:00:00 AM,CUNDINAMARCA,BOGOTÁ D.C. (CT),Miércoles,21:00,CHAPINERO NORTE E-2,URBANA,INTERIOR VEHICULO SERVICIO PUBLICO,NO REPORTADO,VEHICULO,VEHICULO,25,MASCULINO,SOLTERO,EMPLEADO PARTICULAR,TECNICO EN CONTABILIDAD,TECNICO,COLOMBIA,"76,520,000",1
08/11/2013 12:00:00 AM,CUNDINAMARCA,BOGOTÁ D.C. (CT),Viernes,22:30,CENTRO COMERCIAL UNICENTRO E-1,URBANA,PARQUEADERO,NO REPORTADO,VEHICULO,A PIE,23,FEMENINO,SOLTERO,EMPLEADO PARTICULAR,NO REPORTADA,SECUNDARIA,COLOMBIA,"81,794,000",1
09/11/2013 12:00:00 AM,VALLE,CALI (CT),Sábado,18:45,VEREDA LA CASTELLANA E22,RURAL,FINCAS Y SIMILARES,ARMA BLANCA / CORTOPUNZANTE,A PIE,A PIE,58,FEMENINO,VIUDO,EMPLEADO PARTICULAR,NO REPORTADA,SECUNDARIA,COLOMBIA,"5,045,000",1
11/11/2013 12:00:00 AM,RISARALDA,PEREIRA (CT),Lunes,20:10,JOSE ANTONIO GALAN,URBANA,CASAS DE HABITACION,ARMA BLANCA / CORTOPUNZANTE,A PIE,A PIE,26,MASCULINO,CASADO,COMERCIANTE,NO REPORTADA,PRIMARIA,ECUADOR,"73,148,000",1
13/11/2013,SUCRE,COROZAL,Miércoles,15:00,MONSERRATE,URBANA,CASAS DE HABITACION,ARMA BLANCA / CORTOPUNZANTE,A PIE,A PIE,4,FEMENINO,SOLTERO,ESTUDIANTE,NO REPORTADA,NO REPORTADA,COLOMBIA,"27,787,000",1
13/11/2013,NARIÑO,SAMANIEGO,Miércoles,18:15,VEREDA EL LLANO,RURAL,FINCAS Y SIMILARES,NO REPORTADO,VEHICULO,A PIE,36,FEMENINO,SOLTERO,EMPLEADO PARTICULAR,CONTADOR,SUPERIOR,COLOMBIA,"25,430,000",1
13/11/2013,NARIÑO,SAMANIEGO,Miércoles,18:15,VEREDA EL LLANO,RURAL,FINCAS Y SIMILARES,NO REPORTADO,A PIE,A PIE,34,MASCULINO,SOLTERO,EMPLEADO PARTICULAR,CONTADOR,SUPERIOR,COLOMBIA,"54,003,000",1
15/11/2013,CASANARE,YOPAL (CT),Viernes,9:05,BRISAS DEL LLANO,URBANA,"HOTELES, RESIDENCIAS, Y SIMILARES.",NO REPORTADO,A PIE,A PIE,52,MASCULINO,CASADO,COMERCIANTE,NO REPORTADA,SECUNDARIA,COLOMBIA,"5,250,000",1
16/11/2013,CUNDINAMARCA,BOGOTÁ D.C. (CT),Sábado,15:50,LA ALAMEDA E-19,URBANA,FRENTE A COLEGIO NO REPORTADA VIA PUBLICA,ARMA BLANCA / CORTOPUNZANTE,CONDUCTOR MOTOCICLETA,A PIE,7,FEMENINO,SOLTERO,ESTUDIANTE,NO REPORTADA,PRIMARIA,COLOMBIA,"41,807,000",1
18/11/2013,TOLIMA,ESPINAL,Lunes,15:00,LA TAMBORA,RURAL,FINCAS Y SIMILARES,ARMA DE FUEGO,A PIE,VEHICULO,33,MASCULINO,UNION LIBRE,EMPLEADO PARTICULAR,TOPOGRAFO,SUPERIOR,COLOMBIA,"73,616,000",1
22/11/2013,NORTE DE SANTANDER,CONVENCIÓN,Viernes,19:00,LLANO GRANDE,RURAL,FINCAS Y SIMILARES,NO REPORTADO,VEHICULO,VEHICULO,49,MASCULINO,UNION LIBRE,AGRICULTOR,NO REPORTADA,PRIMARIA,COLOMBIA,"50,330,000",1
23/11/2013,RISARALDA,DOSQUEBRADAS,Sábado,4:30,PUEBLO SOL,URBANA,CASAS DE HABITACION,ARMA BLANCA / CORTOPUNZANTE,VEHICULO,A PIE,17,MASCULINO,SOLTERO,ESTUDIANTE,NO REPORTADA,SECUNDARIA,COLOMBIA,"76,109,000",1
26/11/2013,MAGDALENA,SANTA MARTA (CT),Martes,12:05,-,URBANA,PLAZAS DE MERCADO,NO REPORTADO,A PIE,CONDUCTOR TAXI,2,FEMENINO,SOLTERO,ESTUDIANTE,NO REPORTADA,NO REPORTADA,COLOMBIA,"11,001,000",1
27/11/2013,QUINDÍO,ARMENIA (CT),Miércoles,18:00,POPULAR,URBANA,CASAS DE HABITACION,NO REPORTADO,CONDUCTOR MOTOCICLETA,CONDUCTOR MOTOCICLETA,31,MASCULINO,CASADO,COMERCIANTE,NO REPORTADA,SECUNDARIA,COLOMBIA,"54,498,000",1
30/11/2013,CHOCÓ,CONDOTO,Sábado,6:00,CARRETERA,RURAL,FINCAS Y SIMILARES,ARMA BLANCA / CORTOPUNZANTE,A PIE,A PIE,41,MASCULINO,UNION LIBRE,COMERCIANTE,NO REPORTADA,PRIMARIA,COLOMBIA,"54,174,000",1
02/12/2013 12:00:00 AM,ANTIOQUIA,MEDELLÍN (CT),Lunes,15:00,SAN GERMAN C-7,URBANA,VIAS PUBLICAS,NO REPORTADO,A PIE,NO REPORTADA,53,MASCULINO,CASADO,COMERCIANTE,NO REPORTADA,PRIMARIA,COLOMBIA,"50,001,000",1
03/12/2013 12:00:00 AM,ARAUCA,TAME,Martes,12:30,VEREDA FLOR AMARILLO,RURAL,FINCAS Y SIMILARES,ARMA BLANCA / CORTOPUNZANTE,VEHICULO,A PIE,30,MASCULINO,SOLTERO,EMPLEADO PARTICULAR,NO REPORTADA,SECUNDARIA,COLOMBIA,"8,560,000",1
03/12/2013 12:00:00 AM,ARAUCA,TAME,Martes,12:30,VEREDA FLOR AMARILLO,RURAL,FINCAS Y SIMILARES,NO REPORTADO,VEHICULO,VEHICULO,51,MASCULINO,CASADO,EMPLEADO PUBLICO,NO REPORTADA,SUPERIOR,COLOMBIA,"44,847,000",1
03/12/2013 12:00:00 AM,ARAUCA,TAME,Martes,12:30,VEREDA FLOR AMARILLO,RURAL,FINCAS Y SIMILARES,NO REPORTADO,VEHICULO,VEHICULO,39,MASCULINO,CASADO,EMPLEADO PARTICULAR,NO REPORTADA,SECUNDARIA,COLOMBIA,"44,847,000",1
05/12/2013 12:00:00 AM,VALLE,CALI (CT),Jueves,12:00,SAN VICENTE E2,URBANA,VIAS PUBLICAS,ARMA BLANCA / CORTOPUNZANTE,A PIE,VEHICULO,48,MASCULINO,CASADO,EMPLEADO PARTICULAR,TECNICO EN MERCADEO,TECNICO,COLOMBIA,"19,698,000",1
06/12/2013 12:00:00 AM,CAUCA,PAEZ,Viernes,16:00,Resguardo de Ricaurte,RURAL,RESGUARDO INDÍGENA,ARMA BLANCA / CORTOPUNZANTE,A PIE,A PIE,31,MASCULINO,SOLTERO,EMPLEADO PARTICULAR,TECNICO EN ELECTRONICA,TECNICO,COLOMBIA,"76,001,000",1
06/12/2013 12:00:00 AM,PUTUMAYO,SIBUNDOY,Viernes,9:00,HIDRAULICA,URBANA,VIAS PUBLICAS,NO REPORTADO,VEHICULO,VEHICULO,33,MASCULINO,SOLTERO,EMPLEADO PARTICULAR,NO REPORTADA,TECNOLOGO,COLOMBIA,"76,001,000",1
06/12/2013 12:00:00 AM,CASANARE,AGUAZUL,Viernes,18:00,VIA YOPAL,RURAL,CARRETERA,ARMA BLANCA / CORTOPUNZANTE,A PIE,A PIE,61,MASCULINO,CASADO,EMPLEADO PARTICULAR,NO REPORTADA,SECUNDARIA,COLOMBIA,"23,079,000",1
07/12/2013 12:00:00 AM,CAUCA,TOTORÓ,Sábado,16:45,VDA PANIQUITA,RURAL,FINCAS Y SIMILARES,ARMA BLANCA / CORTOPUNZANTE,A PIE,A PIE,26,MASCULINO,SOLTERO,COMERCIANTE,NO REPORTADA,SUPERIOR,COLOMBIA,"66,682,000",1
08/12/2013 12:00:00 AM,ANTIOQUIA,BARBOSA,Domingo,10:00,VIA EL HATILLO MEDELLIN,URBANA,CARRETERA,NO REPORTADO,VEHICULO,A PIE,48,MASCULINO,UNION LIBRE,COMERCIANTE,NO REPORTADA,PRIMARIA,COLOMBIA,"76,616,000",1
10/12/2013 12:00:00 AM,VALLE,CALI (CT),Martes,16:00,PANAMERICANO E24,URBANA,VIAS PUBLICAS,ARMA BLANCA / CORTOPUNZANTE,A PIE,CONDUCTOR MOTOCICLETA,40,MASCULINO,UNION LIBRE,AGRICULTOR,NO REPORTADA,PRIMARIA,COLOMBIA,"20,550,000",1
11/12/2013 12:00:00 AM,CASANARE,PAZ DE ARIPORO,Miércoles,19:00,LA CANDELARIA,RURAL,FINCAS Y SIMILARES,ARMA BLANCA / CORTOPUNZANTE,A PIE,A PIE,55,FEMENINO,VIUDO,COMERCIANTE,NO REPORTADA,SECUNDARIA,COLOMBIA,"19,513,000",1
13/12/2013,CHOCÓ,QUIBDÓ (CT),Viernes,6:00,-,RURAL,RIOS,NO REPORTADO,A PIE,VEHICULO,31,FEMENINO,UNION LIBRE,COMERCIANTE,NO REPORTADA,SECUNDARIA,COLOMBIA,"81,001,000",1
14/12/2013,ANTIOQUIA,MEDELLÍN (CT),Sábado,9:00,LAS PALMAS C-10,URBANA,CASAS DE HABITACION,ARMA BLANCA / CORTOPUNZANTE,A PIE,A PIE,1,FEMENINO,SOLTERO,DESEMPLEADO,NO REPORTADA,ANALFABETA,COLOMBIA,"50,318,000",1
16/12/2013,ARAUCA,ARAUCA (CT),Lunes,18:15,VEREDA EL ROSARIO,RURAL,FINCAS Y SIMILARES,NO REPORTADA,NO REPORTADA,NO REPORTADA,46,MASCULINO,UNION LIBRE,GANADERO,NO REPORTADA,SECUNDARIA,COLOMBIA,"85,430,000",1
17/12/2013,VALLE,TULUÁ,Martes,9:30,Villa Liliana,URBANA,VIAS PUBLICAS,NO REPORTADO,A PIE,A PIE,28,FEMENINO,UNION LIBRE,AMA DE CASA,NO REPORTADA,SECUNDARIA,COLOMBIA,"76,109,000",1
19/12/2013,CUNDINAMARCA,BOGOTÁ D.C. (CT),Jueves,14:30,BAVARIA TECHO II SECTOR E-8,URBANA,CASAS DE HABITACION,NO REPORTADO,A PIE,A PIE,42,MASCULINO,SOLTERO,COMERCIANTE,NO REPORTADA,SECUNDARIA,COLOMBIA,"81,001,000",1
19/12/2013,NARIÑO,SAN ANDRES DE TUMACO,Jueves,16:00,LIBERTADORES,URBANA,VIAS PUBLICAS,NO REPORTADO,VEHICULO,VEHICULO,16,FEMENINO,SOLTERO,ESTUDIANTE,NO REPORTADA,SECUNDARIA,COLOMBIA,"19,397,000",1
29/12/2013,VALLE,BUENAVENTURA,Domingo,0:40,KENNEDY,URBANA,VIAS PUBLICAS,ARMA BLANCA / CORTOPUNZANTE,A PIE,A PIE,35,MASCULINO,UNION LIBRE,COMERCIANTE,NO REPORTADA,SECUNDARIA,COLOMBIA,"76,001,000",1
30/12/2013,SANTANDER,EL PLAYÓN,Lunes,18:30,VRDA  EL PLAYON,URBANA,VIAS PUBLICAS,ARMA BLANCA / CORTOPUNZANTE,A PIE,A PIE,48,FEMENINO,SOLTERO,EMPLEADO PARTICULAR,NO REPORTADA,PRIMARIA,COLOMBIA,"50,313,000",1
30/12/2013,SANTANDER,EL PLAYÓN,Lunes,18:30,VRDA  EL PLAYON,URBANA,VIAS PUBLICAS,ARMA BLANCA / CORTOPUNZANTE,A PIE,A PIE,26,MASCULINO,UNION LIBRE,EMPLEADO PARTICULAR,NO REPORTADA,PRIMARIA,COLOMBIA,"11,001,000",1
31/12/2013,PUTUMAYO,VILLAGARZÓN,Martes,11:30,"VIA, PUERTO ASIS",RURAL,FINCAS Y SIMILARES,ARMA BLANCA / CORTOPUNZANTE,A PIE,VEHICULO,23,FEMENINO,SOLTERO,ESTUDIANTE,NO REPORTADA,SUPERIOR,COLOMBIA,"19,698,000",1
TOTAL,,,,,,,,,,,,,,,,,,,299
