﻿FECHA,DEPARTAMENTO,MUNICIPIO,DIA,HORA,BARRIO,ZONA ,CLASE DE SITIO ,ARMA O MEDIO,MOVIL VICTIMA ,MOVIL AGRESOR ,EDAD ,GENERO ,ESTADO CIVIL,CLASE EMPLEADO,PROFESION,ESCOLARIDAD,PAIS NACE,CODIGO DANE ,2015
01/01/2015 12:00:00 AM,CAUCA,POPAYÁN (CT),Jueves,9:00,MINUTO DE DIOS,URBANA,VIAS PUBLICAS,NO REPORTADO,VEHICULO,VEHICULO,24,FEMENINO,SOLTERO,EMPLEADO PARTICULAR,NO REPORTADA,TECNICO,COLOMBIA,"54,800,000",1
01/01/2015 12:00:00 AM,MAGDALENA,SANTA MARTA (CT),Jueves,22:00,SAN JOSE,URBANA,CASAS DE HABITACION,ARMA BLANCA / CORTOPUNZANTE,A PIE,A PIE,66,MASCULINO,DIVORCIADO,EMPLEADO PARTICULAR,AGRONOMO,SUPERIOR,COLOMBIA,"50,001,000",1
04/01/2015 12:00:00 AM,CAQUETÁ,EL PAUJIL,Domingo,4:30,VDA.  EL EDEN,RURAL,FINCAS Y SIMILARES,NO REPORTADO,VEHICULO,A PIE,36,MASCULINO,UNION LIBRE,AGRICULTOR,NO REPORTADA,TECNICO,COLOMBIA,"25,799,000",1
04/01/2015 12:00:00 AM,HUILA,TELLO,Domingo,11:00,VEREDA SAN ANDRES TELLO,RURAL,VIAS PUBLICAS,ARMA BLANCA / CORTOPUNZANTE,VEHICULO,A PIE,50,MASCULINO,UNION LIBRE,AMA DE CASA,NO REPORTADA,PRIMARIA,COLOMBIA,"76,233,000",1
06/01/2015 12:00:00 AM,CAUCA,CORINTO,Martes,13:00,20 de Agosto,URBANA,VIAS PUBLICAS,NO REPORTADO,A PIE,A PIE,22,MASCULINO,UNION LIBRE,INDEPENDIENTE,NO REPORTADA,SECUNDARIA,COLOMBIA,"25,743,000",1
10/01/2015 12:00:00 AM,VALLE,CALI (CT),Sábado,10:00,BELISARIO CAICEDO E20,URBANA,CASAS DE HABITACION,ARMA BLANCA / CORTOPUNZANTE,A PIE,VEHICULO,43,MASCULINO,UNION LIBRE,EMPLEADO PARTICULAR,NO REPORTADA,SECUNDARIA,COLOMBIA,"47,001,000",1
13/01/2015,ANTIOQUIA,CALDAS,Martes,23:50,VEREDA LA TOLVA,RURAL,ZONA SELVÁTICA,ARMA BLANCA / CORTOPUNZANTE,A PIE,A PIE,27,MASCULINO,UNION LIBRE,EDUCADOR,LICENCIADO,SUPERIOR,COLOMBIA,"5,360,000",1
14/01/2015,VALLE,BUENAVENTURA,Miércoles,14:30,SAN JOSE,URBANA,VIAS PUBLICAS,ARMA BLANCA / CORTOPUNZANTE,A PIE,VEHICULO,24,MASCULINO,SOLTERO,EMPLEADO PARTICULAR,NO REPORTADA,SECUNDARIA,COLOMBIA,"76,001,000",1
14/01/2015,VALLE,BUENAVENTURA,Miércoles,14:30,SAN JOSE,URBANA,VIAS PUBLICAS,ARMA BLANCA / CORTOPUNZANTE,A PIE,A PIE,53,MASCULINO,SOLTERO,EMPLEADO PARTICULAR,NO REPORTADA,SECUNDARIA,COLOMBIA,"68,081,000",1
14/01/2015,BOYACÁ,TUNJA (CT),Miércoles,16:00,LOS PARQUES,URBANA,VIAS PUBLICAS,ARMA BLANCA / CORTOPUNZANTE,A PIE,A PIE,59,MASCULINO,CASADO,COMERCIANTE,NO REPORTADA,SECUNDARIA,COLOMBIA,"68,081,000",1
15/01/2015,CAUCA,PIENDAMÓ,Jueves,18:30,EL LIMONAR,URBANA,VIAS PUBLICAS,ARMA BLANCA / CORTOPUNZANTE,A PIE,A PIE,29,FEMENINO,UNION LIBRE,EMPLEADO PARTICULAR,NO REPORTADA,TECNICO,COLOMBIA,"68,081,000",1
15/01/2015,ARAUCA,ARAUCA (CT),Jueves,19:20,EL CHIRCAL,URBANA,CASAS DE HABITACION,ARMA BLANCA / CORTOPUNZANTE,A PIE,A PIE,23,MASCULINO,SOLTERO,EMPLEADO PARTICULAR,ARQUEOLOGO,SECUNDARIA,COLOMBIA,"27,073,000",1
15/01/2015,CHOCÓ,TADÓ,Jueves,14:00,ESCOLAR,RURAL,FINCAS Y SIMILARES,ARMA BLANCA / CORTOPUNZANTE,A PIE,A PIE,67,MASCULINO,CASADO,PENSIONADO,QUIMICO,SUPERIOR,COLOMBIA,"25,436,000",1
18/01/2015,META,MAPIRIPÁN,Domingo,15:30,VEREDA EL ANZUELO,RURAL,ZONA SELVÁTICA,ARMA BLANCA / CORTOPUNZANTE,A PIE,VEHICULO,21,MASCULINO,SOLTERO,EMPLEADO PARTICULAR,NO REPORTADA,SECUNDARIA,COLOMBIA,"66,001,000",1
18/01/2015,META,MAPIRIPÁN,Domingo,15:30,VEREDA EL ANZUELO,RURAL,ZONA SELVÁTICA,ARMA BLANCA / CORTOPUNZANTE,A PIE,A PIE,24,FEMENINO,UNION LIBRE,EMPLEADO PARTICULAR,NO REPORTADA,SECUNDARIA,COLOMBIA,"76,834,000",1
18/01/2015,META,MAPIRIPÁN,Domingo,15:30,VEREDA EL ANZUELO,RURAL,ZONA SELVÁTICA,NO REPORTADO,A PIE,A PIE,20,FEMENINO,SOLTERO,EMPLEADO PARTICULAR,NO REPORTADA,SECUNDARIA,COLOMBIA,"19,698,000",1
18/01/2015,META,MAPIRIPÁN,Domingo,15:30,VEREDA EL ANZUELO,RURAL,ZONA SELVÁTICA,NO REPORTADO,VEHICULO,A PIE,23,FEMENINO,SOLTERO,EMPLEADO PARTICULAR,NO REPORTADA,SECUNDARIA,COLOMBIA,"54,261,000",1
18/01/2015,META,MAPIRIPÁN,Domingo,15:30,VEREDA EL ANZUELO,RURAL,ZONA SELVÁTICA,NO REPORTADO,A PIE,A PIE,24,MASCULINO,SOLTERO,EMPLEADO PARTICULAR,NO REPORTADA,SECUNDARIA,COLOMBIA,"54,261,000",1
19/01/2015,ARAUCA,TAME,Lunes,10:30,VEREDA FLOR AMARILLO,RURAL,VIAS PUBLICAS,ARMA BLANCA / CORTOPUNZANTE,A PIE,A PIE,43,MASCULINO,CASADO,EMPLEADO PARTICULAR,NO REPORTADA,SECUNDARIA,COLOMBIA,"52,540,000",1
19/01/2015,ARAUCA,TAME,Lunes,10:30,VEREDA FLOR AMARILLO,RURAL,VIAS PUBLICAS,NO REPORTADO,A PIE,A PIE,35,MASCULINO,UNION LIBRE,EMPLEADO PARTICULAR,NO REPORTADA,PRIMARIA,COLOMBIA,"5,890,000",1
19/01/2015,ANTIOQUIA,MEDELLÍN (CT),Lunes,3:00,ALTAVISTA C-16,URBANA,CASAS DE HABITACION,ARMA BLANCA / CORTOPUNZANTE,VEHICULO,A PIE,23,FEMENINO,SOLTERO,EMPLEADO POLICIAL,POLICIA,TECNICO,COLOMBIA,"86,320,000",1
19/01/2015,ANTIOQUIA,MEDELLÍN (CT),Lunes,3:00,ALTAVISTA C-16,URBANA,CASAS DE HABITACION,ARMA BLANCA / CORTOPUNZANTE,VEHICULO,CONDUCTOR TAXI,35,FEMENINO,SOLTERO,EMPLEADO PARTICULAR,NO REPORTADA,SECUNDARIA,COLOMBIA,"5,001,000",1
19/01/2015,ANTIOQUIA,MEDELLÍN (CT),Lunes,3:00,ALTAVISTA C-16,URBANA,CASAS DE HABITACION,ARMA BLANCA / CORTOPUNZANTE,A PIE,A PIE,33,MASCULINO,SOLTERO,EMPLEADO PARTICULAR,NO REPORTADA,SECUNDARIA,COLOMBIA,"5,154,000",1
23/01/2015,ANTIOQUIA,COPACABANA,Viernes,14:43,VDA. EL NORAL,RURAL,FINCAS Y SIMILARES,ARMA BLANCA / CORTOPUNZANTE,A PIE,A PIE,42,MASCULINO,CASADO,COMERCIANTE,NO REPORTADA,SECUNDARIA,COLOMBIA,"5,887,000",1
25/01/2015,CAUCA,POPAYÁN (CT),Domingo,11:00,ALFONSO LOPEZ,URBANA,CASAS DE HABITACION,ARMA BLANCA / CORTOPUNZANTE,A PIE,A PIE,25,FEMENINO,SOLTERO,EMPLEADO PARTICULAR,NO REPORTADA,SECUNDARIA,COLOMBIA,"85,430,000",1
27/01/2015,META,VILLAVICENCIO (CT),Martes,20:00,PASTRANA,URBANA,VIAS PUBLICAS,ARMA BLANCA / CORTOPUNZANTE,A PIE,A PIE,16,MASCULINO,SOLTERO,ESTUDIANTE,NO REPORTADA,SECUNDARIA,COLOMBIA,"85,430,000",1
28/01/2015,META,MESETAS,Miércoles,6:05,VEREDA LAS ROSAS,RURAL,FINCAS Y SIMILARES,NO REPORTADO,A PIE,A PIE,37,MASCULINO,SOLTERO,AGRICULTOR,NO REPORTADA,NO REPORTADA,COLOMBIA,"5,579,000",1
30/01/2015,CUNDINAMARCA,BOGOTÁ D.C. (CT),Viernes,4:40,MÓNACO E-11,URBANA,VIAS PUBLICAS,NO REPORTADO,A PIE,A PIE,66,MASCULINO,CASADO,COMERCIANTE,NO REPORTADA,SECUNDARIA,COLOMBIA,"5,579,000",1
06/02/2015 12:00:00 AM,CUNDINAMARCA,BOGOTÁ D.C. (CT),Viernes,18:10,QUINTA CAMACHO E-2,URBANA,VIAS PUBLICAS,ARMA BLANCA / CORTOPUNZANTE,A PIE,A PIE,50,FEMENINO,SOLTERO,EMPLEADO PARTICULAR,INGENIERO,SUPERIOR,COLOMBIA,"52,001,000",1
09/02/2015 12:00:00 AM,CASANARE,AGUAZUL,Lunes,6:00,ALTOS DEL CUPIAGUA,URBANA,VIAS PUBLICAS,ARMA BLANCA / CORTOPUNZANTE,A PIE,A PIE,49,MASCULINO,SOLTERO,EMPLEADO PARTICULAR,INGENIERO MECANICO,SUPERIOR,COLOMBIA,"52,001,000",1
10/02/2015 12:00:00 AM,NORTE DE SANTANDER,TIBÚ,Martes,12:30,BARRIO LA ESPERANZA,URBANA,FRENTE A COLEGIO NO REPORTADA VIA PUBLICA,NO REPORTADO,A PIE,A PIE,10,MASCULINO,SOLTERO,ESTUDIANTE,NO REPORTADA,PRIMARIA,COLOMBIA,"19,001,000",1
10/02/2015 12:00:00 AM,CHOCÓ,TADÓ,Martes,15:30,EL TAPOM,RURAL,FINCAS Y SIMILARES,NO REPORTADO,A PIE,A PIE,29,MASCULINO,UNION LIBRE,EMPLEADO PARTICULAR,INGENIERO DE SISTEMAS,SUPERIOR,COLOMBIA,"81,794,000",1
10/02/2015 12:00:00 AM,CHOCÓ,TADÓ,Martes,15:30,EL TAPOM,RURAL,FINCAS Y SIMILARES,NO REPORTADO,A PIE,NO REPORTADA,18,MASCULINO,SOLTERO,DESEMPLEADO,NO REPORTADA,SECUNDARIA,COLOMBIA,"50,001,000",1
10/02/2015 12:00:00 AM,NARIÑO,IPIALES,Martes,16:30,PUENES,URBANA,VIAS PUBLICAS,ARMA BLANCA / CORTOPUNZANTE,A PIE,VEHICULO,58,MASCULINO,CASADO,COMERCIANTE,NO REPORTADA,PRIMARIA,COLOMBIA,"44,847,000",1
12/02/2015 12:00:00 AM,CHOCÓ,TADÓ,Jueves,10:00,EL TAPOM,RURAL,FINCAS Y SIMILARES,ARMA BLANCA / CORTOPUNZANTE,A PIE,CONDUCTOR MOTOCICLETA,29,MASCULINO,SOLTERO,AMA DE CASA,NO REPORTADA,SECUNDARIA,COLOMBIA,"5,628,000",1
13/02/2015,CAUCA,TIMBÍO,Viernes,19:00,VDA LOS ROBLES,RURAL,VIAS PUBLICAS,NO REPORTADO,NO REPORTADA,NO REPORTADA,19,MASCULINO,SOLTERO,ESTUDIANTE,NO REPORTADA,SECUNDARIA,COLOMBIA,"25,718,000",1
14/02/2015,PUTUMAYO,MOCOA (CT),Sábado,20:30,VDA. PUEBLO VIEJO,RURAL,VIAS PUBLICAS,NO REPORTADO,NO REPORTADA,NO REPORTADA,15,MASCULINO,SOLTERO,ESTUDIANTE,NO REPORTADA,SECUNDARIA,COLOMBIA,"25,718,000",1
16/02/2015,CUNDINAMARCA,BOGOTÁ D.C. (CT),Lunes,23:30,MUZU E-16,URBANA,TRANSPORTE PÚBLICO,NO REPORTADO,NO REPORTADA,NO REPORTADA,50,MASCULINO,UNION LIBRE,COMERCIANTE,NO REPORTADA,SECUNDARIA,COLOMBIA,"25,718,000",1
19/02/2015,NORTE DE SANTANDER,EL CARMEN,Jueves,8:00,CORREGIMIENTO GUAMALITO,RURAL,FINCAS Y SIMILARES,ARMA BLANCA / CORTOPUNZANTE,A PIE,A PIE,30,MASCULINO,SOLTERO,EMPLEADO PARTICULAR,GEOLOGO,SUPERIOR,COLOMBIA,"50,330,000",1
19/02/2015,NORTE DE SANTANDER,EL CARMEN,Jueves,8:00,CORREGIMIENTO GUAMALITO,RURAL,FINCAS Y SIMILARES,ARMA BLANCA / CORTOPUNZANTE,PASAJERO BUS,A PIE,28,FEMENINO,SOLTERO,EMPLEADO PARTICULAR,GEOLOGO,SUPERIOR,COLOMBIA,"86,568,000",1
19/02/2015,NORTE DE SANTANDER,EL CARMEN,Jueves,8:00,CORREGIMIENTO GUAMALITO,RURAL,FINCAS Y SIMILARES,NO REPORTADO,CONDUCTOR TAXI,NO REPORTADA,38,MASCULINO,SOLTERO,EMPLEADO PARTICULAR,GEOLOGO,SUPERIOR,COLOMBIA,"41,551,000",1
19/02/2015,NORTE DE SANTANDER,EL CARMEN,Jueves,8:00,CORREGIMIENTO GUAMALITO,RURAL,FINCAS Y SIMILARES,ARMA BLANCA / CORTOPUNZANTE,A PIE,A PIE,32,MASCULINO,UNION LIBRE,EMPLEADO PARTICULAR,GEOLOGO,SUPERIOR,COLOMBIA,"86,865,000",1
21/02/2015,NORTE DE SANTANDER,SALAZAR,Sábado,16:00,VEREDA POMAROSO,RURAL,FINCAS Y SIMILARES,NO REPORTADO,A PIE,A PIE,57,MASCULINO,CASADO,EMPLEADO PARTICULAR,ADMINISTRADOR DE EMPRESAS,SUPERIOR,COLOMBIA,"76,001,000",1
21/02/2015,CUNDINAMARCA,BOGOTÁ D.C. (CT),Sábado,15:30,URB. EL REMANSO E-16,URBANA,SUPERMERCADOS,NO REPORTADO,A PIE,CONDUCTOR MOTOCICLETA,35,MASCULINO,SOLTERO,COMERCIANTE,NO REPORTADA,SECUNDARIA,COLOMBIA,"11,001,000",1
27/02/2015,ARAUCA,FORTUL,Viernes,8:00,CENTRO,URBANA,VIAS PUBLICAS,ARMA BLANCA / CORTOPUNZANTE,A PIE,A PIE,64,MASCULINO,CASADO,COMERCIANTE,NO REPORTADA,SECUNDARIA,COLOMBIA,"52,435,000",1
28/02/2015,ARAUCA,TAME,Sábado,14:30,VEREDA BETOYES,RURAL,VIAS PUBLICAS,ARMA BLANCA / CORTOPUNZANTE,A PIE,A PIE,39,MASCULINO,CASADO,EMPLEADO PARTICULAR,NO REPORTADA,SECUNDARIA,COLOMBIA,"5,756,000",1
28/02/2015,NORTE DE SANTANDER,SAN CAYETANO,Sábado,6:00,CORREGIMIENTO URIMACO,RURAL,FINCAS Y SIMILARES,ARMA BLANCA / CORTOPUNZANTE,A PIE,A PIE,48,FEMENINO,UNION LIBRE,AMA DE CASA,NO REPORTADA,PRIMARIA,COLOMBIA,"5,756,000",1
01/03/2015 12:00:00 AM,GUAJIRA,URIBIA,Domingo,20:00,SECTOR CUATRO VIAS DE URIBIA,URBANA,CASAS DE HABITACION,NO REPORTADO,NO REPORTADA,NO REPORTADA,59,MASCULINO,CASADO,COMERCIANTE,NO REPORTADA,SECUNDARIA,COLOMBIA,"17,614,000",1
02/03/2015 12:00:00 AM,ANTIOQUIA,BARBOSA,Lunes,14:50,VDA. TABLAZO HATILLO,RURAL,FINCAS Y SIMILARES,ARMA BLANCA / CORTOPUNZANTE,VEHICULO,A PIE,27,MASCULINO,SOLTERO,EMPLEADO PARTICULAR,ARQUITECTO,SUPERIOR,COLOMBIA,"81,736,000",1
02/03/2015 12:00:00 AM,TOLIMA,LÍBANO,Lunes,5:40,CENTRO,RURAL,TRAMO DE VIA,NO REPORTADO,A PIE,A PIE,20,MASCULINO,SOLTERO,COMERCIANTE,NO REPORTADA,SECUNDARIA,COLOMBIA,"5,001,000",1
02/03/2015 12:00:00 AM,TOLIMA,LÍBANO,Lunes,5:40,CENTRO,RURAL,TRAMO DE VIA,NO REPORTADO,NO REPORTADA,NO REPORTADA,57,MASCULINO,UNION LIBRE,EMPLEADO PARTICULAR,NO REPORTADA,PRIMARIA,COLOMBIA,"5,001,000",1
02/03/2015 12:00:00 AM,TOLIMA,LÍBANO,Lunes,5:40,CENTRO,RURAL,TRAMO DE VIA,NO REPORTADO,VEHICULO,VEHICULO,19,MASCULINO,SOLTERO,ESTUDIANTE,NO REPORTADA,SECUNDARIA,COLOMBIA,"76,001,000",1
03/03/2015 12:00:00 AM,HUILA,NEIVA (CT),Martes,10:00,LOS COMUNEROS,URBANA,CENTRO COMERCIAL,ARMA BLANCA / CORTOPUNZANTE,VEHICULO,A PIE,29,FEMENINO,UNION LIBRE,AMA DE CASA,NO REPORTADA,PRIMARIA,COLOMBIA,"15,518,000",1
08/03/2015 12:00:00 AM,CESAR,PELAYA,Domingo,9:00,CARRIZAL,RURAL,FINCAS Y SIMILARES,NO REPORTADO,A PIE,A PIE,44,MASCULINO,CASADO,AGRICULTOR,NO REPORTADA,PRIMARIA,COLOMBIA,"8,001,000",1
10/03/2015 12:00:00 AM,VALLE,TULUÁ,Martes,6:40,VDA. LA MINA,RURAL,FINCAS Y SIMILARES,NO REPORTADO,A PIE,A PIE,65,MASCULINO,CASADO,EMPLEADO PARTICULAR,NO REPORTADA,PRIMARIA,COLOMBIA,"52,001,000",1
10/03/2015 12:00:00 AM,VALLE,TULUÁ,Martes,6:40,VDA. LA MINA,RURAL,FINCAS Y SIMILARES,ARMA BLANCA / CORTOPUNZANTE,A PIE,A PIE,61,FEMENINO,CASADO,AMA DE CASA,NO REPORTADA,PRIMARIA,COLOMBIA,"76,563,000",1
10/03/2015 12:00:00 AM,CAQUETÁ,VALPARAÍSO,Martes,19:30,VDA.  EL ENCANTO,RURAL,FINCAS Y SIMILARES,ARMA BLANCA / CORTOPUNZANTE,VEHICULO,VEHICULO,32,MASCULINO,UNION LIBRE,AGRICULTOR,NO REPORTADA,PRIMARIA,COLOMBIA,"18,753,000",1
12/03/2015 12:00:00 AM,CUNDINAMARCA,BOGOTÁ D.C. (CT),Jueves,10:00,EL RETIRO E-2,URBANA,VIAS PUBLICAS,ARMA BLANCA / CORTOPUNZANTE,VEHICULO,VEHICULO,21,MASCULINO,SOLTERO,ESTUDIANTE,NO REPORTADA,SUPERIOR,COLOMBIA,"18,753,000",1
13/03/2015,CASANARE,YOPAL (CT),Viernes,10:00,SAN RAFAEL,RURAL,FINCAS Y SIMILARES,ARMA BLANCA / CORTOPUNZANTE,VEHICULO,VEHICULO,10,MASCULINO,SOLTERO,ESTUDIANTE,NO REPORTADA,PRIMARIA,COLOMBIA,"18,753,000",1
15/03/2015,VALLE,PALMIRA,Domingo,13:30,MARIA CANO,URBANA,VIAS PUBLICAS,ARMA BLANCA / CORTOPUNZANTE,VEHICULO,VEHICULO,32,MASCULINO,UNION LIBRE,DESEMPLEADO,NO REPORTADA,PRIMARIA,COLOMBIA,"18,753,000",1
20/03/2015,PUTUMAYO,PUERTO ASÍS,Viernes,10:00,LAS AMERICAS,URBANA,HOSPITALES,ARMA BLANCA / CORTOPUNZANTE,A PIE,A PIE,1,FEMENINO,SOLTERO,ESTUDIANTE,NO REPORTADA,NO REPORTADA,COLOMBIA,"52,418,000",1
22/03/2015,VALLE,BUENAVENTURA,Domingo,16:00,LAS PALMAS,URBANA,CASAS DE HABITACION,NO REPORTADO,A PIE,A PIE,20,FEMENINO,UNION LIBRE,INDEPENDIENTE,NO REPORTADA,SECUNDARIA,COLOMBIA,"19,318,000",1
24/03/2015,ARAUCA,FORTUL,Martes,11:14,VEREDA CARANAL,RURAL,VIAS PUBLICAS,ARMA BLANCA / CORTOPUNZANTE,VEHICULO,VEHICULO,47,MASCULINO,CASADO,EMPLEADO PARTICULAR,NO REPORTADA,SECUNDARIA,COLOMBIA,"5,266,000",1
25/03/2015,CUNDINAMARCA,BOGOTÁ D.C. (CT),Miércoles,9:00,VILLA MAYOR E-15,URBANA,VIAS PUBLICAS,ARMA BLANCA / CORTOPUNZANTE,A PIE,A PIE,51,MASCULINO,CASADO,EMPLEADO PARTICULAR,ADMINISTRADOR DE EMPRESAS,SUPERIOR,COLOMBIA,"95,025,000",1
26/03/2015,META,GRANADA,Jueves,10:00,VILLA OLIMPICA,URBANA,FRENTE CLINICA U HOSPITAL NO REPORTADA VIA PUBLICA,ARMA BLANCA / CORTOPUNZANTE,A PIE,A PIE,0,FEMENINO,SOLTERO,ESTUDIANTE,NO REPORTADA,ANALFABETA,COLOMBIA,"5,679,000",1
26/03/2015,CAUCA,EL TAMBO,Jueves,2:00,C/MIENTO PIAGUA,RURAL,FINCAS Y SIMILARES,ARMA BLANCA / CORTOPUNZANTE,A PIE,A PIE,31,MASCULINO,UNION LIBRE,AGRICULTOR,NO REPORTADA,PRIMARIA,COLOMBIA,"50,251,000",1
27/03/2015,CUNDINAMARCA,BOGOTÁ D.C. (CT),Viernes,8:00,TORRE EL RELOJ E-11,URBANA,CASAS DE HABITACION,ARMA BLANCA / CORTOPUNZANTE,A PIE,A PIE,42,FEMENINO,CASADO,AMA DE CASA,NO REPORTADA,SECUNDARIA,COLOMBIA,"50,251,000",1
30/03/2015,VALLE,BUENAVENTURA,Lunes,11:20,LA PALERA,URBANA,VIAS PUBLICAS,NO REPORTADO,A PIE,A PIE,37,MASCULINO,UNION LIBRE,POLITICO,NO REPORTADA,TECNICO,COLOMBIA,"81,001,000",1
11/04/2015 12:00:00 AM,ANTIOQUIA,SABANETA,Sábado,21:00,VDA. PAN DE AZUCAR,RURAL,LOCAL COMERCIAL,ARMA BLANCA / CORTOPUNZANTE,VEHICULO,A PIE,18,MASCULINO,SOLTERO,ESTUDIANTE,NO REPORTADA,SUPERIOR,COLOMBIA,"86,865,000",1
11/04/2015 12:00:00 AM,META,RESTREPO,Sábado,13:00,VEREDA SANTA TERESA,RURAL,CEMENTERIO,ARMA BLANCA / CORTOPUNZANTE,CONDUCTOR MOTOCICLETA,A PIE,26,FEMENINO,UNION LIBRE,EMPLEADO PARTICULAR,NO REPORTADA,SECUNDARIA,COLOMBIA,"86,865,000",1
14/04/2015,VALLE,CALI (CT),Martes,17:00,LA PLAYA E17,URBANA,CENTRO COMERCIAL,NO REPORTADA,CONDUCTOR MOTOCICLETA,VEHICULO,44,MASCULINO,SOLTERO,COMERCIANTE,NO REPORTADA,SECUNDARIA,COLOMBIA,"81,001,000",1
14/04/2015,VALLE,CALI (CT),Martes,17:00,LA PLAYA E17,URBANA,CENTRO COMERCIAL,NO REPORTADO,CONDUCTOR MOTOCICLETA,CONDUCTOR MOTOCICLETA,30,MASCULINO,CASADO,EMPLEADO PARTICULAR,NO REPORTADA,SUPERIOR,COLOMBIA,"76,001,000",1
19/04/2015,GUAVIARE,SAN JOSÉ DEL GUAVIARE (CT),Domingo,6:00,VEREDA LAS DUNAS,RURAL,FINCAS Y SIMILARES,ARMA BLANCA / CORTOPUNZANTE,A PIE,A PIE,60,MASCULINO,CASADO,AGRICULTOR,NO REPORTADA,ANALFABETA,COLOMBIA,"54,660,000",1
19/04/2015,CESAR,BECERRIL,Domingo,12:10,VEREDA,RURAL,FINCAS Y SIMILARES,ARMA BLANCA / CORTOPUNZANTE,VEHICULO,VEHICULO,42,MASCULINO,SOLTERO,GANADERO,NO REPORTADA,SECUNDARIA,COLOMBIA,"52,019,000",1
20/04/2015,ANTIOQUIA,CAREPA,Lunes,17:35,CASA VERDE,RURAL,CASAS DE HABITACION,ARMA BLANCA / CORTOPUNZANTE,A PIE,VEHICULO,5,MASCULINO,SOLTERO,ESTUDIANTE,NO REPORTADA,PRIMARIA,COLOMBIA,"76,563,000",1
22/04/2015,GUAJIRA,HATONUEVO,Miércoles,15:00,CENTRO,URBANA,TERMINAL DE TRANSPORTES,ARMA BLANCA / CORTOPUNZANTE,VEHICULO,VEHICULO,50,FEMENINO,UNION LIBRE,AMA DE CASA,NO REPORTADA,PRIMARIA,COLOMBIA,"52,356,000",1
25/04/2015,CUNDINAMARCA,PARATEBUENO,Sábado,19:00,VER. PALOMAS MARARABE,RURAL,FINCAS Y SIMILARES,ARMA BLANCA / CORTOPUNZANTE,A PIE,A PIE,34,MASCULINO,CASADO,COMERCIANTE,NO REPORTADA,SECUNDARIA,COLOMBIA,"18,001,000",1
30/04/2015,NORTE DE SANTANDER,OCAÑA,Jueves,22:00,VEREDA BUENAVISTA,RURAL,FINCAS Y SIMILARES,ARMA BLANCA / CORTOPUNZANTE,A PIE,A PIE,48,MASCULINO,UNION LIBRE,AGRICULTOR,NO REPORTADA,PRIMARIA,COLOMBIA,"18,001,000",1
02/05/2015 12:00:00 AM,ARAUCA,ARAUQUITA,Sábado,13:30,CENTRO,URBANA,VIAS PUBLICAS,ARMA BLANCA / CORTOPUNZANTE,VEHICULO,A PIE,51,MASCULINO,UNION LIBRE,SINDICALISTA,NO REPORTADA,TECNICO,COLOMBIA,"52,480,000",1
02/05/2015 12:00:00 AM,CUNDINAMARCA,BOGOTÁ D.C. (CT),Sábado,11:00,EL DORADO E-3,URBANA,CASAS DE HABITACION,NO REPORTADO,A PIE,CONDUCTOR MOTOCICLETA,31,MASCULINO,UNION LIBRE,EMPLEADO PARTICULAR,NO REPORTADA,SECUNDARIA,COLOMBIA,"5,001,000",1
02/05/2015 12:00:00 AM,ARAUCA,ARAUCA (CT),Sábado,15:30,VEREDA FELICIANO,RURAL,ZONA SELVÁTICA,ARMA BLANCA / CORTOPUNZANTE,A PIE,CONDUCTOR TAXI,42,MASCULINO,UNION LIBRE,AGRICULTOR,NO REPORTADA,PRIMARIA,COLOMBIA,"76,001,000",1
03/05/2015 12:00:00 AM,CAUCA,BUENOS AIRES,Domingo,14:00,VEREDA SAN FRANCISCO,RURAL,FINCAS Y SIMILARES,NO REPORTADO,A PIE,A PIE,0,MASCULINO,SOLTERO,ESTUDIANTE,NO REPORTADA,ANALFABETA,COLOMBIA,"18,785,000",1
03/05/2015 12:00:00 AM,CAUCA,BUENOS AIRES,Domingo,14:00,VEREDA SAN FRANCISCO,RURAL,FINCAS Y SIMILARES,ARMA BLANCA / CORTOPUNZANTE,A PIE,VEHICULO,21,FEMENINO,SOLTERO,AMA DE CASA,NO REPORTADA,SECUNDARIA,COLOMBIA,"44,430,000",1
07/05/2015 12:00:00 AM,CUNDINAMARCA,BOGOTÁ D.C. (CT),Jueves,14:30,EL RESTREPO E-15,URBANA,VIAS PUBLICAS,NO REPORTADO,VEHICULO,A PIE,19,FEMENINO,SOLTERO,EMPLEADO PARTICULAR,NO REPORTADA,TECNICO,COLOMBIA,"41,524,000",1
08/05/2015 12:00:00 AM,CHOCÓ,CONDOTO,Viernes,14:30,CABECERA,RURAL,CARRETERA,NO REPORTADO,VEHICULO,A PIE,70,MASCULINO,UNION LIBRE,COMERCIANTE,NO REPORTADA,PRIMARIA,COLOMBIA,"41,524,000",1
11/05/2015 12:00:00 AM,CAQUETÁ,SAN VICENTE DEL CAGUÁN,Lunes,9:30,VDA. LAS DAMAS,RURAL,FINCAS Y SIMILARES,ARMA BLANCA / CORTOPUNZANTE,A PIE,A PIE,52,MASCULINO,CASADO,COMERCIANTE,NO REPORTADA,PRIMARIA,COLOMBIA,"18,460,000",1
12/05/2015 12:00:00 AM,NORTE DE SANTANDER,LA ESPERANZA,Martes,7:07,VEREDA VIJAGUAL (LA ESPERANZA ),RURAL,FINCAS Y SIMILARES,NO REPORTADO,A PIE,CONDUCTOR MOTOCICLETA,63,MASCULINO,CASADO,COMERCIANTE,NO REPORTADA,SECUNDARIA,COLOMBIA,"81,065,000",1
12/05/2015 12:00:00 AM,CUNDINAMARCA,BOGOTÁ D.C. (CT),Martes,16:01,VERACRUZ E-3,URBANA,VIAS PUBLICAS,ARMA BLANCA / CORTOPUNZANTE,VEHICULO,A PIE,16,FEMENINO,SOLTERO,ESTUDIANTE,NO REPORTADA,SECUNDARIA,COLOMBIA,"76,834,000",1
12/05/2015 12:00:00 AM,GUAJIRA,URIBIA,Martes,20:00,COLOMBIA,URBANA,CASAS DE HABITACION,NO REPORTADO,A PIE,A PIE,57,MASCULINO,CASADO,POLITICO,ABOGADO,SUPERIOR,COLOMBIA,"86,001,000",1
20/05/2015,PUTUMAYO,PUERTO CAICEDO,Miércoles,10:00,EL CENTRO,RURAL,RESGUARDO INDÍGENA,ARMA BLANCA / CORTOPUNZANTE,A PIE,VEHICULO,25,FEMENINO,UNION LIBRE,AMA DE CASA,NO REPORTADA,SECUNDARIA,COLOMBIA,"52,612,000",1
22/05/2015,SANTANDER,SABANA DE TORRES,Viernes,13:40,VRDA SAN LUIS DE MAGARA,RURAL,FINCAS Y SIMILARES,ARMA BLANCA / CORTOPUNZANTE,A PIE,VEHICULO,43,MASCULINO,UNION LIBRE,COMERCIANTE,NO REPORTADA,PRIMARIA,COLOMBIA,"52,612,000",1
29/05/2015,ANTIOQUIA,MARINILLA,Viernes,10:00,CHAGUALO,RURAL,FINCAS Y SIMILARES,ARMA BLANCA / CORTOPUNZANTE,A PIE,VEHICULO,28,MASCULINO,SOLTERO,AGRICULTOR,NO REPORTADA,SECUNDARIA,COLOMBIA,"52,612,000",1
29/05/2015,TOLIMA,IBAGUÉ (CT),Viernes,16:00,VRDA. JUNTAS,RURAL,FINCAS Y SIMILARES,ARMA BLANCA / CORTOPUNZANTE,A PIE,A PIE,18,FEMENINO,SOLTERO,ESTUDIANTE,NO REPORTADA,SUPERIOR,COLOMBIA,"50,330,000",1
29/05/2015,TOLIMA,IBAGUÉ (CT),Viernes,16:00,VRDA. JUNTAS,RURAL,FINCAS Y SIMILARES,ARMA BLANCA / CORTOPUNZANTE,A PIE,A PIE,22,MASCULINO,SOLTERO,ESTUDIANTE,NO REPORTADA,SUPERIOR,COLOMBIA,"18,592,000",1
29/05/2015,TOLIMA,IBAGUÉ (CT),Viernes,16:00,VRDA. JUNTAS,RURAL,FINCAS Y SIMILARES,NO REPORTADO,CONDUCTOR MOTOCICLETA,A PIE,16,FEMENINO,SOLTERO,ESTUDIANTE,NO REPORTADA,SECUNDARIA,COLOMBIA,"18,753,000",1
29/05/2015,TOLIMA,IBAGUÉ (CT),Viernes,16:00,VRDA. JUNTAS,RURAL,FINCAS Y SIMILARES,ARMA BLANCA / CORTOPUNZANTE,VEHICULO,A PIE,21,MASCULINO,SOLTERO,ESTUDIANTE,NO REPORTADA,SECUNDARIA,COLOMBIA,"20,011,000",1
29/05/2015,TOLIMA,IBAGUÉ (CT),Viernes,16:00,VRDA. JUNTAS,RURAL,FINCAS Y SIMILARES,ARMA BLANCA / CORTOPUNZANTE,VEHICULO,A PIE,20,MASCULINO,SOLTERO,ESTUDIANTE,NO REPORTADA,SUPERIOR,COLOMBIA,"73,217,000",1
01/06/2015 12:00:00 AM,NARIÑO,LA UNIÓN,Lunes,11:30,CENTRO,URBANA,CASAS DE HABITACION,ARMA BLANCA / CORTOPUNZANTE,VEHICULO,A PIE,45,MASCULINO,CASADO,EMPLEADO PARTICULAR,ABOGADO,SUPERIOR,COLOMBIA,"66,001,000",1
01/06/2015 12:00:00 AM,CAQUETÁ,FLORENCIA (CT),Lunes,14:30,TOVAR ZAMBRANO,URBANA,CASAS DE HABITACION,ARMA BLANCA / CORTOPUNZANTE,A PIE,A PIE,36,MASCULINO,UNION LIBRE,EMPLEADO PARTICULAR,NO REPORTADA,PRIMARIA,COLOMBIA,"63,001,000",1
03/06/2015 12:00:00 AM,CUNDINAMARCA,BOGOTÁ D.C. (CT),Miércoles,20:45,URB. VILLA DEL RÍO E-7,URBANA,VIAS PUBLICAS,ARMA BLANCA / CORTOPUNZANTE,VEHICULO,VEHICULO,21,FEMENINO,SOLTERO,EMPLEADO PARTICULAR,NO REPORTADA,TECNICO,COLOMBIA,"86,865,000",1
04/06/2015 12:00:00 AM,NORTE DE SANTANDER,CÚCUTA (CT),Jueves,17:00,BARRIO CEIBA II,URBANA,"COLEGIOS, ESCUELAS",ARMA BLANCA / CORTOPUNZANTE,VEHICULO,A PIE,11,FEMENINO,SOLTERO,ESTUDIANTE,NO REPORTADA,PRIMARIA,COLOMBIA,"5,819,000",1
04/06/2015 12:00:00 AM,NORTE DE SANTANDER,ABREGO,Jueves,19:00,VEREDA LA URAMA,RURAL,FINCAS Y SIMILARES,ARMA BLANCA / CORTOPUNZANTE,VEHICULO,A PIE,23,MASCULINO,SOLTERO,AGRICULTOR,NO REPORTADA,SECUNDARIA,COLOMBIA,"5,819,000",1
08/06/2015 12:00:00 AM,NORTE DE SANTANDER,CÚCUTA (CT),Lunes,13:35,CASERIO EL CARMEN DE TONCHALA,RURAL,VIAS PUBLICAS,ARMA BLANCA / CORTOPUNZANTE,A PIE,A PIE,72,MASCULINO,CASADO,EMPLEADO PARTICULAR,ABOGADO,SUPERIOR,COLOMBIA,"73,268,000",1
08/06/2015 12:00:00 AM,CASANARE,HATO COROZAL,Lunes,14:00,CORR.CORRALITO,RURAL,FINCAS Y SIMILARES,ARMA BLANCA / CORTOPUNZANTE,VEHICULO,A PIE,62,MASCULINO,CASADO,COMERCIANTE,NO REPORTADA,PRIMARIA,COLOMBIA,"76,001,000",1
08/06/2015 12:00:00 AM,CASANARE,HATO COROZAL,Lunes,14:00,CORR.CORRALITO,RURAL,FINCAS Y SIMILARES,ARMA BLANCA / CORTOPUNZANTE,VEHICULO,A PIE,56,FEMENINO,CASADO,AMA DE CASA,NO REPORTADA,SECUNDARIA,COLOMBIA,"76,001,000",1
11/06/2015 12:00:00 AM,CHOCÓ,CONDOTO,Jueves,7:00,CABECERA,RURAL,ZONA SELVÁTICA,ARMA BLANCA / CORTOPUNZANTE,A PIE,A PIE,45,MASCULINO,UNION LIBRE,EMPLEADO PARTICULAR,NO REPORTADA,PRIMARIA,COLOMBIA,"81,794,000",1
11/06/2015 12:00:00 AM,CHOCÓ,CONDOTO,Jueves,7:00,CABECERA,RURAL,ZONA SELVÁTICA,ARMA BLANCA / CORTOPUNZANTE,VEHICULO,CONDUCTOR MOTOCICLETA,25,MASCULINO,SOLTERO,EMPLEADO PARTICULAR,INGENIERO CIVIL,SUPERIOR,COLOMBIA,"25,279,000",1
12/06/2015 12:00:00 AM,ARAUCA,TAME,Viernes,13:00,VEREDA CAÑO VERDE,RURAL,CARRETERA,ARMA BLANCA / CORTOPUNZANTE,A PIE,A PIE,21,MASCULINO,SOLTERO,EMPLEADO PARTICULAR,NO REPORTADA,SECUNDARIA,COLOMBIA,"50,330,000",1
13/06/2015,ANTIOQUIA,MEDELLÍN (CT),Sábado,21:15,NUEVA VILLA DE LA IGUANA C-7,URBANA,VIAS PUBLICAS,ARMA BLANCA / CORTOPUNZANTE,A PIE,A PIE,59,MASCULINO,SOLTERO,EMPLEADO PARTICULAR,NO REPORTADA,SECUNDARIA,COLOMBIA,"70,235,000",1
22/06/2015,CAQUETÁ,CARTAGENA DEL CHAIRÁ,Lunes,14:00,VDA.  CAÑO SUCIO,RURAL,FINCAS Y SIMILARES,ARMA BLANCA / CORTOPUNZANTE,VEHICULO,CONDUCTOR MOTOCICLETA,26,MASCULINO,CASADO,AGRICULTOR,NO REPORTADA,PRIMARIA,COLOMBIA,"76,001,000",1
23/06/2015,META,LEJANÍAS,Martes,20:30,VEREDA ALTO YUCAPE,RURAL,FINCAS Y SIMILARES,ARMA BLANCA / CORTOPUNZANTE,A PIE,A PIE,32,MASCULINO,CASADO,GANADERO,NO REPORTADA,SECUNDARIA,COLOMBIA,"50,001,000",1
26/06/2015,MAGDALENA,SANTA MARTA (CT),Viernes,12:30,PARQUE TAYRONA,RURAL,PARQUE NACIONAL NATURAL TAYRONA,NO REPORTADO,A PIE,A PIE,8,FEMENINO,SOLTERO,ESTUDIANTE,NO REPORTADA,PRIMARIA,COLOMBIA,"52,317,000",1
26/06/2015,CESAR,VALLEDUPAR (CT),Viernes,14:00,COR. LOS VENADOS,RURAL,FINCAS Y SIMILARES,ARMA BLANCA / CORTOPUNZANTE,A PIE,CONDUCTOR TAXI,7,FEMENINO,SOLTERO,ESTUDIANTE,NO REPORTADA,PRIMARIA,COLOMBIA,"86,568,000",1
27/06/2015,VALLE,CALI (CT),Sábado,7:30,CANEY E17,URBANA,CASAS DE HABITACION,ARMA BLANCA / CORTOPUNZANTE,A PIE,A PIE,32,MASCULINO,UNION LIBRE,ESTUDIANTE,NO REPORTADA,SUPERIOR,COLOMBIA,"85,410,000",1
29/06/2015,GUAJIRA,RIOHACHA (CT),Lunes,6:30,VEREDA PELECHUA,RURAL,TALLERES,ARMA BLANCA / CORTOPUNZANTE,CONDUCTOR MOTOCICLETA,A PIE,58,MASCULINO,CASADO,COMERCIANTE,NO REPORTADA,SECUNDARIA,COLOMBIA,"86,568,000",1
29/06/2015,VALLE,EL CAIRO,Lunes,20:00,EL CRUCERO,RURAL,CARRETERA,NO REPORTADO,A PIE,A PIE,46,MASCULINO,SOLTERO,EMPLEADO PARTICULAR,NO REPORTADA,PRIMARIA,COLOMBIA,"20,517,000",1
29/06/2015,VALLE,EL CAIRO,Lunes,20:00,EL CRUCERO,RURAL,CARRETERA,NO REPORTADO,VEHICULO,A PIE,37,MASCULINO,UNION LIBRE,EMPLEADO PARTICULAR,NO REPORTADA,SECUNDARIA,COLOMBIA,"76,403,000",1
01/07/2015 12:00:00 AM,CASANARE,PAZ DE ARIPORO,Miércoles,8:30,LA FERIA,RURAL,FINCAS Y SIMILARES,ARMA BLANCA / CORTOPUNZANTE,A PIE,A PIE,38,MASCULINO,SOLTERO,AGRICULTOR,NO REPORTADA,PRIMARIA,COLOMBIA,"11,001,000",1
03/07/2015 12:00:00 AM,PUTUMAYO,VILLAGARZÓN,Viernes,8:50,VDA. LA COFANIA,RURAL,CARRETERA,NO REPORTADO,VEHICULO,A PIE,57,MASCULINO,CASADO,EMPLEADO PARTICULAR,ABOGADO,SUPERIOR,COLOMBIA,"25,290,000",1
07/07/2015 12:00:00 AM,PUTUMAYO,PUERTO CAICEDO,Martes,7:00,VDA. EL LIBANO,RURAL,CARRETERA,ARMA BLANCA / CORTOPUNZANTE,A PIE,A PIE,25,MASCULINO,SOLTERO,EMPLEADO EJERCITO,NO REPORTADA,SECUNDARIA,COLOMBIA,"52,240,000",1
09/07/2015 12:00:00 AM,HUILA,TIMANÁ,Jueves,19:00,VEREDA SAN ANTONIO,RURAL,FINCAS Y SIMILARES,ARMA BLANCA / CORTOPUNZANTE,A PIE,A PIE,66,MASCULINO,CASADO,AGRICULTOR,NO REPORTADA,PRIMARIA,COLOMBIA,"52,240,000",1
13/07/2015,NORTE DE SANTANDER,EL TARRA,Lunes,13:55,CALLE DEL COMERCIO,URBANA,VIAS PUBLICAS,NO REPORTADO,A PIE,A PIE,36,MASCULINO,SOLTERO,EMPLEADO PUBLICO,NO REPORTADA,SECUNDARIA,COLOMBIA,"11,001,000",1
14/07/2015,CASANARE,YOPAL (CT),Martes,17:30,BICENTENARIO,URBANA,VIAS PUBLICAS,ARMA BLANCA / CORTOPUNZANTE,A PIE,A PIE,13,MASCULINO,SOLTERO,ESTUDIANTE,NO REPORTADA,SECUNDARIA,COLOMBIA,"5,310,000",1
14/07/2015,CUNDINAMARCA,BOGOTÁ D.C. (CT),Martes,20:45,EL RETIRO E-2,URBANA,CENTRO COMERCIAL,ARMA BLANCA / CORTOPUNZANTE,A PIE,A PIE,20,MASCULINO,SOLTERO,EMPLEADO PARTICULAR,NO REPORTADA,SECUNDARIA,COLOMBIA,"99,773,000",1
17/07/2015,CHOCÓ,QUIBDÓ (CT),Viernes,11:00,ZONA MINERA,URBANA,TIPO EXPLOTACIÓN ORO,ARMA BLANCA / CORTOPUNZANTE,VEHICULO,A PIE,41,MASCULINO,CASADO,AGRICULTOR,NO REPORTADA,ANALFABETA,COLOMBIA,"54,261,000",1
18/07/2015,CUNDINAMARCA,BOGOTÁ D.C. (CT),Sábado,0:30,CHAPINERO ALTO E-2,URBANA,VIAS PUBLICAS,ARMA BLANCA / CORTOPUNZANTE,A PIE,A PIE,30,MASCULINO,SOLTERO,INDEPENDIENTE,NO REPORTADA,SECUNDARIA,NO REPORTADA,"76,111,000",1
21/07/2015,ANTIOQUIA,BELLO,Martes,10:00,FORTIDUEÑO,URBANA,VIAS PUBLICAS,NO REPORTADO,A PIE,A PIE,17,MASCULINO,SOLTERO,ESTUDIANTE,NO REPORTADA,SECUNDARIA,COLOMBIA,"11,001,000",1
21/07/2015,GUAJIRA,RIOHACHA (CT),Martes,11:00,CORREGIMIENTO DE CAMARONES,RURAL,FINCAS Y SIMILARES,ARMA DE FUEGO,VEHICULO,A PIE,36,MASCULINO,UNION LIBRE,EMPLEADO PARTICULAR,NO REPORTADA,PRIMARIA,COLOMBIA,"86,001,000",1
21/07/2015,NARIÑO,LEIVA,Martes,1:00,VEREDA PUERTO NUEVO,RURAL,FINCAS Y SIMILARES,ARMA BLANCA / CORTOPUNZANTE,A PIE,VEHICULO,51,FEMENINO,VIUDO,COMERCIANTE,NO REPORTADA,PRIMARIA,COLOMBIA,"52,788,000",1
23/07/2015,NORTE DE SANTANDER,TIBÚ,Jueves,9:30,BARRIO CENTRO,RURAL,FINCAS Y SIMILARES,ARMA BLANCA / CORTOPUNZANTE,A PIE,A PIE,18,MASCULINO,SOLTERO,AGRICULTOR,NO REPORTADA,SECUNDARIA,COLOMBIA,"95,015,000",1
23/07/2015,NORTE DE SANTANDER,TIBÚ,Jueves,9:30,BARRIO CENTRO,RURAL,FINCAS Y SIMILARES,NO REPORTADO,A PIE,A PIE,28,MASCULINO,SOLTERO,AGRICULTOR,NO REPORTADA,PRIMARIA,COLOMBIA,"11,001,000",1
26/07/2015,CASANARE,YOPAL (CT),Domingo,10:00,LLANO LINDO,URBANA,VIAS PUBLICAS,ARMA BLANCA / CORTOPUNZANTE,A PIE,A PIE,19,MASCULINO,SOLTERO,EMPLEADO PARTICULAR,NO REPORTADA,SECUNDARIA,COLOMBIA,"52,227,000",1
29/07/2015,ANTIOQUIA,ENVIGADO,Miércoles,22:20,ALTO DE MISAEL,URBANA,VIAS PUBLICAS,ARMA BLANCA / CORTOPUNZANTE,VEHICULO,A PIE,37,MASCULINO,SOLTERO,EMPLEADO PARTICULAR,NO REPORTADA,SECUNDARIA,COLOMBIA,"81,001,000",1
29/07/2015,ANTIOQUIA,BELLO,Miércoles,10:00,ZAMORA,URBANA,VIAS PUBLICAS,ARMA BLANCA / CORTOPUNZANTE,VEHICULO,CONDUCTOR MOTOCICLETA,22,MASCULINO,SOLTERO,EMPLEADO PARTICULAR,NO REPORTADA,SECUNDARIA,COLOMBIA,"19,001,000",1
30/07/2015,CAQUETÁ,FLORENCIA (CT),Jueves,6:30,VDA.  SANTA ANA DE LAS HERMOSA,RURAL,FRENTE A COLEGIO NO REPORTADA VIA PUBLICA,ARMA BLANCA / CORTOPUNZANTE,VEHICULO,A PIE,36,MASCULINO,UNION LIBRE,EMPLEADO PUBLICO,NO REPORTADA,PRIMARIA,COLOMBIA,"19,256,000",1
30/07/2015,ARAUCA,TAME,Jueves,15:00,VEREDA PUEBLO NUEVO,RURAL,VIAS PUBLICAS,ARMA BLANCA / CORTOPUNZANTE,VEHICULO,A PIE,38,MASCULINO,SOLTERO,EMPLEADO PARTICULAR,NO REPORTADA,SECUNDARIA,COLOMBIA,"19,256,000",1
01/08/2015 12:00:00 AM,ANTIOQUIA,MEDELLÍN (CT),Sábado,8:40,LA CANDELARIA C-10,URBANA,VIAS PUBLICAS,NO REPORTADO,A PIE,VEHICULO,19,FEMENINO,SOLTERO,ESTUDIANTE,NO REPORTADA,SECUNDARIA,COLOMBIA,"76,001,000",1
03/08/2015 12:00:00 AM,CUNDINAMARCA,FUSAGASUGÁ,Lunes,19:15,VILLA LENY,URBANA,CASAS DE HABITACION,NO REPORTADO,VEHICULO,NO REPORTADA,19,MASCULINO,SOLTERO,ESTUDIANTE,NO REPORTADA,SUPERIOR,COLOMBIA,"11,001,000",1
03/08/2015 12:00:00 AM,CUNDINAMARCA,FUSAGASUGÁ,Lunes,19:15,VILLA LENY,URBANA,CASAS DE HABITACION,ARMA BLANCA / CORTOPUNZANTE,A PIE,A PIE,34,MASCULINO,SEPARADO,EMPLEADO PARTICULAR,NO REPORTADA,SECUNDARIA,COLOMBIA,"27,160,000",1
03/08/2015 12:00:00 AM,CUNDINAMARCA,FUSAGASUGÁ,Lunes,19:15,VILLA LENY,URBANA,CASAS DE HABITACION,ARMA BLANCA / CORTOPUNZANTE,A PIE,A PIE,44,MASCULINO,CASADO,EMPLEADO PARTICULAR,ARQUITECTO,SUPERIOR,COLOMBIA,"27,160,000",1
03/08/2015 12:00:00 AM,CUNDINAMARCA,FUSAGASUGÁ,Lunes,19:15,VILLA LENY,URBANA,CASAS DE HABITACION,ARMA DE FUEGO,NO REPORTADA,NO REPORTADA,5,MASCULINO,SOLTERO,ESTUDIANTE,NO REPORTADA,PRIMARIA,COLOMBIA,"52,001,000",1
03/08/2015 12:00:00 AM,CUNDINAMARCA,FUSAGASUGÁ,Lunes,19:15,VILLA LENY,URBANA,CASAS DE HABITACION,ARMA BLANCA / CORTOPUNZANTE,VEHICULO,VEHICULO,40,FEMENINO,CASADO,EMPLEADO PARTICULAR,ODONTOLOGO,SUPERIOR,COLOMBIA,"81,065,000",1
04/08/2015 12:00:00 AM,TOLIMA,PLANADAS,Martes,8:00,VRDA. BILBAO,RURAL,FINCAS Y SIMILARES,NO REPORTADO,A PIE,A PIE,21,MASCULINO,SOLTERO,EMPLEADO PARTICULAR,NO REPORTADA,PRIMARIA,COLOMBIA,"19,001,000",1
04/08/2015 12:00:00 AM,ANTIOQUIA,MEDELLÍN (CT),Martes,14:00,LAURELES C-11,URBANA,VIAS PUBLICAS,ARMA BLANCA / CORTOPUNZANTE,A PIE,A PIE,27,MASCULINO,SOLTERO,EMPLEADO PARTICULAR,NO REPORTADA,SECUNDARIA,COLOMBIA,"18,785,000",1
05/08/2015 12:00:00 AM,CAUCA,MERCADERES,Miércoles,19:20,Puente Matacea,RURAL,FINCAS Y SIMILARES,ARMA BLANCA / CORTOPUNZANTE,A PIE,A PIE,65,MASCULINO,CASADO,GANADERO,NO REPORTADA,SECUNDARIA,COLOMBIA,"20,383,000",1
08/08/2015 12:00:00 AM,ARAUCA,TAME,Sábado,12:00,VEREDA EL BOTALON,RURAL,FINCAS Y SIMILARES,ARMA BLANCA / CORTOPUNZANTE,A PIE,A PIE,50,FEMENINO,SOLTERO,AMA DE CASA,NO REPORTADA,TECNICO,COLOMBIA,"85,001,000",1
12/08/2015 12:00:00 AM,NORTE DE SANTANDER,SARDINATA,Miércoles,16:00,VEREDA LAS MESAS,RURAL,FINCAS Y SIMILARES,ARMA BLANCA / CORTOPUNZANTE,VEHICULO,A PIE,19,MASCULINO,SOLTERO,EMPLEADO PARTICULAR,NO REPORTADA,SECUNDARIA,COLOMBIA,"41,020,000",1
15/08/2015,CAQUETÁ,PUERTO RICO,Sábado,10:00,VDA.  SANTA ELENA,RURAL,FINCAS Y SIMILARES,NO REPORTADO,A PIE,A PIE,22,MASCULINO,SOLTERO,EMPLEADO PARTICULAR,NO REPORTADA,SECUNDARIA,COLOMBIA,"50,001,000",1
16/08/2015,META,VILLAVICENCIO (CT),Domingo,9:30,LLANABASTOS,URBANA,PLAZAS DE MERCADO,ARMA DE FUEGO,A PIE,A PIE,3,FEMENINO,SOLTERO,ESTUDIANTE,NO REPORTADA,NO REPORTADO,COLOMBIA,"86,885,000",1
16/08/2015,TOLIMA,IBAGUÉ (CT),Domingo,20:30,AGUA MARINA,URBANA,BOMBA DE GASOLINA,NO REPORTADO,VEHICULO,VEHICULO,39,MASCULINO,UNION LIBRE,COMERCIANTE,NO REPORTADA,PRIMARIA,COLOMBIA,"5,001,000",1
20/08/2015,NARIÑO,BARBACOAS,Jueves,19:30,CORREGIMIENTO ALTAQUER,RURAL,FINCAS Y SIMILARES,ARMA BLANCA / CORTOPUNZANTE,A PIE,A PIE,36,MASCULINO,UNION LIBRE,GANADERO,NO REPORTADA,TECNICO,COLOMBIA,"52,835,000",1
21/08/2015,NORTE DE SANTANDER,CÚCUTA (CT),Viernes,16:20,BARRIO CAOBOS,URBANA,VIAS PUBLICAS,ARMA BLANCA / CORTOPUNZANTE,VEHICULO,A PIE,4,MASCULINO,SOLTERO,ESTUDIANTE,NO REPORTADA,NO REPORTADO,COLOMBIA,"54,001,000",1
27/08/2015,CAQUETÁ,FLORENCIA (CT),Jueves,16:00,VIA VDA. SAN MARTIN,URBANA,VIAS PUBLICAS,ARMA BLANCA / CORTOPUNZANTE,VEHICULO,A PIE,19,MASCULINO,SOLTERO,EMPLEADO PARTICULAR,NO REPORTADA,PRIMARIA,COLOMBIA,"54,001,000",1
27/08/2015,META,VILLAVICENCIO (CT),Jueves,6:30,ALBORADA,URBANA,"COLEGIOS, ESCUELAS",ARMA BLANCA / CORTOPUNZANTE,VEHICULO,A PIE,7,FEMENINO,SOLTERO,ESTUDIANTE,NO REPORTADA,PRIMARIA,COLOMBIA,"81,794,000",1
28/08/2015,META,PUERTO LÓPEZ,Viernes,5:20,VEREDA SANTANA,RURAL,FINCAS Y SIMILARES,ARMA BLANCA / CORTOPUNZANTE,A PIE,A PIE,63,MASCULINO,CASADO,EMPLEADO PARTICULAR,INGENIERO CIVIL,SUPERIOR,COLOMBIA,"41,551,000",1
31/08/2015,CAQUETÁ,EL PAUJIL,Lunes,14:00,VIA A -CARTAGENA DEL CHAIRA,RURAL,VIAS PUBLICAS,NO REPORTADO,VEHICULO,VEHICULO,27,MASCULINO,SOLTERO,EMPLEADO PARTICULAR,NO REPORTADA,SECUNDARIA,COLOMBIA,"19,256,000",1
31/08/2015,CAQUETÁ,EL PAUJIL,Lunes,14:00,VIA A -CARTAGENA DEL CHAIRA,RURAL,VIAS PUBLICAS,ARMA BLANCA / CORTOPUNZANTE,VEHICULO,A PIE,24,MASCULINO,SOLTERO,EMPLEADO PARTICULAR,NO REPORTADA,SECUNDARIA,COLOMBIA,"20,710,000",1
01/09/2015 12:00:00 AM,HUILA,PITALITO,Martes,7:45,VEREDA HACIENDA BRUSELAS,RURAL,FINCAS Y SIMILARES,NO REPORTADO,A PIE,A PIE,10,MASCULINO,SOLTERO,ESTUDIANTE,NO REPORTADA,SECUNDARIA,COLOMBIA,"11,001,000",1
01/09/2015 12:00:00 AM,CUNDINAMARCA,BOGOTÁ D.C. (CT),Martes,15:30,LAS CRUCES E-3,URBANA,VIAS PUBLICAS,NO REPORTADO,VEHICULO,VEHICULO,34,MASCULINO,UNION LIBRE,EMPLEADO PARTICULAR,NO REPORTADA,SECUNDARIA,COLOMBIA,"76,001,000",1
02/09/2015 12:00:00 AM,ANTIOQUIA,MEDELLÍN (CT),Miércoles,18:20,LA CANDELARIA C-10,URBANA,EMPRESA,NO REPORTADO,VEHICULO,VEHICULO,30,FEMENINO,CASADO,EMPLEADO PARTICULAR,NO REPORTADA,SUPERIOR,COLOMBIA,"20,710,000",1
02/09/2015 12:00:00 AM,ANTIOQUIA,MEDELLÍN (CT),Miércoles,18:20,LA CANDELARIA C-10,URBANA,EMPRESA,ARMA BLANCA / CORTOPUNZANTE,A PIE,A PIE,30,MASCULINO,CASADO,EMPLEADO PARTICULAR,NO REPORTADA,SECUNDARIA,COLOMBIA,"20,001,000",1
02/09/2015 12:00:00 AM,ANTIOQUIA,MEDELLÍN (CT),Miércoles,18:20,LA CANDELARIA C-10,URBANA,EMPRESA,NO REPORTADO,A PIE,A PIE,55,MASCULINO,SOLTERO,EMPLEADO PARTICULAR,NO REPORTADA,SECUNDARIA,COLOMBIA,"5,001,000",1
02/09/2015 12:00:00 AM,GUAJIRA,RIOHACHA (CT),Miércoles,19:00,CENTRO,URBANA,VIAS PUBLICAS,ARMA DE FUEGO,CONDUCTOR MOTOCICLETA,CONDUCTOR TAXI,29,MASCULINO,UNION LIBRE,EMPLEADO PARTICULAR,NO REPORTADA,PRIMARIA,COLOMBIA,"86,568,000",1
02/09/2015 12:00:00 AM,VALLE,BUENAVENTURA,Miércoles,7:00,INDEPENDENCIA,URBANA,ESTACIONES DE SERVICIO,ARMA DE FUEGO,NO REPORTADA,NO REPORTADA,63,MASCULINO,CASADO,EMPLEADO PARTICULAR,NO REPORTADA,SECUNDARIA,COLOMBIA,"76,109,000",1
03/09/2015 12:00:00 AM,NORTE DE SANTANDER,OCAÑA,Jueves,16:40,BARRIO SANTA CLARA,RURAL,VIAS PUBLICAS,ARMA BLANCA / CORTOPUNZANTE,A PIE,A PIE,39,MASCULINO,CASADO,EMPLEADO PARTICULAR,ADMINISTRADOR DE EMPRESAS,SUPERIOR,COLOMBIA,"81,794,000",1
03/09/2015 12:00:00 AM,CUNDINAMARCA,BOGOTÁ D.C. (CT),Jueves,14:00,LA RIVIERA E-10,URBANA,VIAS PUBLICAS,NO REPORTADA,A PIE,A PIE,23,MASCULINO,SOLTERO,ESTUDIANTE,NO REPORTADA,SUPERIOR,COLOMBIA,"76,001,000",1
03/09/2015 12:00:00 AM,BOLÍVAR,CARTAGENA (CT),Jueves,16:30,VILLA ROSA,URBANA,OFICINAS,ARMA BLANCA / CORTOPUNZANTE,A PIE,A PIE,43,MASCULINO,CASADO,SECTOR FINANCIERO,INGENIERO INDUSTRIAL,SUPERIOR,COLOMBIA,"52,250,000",1
07/09/2015 12:00:00 AM,CASANARE,TRINIDAD,Lunes,14:40,INSP.JAGUEYES,RURAL,POZO,ARMA DE FUEGO,A PIE,A PIE,30,MASCULINO,CASADO,EMPLEADO PARTICULAR,NO REPORTADA,SECUNDARIA,COLOMBIA,"76,377,000",1
07/09/2015 12:00:00 AM,ANTIOQUIA,NECOCLÍ,Lunes,18:00,CGTO. LAS CHANGAS,RURAL,FINCAS Y SIMILARES,ARMA DE FUEGO,A PIE,A PIE,45,MASCULINO,UNION LIBRE,COMERCIANTE,NO REPORTADA,PRIMARIA,COLOMBIA,"76,377,000",1
08/09/2015 12:00:00 AM,CAUCA,EL TAMBO,Martes,20:00,LA PLAYA,RURAL,FINCAS Y SIMILARES,ARMA DE FUEGO,A PIE,A PIE,24,MASCULINO,UNION LIBRE,EMPLEADO PARTICULAR,NO REPORTADA,SECUNDARIA,COLOMBIA,"76,377,000",1
08/09/2015 12:00:00 AM,NORTE DE SANTANDER,EL ZULIA,Martes,19:00,VEREDA CERRO LEON,RURAL,MINA,ARMA DE FUEGO,A PIE,A PIE,7,MASCULINO,CASADO,EMPLEADO PARTICULAR,NO REPORTADA,SECUNDARIA,COLOMBIA,"76,377,000",1
09/09/2015 12:00:00 AM,CUNDINAMARCA,BOGOTÁ D.C. (CT),Miércoles,15:30,LAS BRISAS E-19,URBANA,VIAS PUBLICAS,ARMA DE FUEGO,A PIE,A PIE,7,FEMENINO,SOLTERO,ESTUDIANTE,NO REPORTADA,PRIMARIA,COLOMBIA,"76,377,000",1
09/09/2015 12:00:00 AM,VALLE,CALI (CT),Miércoles,10:00,CIUDAD MODELO E11,URBANA,CASAS DE HABITACION,ARMA BLANCA / CORTOPUNZANTE,VEHICULO,VEHICULO,30,MASCULINO,CASADO,COMERCIANTE,NO REPORTADA,SECUNDARIA,COLOMBIA,"5,001,000",1
10/09/2015 12:00:00 AM,ANTIOQUIA,MEDELLÍN (CT),Jueves,23:00,EL PESEBRE C-13,URBANA,CASAS DE HABITACION,ARMA BLANCA / CORTOPUNZANTE,A PIE,A PIE,30,MASCULINO,UNION LIBRE,EMPLEADO PARTICULAR,NO REPORTADA,PRIMARIA,COLOMBIA,"52,435,000",1
13/09/2015,TOLIMA,IBAGUÉ (CT),Domingo,7:30,VRDA. SAN ANTONIO,RURAL,FINCAS Y SIMILARES,ARMA BLANCA / CORTOPUNZANTE,A PIE,A PIE,14,FEMENINO,SOLTERO,ESTUDIANTE,NO REPORTADA,SECUNDARIA,COLOMBIA,"52,399,000",1
15/09/2015,RISARALDA,PEREIRA (CT),Martes,2:00,VDA. SANTANDER,RURAL,FINCAS Y SIMILARES,NO REPORTADO,A PIE,VEHICULO,68,FEMENINO,CASADO,AMA DE CASA,NO REPORTADA,SECUNDARIA,COLOMBIA,"76,001,000",1
15/09/2015,RISARALDA,PEREIRA (CT),Martes,2:00,VDA. SANTANDER,RURAL,FINCAS Y SIMILARES,ARMA BLANCA / CORTOPUNZANTE,A PIE,A PIE,22,FEMENINO,UNION LIBRE,AMA DE CASA,NO REPORTADA,TECNICO,COLOMBIA,"41,359,000",1
15/09/2015,RISARALDA,PEREIRA (CT),Martes,2:00,VDA. SANTANDER,RURAL,FINCAS Y SIMILARES,ARMA BLANCA / CORTOPUNZANTE,A PIE,A PIE,0,FEMENINO,SOLTERO,ESTUDIANTE,NO REPORTADA,NO REPORTADO,COLOMBIA,"11,001,000",1
15/09/2015,RISARALDA,PEREIRA (CT),Martes,2:00,VDA. SANTANDER,RURAL,FINCAS Y SIMILARES,ARMA BLANCA / CORTOPUNZANTE,A PIE,A PIE,26,MASCULINO,UNION LIBRE,DESEMPLEADO,NO REPORTADA,SECUNDARIA,COLOMBIA,"52,835,000",1
15/09/2015,RISARALDA,PEREIRA (CT),Martes,2:00,VDA. SANTANDER,RURAL,FINCAS Y SIMILARES,ARMA BLANCA / CORTOPUNZANTE,A PIE,A PIE,43,MASCULINO,UNION LIBRE,AGRICULTOR,NO REPORTADA,PRIMARIA,COLOMBIA,"52,835,000",1
15/09/2015,RISARALDA,PEREIRA (CT),Martes,2:00,VDA. SANTANDER,RURAL,FINCAS Y SIMILARES,NO REPORTADO,A PIE,A PIE,38,MASCULINO,UNION LIBRE,AGRICULTOR,NO REPORTADA,PRIMARIA,COLOMBIA,"86,568,000",1
16/09/2015,NORTE DE SANTANDER,EL CARMEN,Miércoles,22:00,CORREGIMIENTO GUAMALITO,RURAL,FINCAS Y SIMILARES,ARMA BLANCA / CORTOPUNZANTE,A PIE,A PIE,16,MASCULINO,SOLTERO,ESTUDIANTE,NO REPORTADA,SECUNDARIA,COLOMBIA,"76,001,000",1
22/09/2015,CUNDINAMARCA,BOGOTÁ D.C. (CT),Martes,16:00,CHAPINERO CENTRAL E-2,URBANA,VIAS PUBLICAS,ARMA DE FUEGO,NO REPORTADA,NO REPORTADA,20,FEMENINO,SOLTERO,EMPLEADO PARTICULAR,NO REPORTADA,SECUNDARIA,COLOMBIA,"86,885,000",1
25/09/2015,ANTIOQUIA,MEDELLÍN (CT),Viernes,9:30,ROBLEDO C-7,URBANA,APARTAMENTO,NO REPORTADO,NO REPORTADA,NO REPORTADA,39,MASCULINO,CASADO,EMPLEADO PUBLICO,NO REPORTADA,SECUNDARIA,COLOMBIA,"17,174,000",1
29/09/2015,VALLE,DAGUA,Martes,15:30,Corregimiento Los Alpes,RURAL,FINCAS Y SIMILARES,ARMA BLANCA / CORTOPUNZANTE,A PIE,A PIE,42,MASCULINO,CASADO,COMERCIANTE,NO REPORTADA,SECUNDARIA,COLOMBIA,"68,655,000",1
30/09/2015,TOLIMA,VENADILLO,Miércoles,17:00,VRDA. PALMA ROSA,RURAL,FINCAS Y SIMILARES,ARMA BLANCA / CORTOPUNZANTE,A PIE,A PIE,33,FEMENINO,UNION LIBRE,AMA DE CASA,NO REPORTADA,SECUNDARIA,COLOMBIA,"19,001,000",1
03/10/2015 12:00:00 AM,CAUCA,CALOTO,Sábado,20:00,VDA QUINTERO,RURAL,FINCAS Y SIMILARES,ARMA BLANCA / CORTOPUNZANTE,VEHICULO,A PIE,21,MASCULINO,SOLTERO,ESTUDIANTE,NO REPORTADA,SUPERIOR,COLOMBIA,"52,435,000",1
06/10/2015 12:00:00 AM,VALLE,BUENAVENTURA,Martes,17:30,EL PROGRESO,URBANA,CASAS DE HABITACION,NO REPORTADO,A PIE,A PIE,24,MASCULINO,SOLTERO,EMPLEADO PARTICULAR,NO REPORTADA,SECUNDARIA,COLOMBIA,"50,450,000",1
20/10/2015,NARIÑO,POLICARPA,Martes,10:30,VEREDA LA MONTAÑA,RURAL,FINCAS Y SIMILARES,NO REPORTADO,VEHICULO,CONDUCTOR MOTOCICLETA,47,FEMENINO,CASADO,EMPLEADO PARTICULAR,ADMINISTRADOR DE EMPRESAS,SUPERIOR,COLOMBIA,"81,736,000",1
20/10/2015,SANTANDER,LEBRIJA,Martes,20:00,VDA. CERRO DE LA AURORA,RURAL,FINCAS Y SIMILARES,ARMA BLANCA / CORTOPUNZANTE,A PIE,CONDUCTOR MOTOCICLETA,65,FEMENINO,UNION LIBRE,COMERCIANTE,NO REPORTADA,SECUNDARIA,COLOMBIA,"76,109,000",1
22/10/2015,BOYACÁ,DUITAMA,Jueves,11:30,BARRIO CENTRO,URBANA,VIAS PUBLICAS,ARMA BLANCA / CORTOPUNZANTE,A PIE,A PIE,20,MASCULINO,UNION LIBRE,COMERCIANTE,NO REPORTADA,SECUNDARIA,COLOMBIA,"23,807,000",1
28/10/2015,CESAR,ASTREA,Miércoles,4:30,COR. ARJONA,URBANA,FINCAS Y SIMILARES,NO REPORTADA,A PIE,A PIE,30,MASCULINO,CASADO,GANADERO,INGENIERO ELECTRICO,SUPERIOR,COLOMBIA,"19,075,000",1
28/10/2015,ANTIOQUIA,NECOCLÍ,Miércoles,15:00,CGTO. LAS CHANGAS,RURAL,FINCAS Y SIMILARES,ARMA BLANCA / CORTOPUNZANTE,VEHICULO,A PIE,4,MASCULINO,SOLTERO,ESTUDIANTE,NO REPORTADA,ANALFABETA,COLOMBIA,"68,547,000",1
28/10/2015,ANTIOQUIA,NECOCLÍ,Miércoles,15:00,CGTO. LAS CHANGAS,RURAL,FINCAS Y SIMILARES,ARMA BLANCA / CORTOPUNZANTE,A PIE,A PIE,27,FEMENINO,UNION LIBRE,AMA DE CASA,NO REPORTADA,SECUNDARIA,COLOMBIA,"95,001,000",1
28/10/2015,ANTIOQUIA,NECOCLÍ,Miércoles,15:00,CGTO. LAS CHANGAS,RURAL,FINCAS Y SIMILARES,ARMA BLANCA / CORTOPUNZANTE,A PIE,A PIE,6,MASCULINO,SOLTERO,ESTUDIANTE,NO REPORTADA,PRIMARIA,COLOMBIA,"18,479,000",1
29/10/2015,NORTE DE SANTANDER,CÚCUTA (CT),Jueves,6:30,BARRIO QUINTA ORIENTAL,URBANA,PARQUES,ARMA BLANCA / CORTOPUNZANTE,A PIE,VEHICULO,40,FEMENINO,VIUDO,AMA DE CASA,NO REPORTADA,SECUNDARIA,COLOMBIA,"20,614,000",1
29/10/2015,NARIÑO,IPIALES,Jueves,19:20,CENTENARIO,URBANA,LOCAL COMERCIAL,NO REPORTADO,A PIE,A PIE,44,MASCULINO,CASADO,COMERCIANTE,NO REPORTADA,SECUNDARIA,COLOMBIA,"50,577,000",1
02/11/2015 12:00:00 AM,ANTIOQUIA,MEDELLÍN (CT),Lunes,22:30,BARRIO CRISTOBAL C-12,URBANA,VIAS PUBLICAS,ARMA BLANCA / CORTOPUNZANTE,VEHICULO,VEHICULO,21,FEMENINO,UNION LIBRE,DESEMPLEADO,NO REPORTADA,SECUNDARIA,COLOMBIA,"54,553,000",1
03/11/2015 12:00:00 AM,VALLE,CARTAGO,Martes,17:00,PRADO,URBANA,VIAS PUBLICAS,ARMA DE FUEGO,NO REPORTADA,NO REPORTADA,1,MASCULINO,SOLTERO,ESTUDIANTE,NO REPORTADA,NO REPORTADO,COLOMBIA,"11,001,000",1
04/11/2015 12:00:00 AM,ANTIOQUIA,MEDELLÍN (CT),Miércoles,20:10,HOSPITAL SAN VICENTE DE PAUL C-10,URBANA,VIAS PUBLICAS,ARMA BLANCA / CORTOPUNZANTE,CONDUCTOR TAXI,CONDUCTOR MOTOCICLETA,24,FEMENINO,UNION LIBRE,EMPLEADO PARTICULAR,NO REPORTADA,SECUNDARIA,COLOMBIA,"81,065,000",1
06/11/2015 12:00:00 AM,BOLÍVAR,SIMITÍ,Viernes,11:00,CGTO. MONTERREY,RURAL,FINCAS Y SIMILARES,ARMA BLANCA / CORTOPUNZANTE,CONDUCTOR TAXI,CONDUCTOR MOTOCICLETA,33,MASCULINO,UNION LIBRE,EMPLEADO PARTICULAR,INGENIERO CIVIL,SUPERIOR,COLOMBIA,"81,065,000",1
11/11/2015 12:00:00 AM,NORTE DE SANTANDER,SARDINATA,Miércoles,18:30,CORREGIMIENTO LIBANO,RURAL,FINCAS Y SIMILARES,ARMA BLANCA / CORTOPUNZANTE,CONDUCTOR TAXI,CONDUCTOR MOTOCICLETA,49,MASCULINO,CASADO,EMPLEADO PARTICULAR,NO REPORTADA,SECUNDARIA,COLOMBIA,"81,065,000",1
12/11/2015 12:00:00 AM,NORTE DE SANTANDER,ABREGO,Jueves,18:00,VEREDA LOS OSOS,RURAL,FINCAS Y SIMILARES,ARMA BLANCA / CORTOPUNZANTE,A PIE,A PIE,37,MASCULINO,UNION LIBRE,AGRICULTOR,NO REPORTADA,PRIMARIA,COLOMBIA,"11,001,000",1
18/11/2015,ATLÁNTICO,BARRANQUILLA (CT),Miércoles,20:00,ABAJO,URBANA,VEHICULO,ARMA BLANCA / CORTOPUNZANTE,A PIE,A PIE,48,MASCULINO,CASADO,EMPLEADO PARTICULAR,INGENIERO MECANICO,SUPERIOR,COLOMBIA,"11,001,000",1
22/11/2015,ARAUCA,TAME,Domingo,13:00,VEREDA PUERTO JORDAN,RURAL,VIAS PUBLICAS,ARMA BLANCA / CORTOPUNZANTE,A PIE,A PIE,61,MASCULINO,SOLTERO,EMPLEADO PARTICULAR,NO REPORTADA,SECUNDARIA,COLOMBIA,"20,011,000",1
23/11/2015,VALLE,CALI (CT),Lunes,12:20,CANEY E17,URBANA,VIAS PUBLICAS,NO REPORTADO,A PIE,A PIE,21,FEMENINO,SOLTERO,ESTUDIANTE,NO REPORTADA,SUPERIOR,COLOMBIA,"11,001,000",1
27/11/2015,CUNDINAMARCA,ARBELÁEZ,Viernes,10:00,VER. SAN LUIS,RURAL,FINCAS Y SIMILARES,ARMA BLANCA / CORTOPUNZANTE,A PIE,A PIE,12,FEMENINO,SOLTERO,ESTUDIANTE,NO REPORTADA,PRIMARIA,COLOMBIA,"19,533,000",1
04/12/2015 12:00:00 AM,CAUCA,BUENOS AIRES,Viernes,10:00,VDA PALOBLANCO,RURAL,FINCAS Y SIMILARES,ARMA BLANCA / CORTOPUNZANTE,A PIE,A PIE,51,MASCULINO,CASADO,EMPLEADO PARTICULAR,ADMINISTRADOR DE EMPRESAS,SUPERIOR,COLOMBIA,"81,001,000",1
06/12/2015 12:00:00 AM,VALLE,GUACARÍ,Domingo,20:00,CGTO. SANTA ROSA DE TAPIAS,RURAL,FINCAS Y SIMILARES,NO REPORTADO,A PIE,VEHICULO,56,MASCULINO,CASADO,GANADERO,NO REPORTADA,SECUNDARIA,COLOMBIA,"66,001,000",1
19/12/2015,CESAR,VALLEDUPAR (CT),Sábado,16:50,LA GRANJA,URBANA,VIAS PUBLICAS,NO REPORTADA,A PIE,A PIE,40,MASCULINO,CASADO,COMERCIANTE,NO REPORTADA,SECUNDARIA,COLOMBIA,"73,043,000",1
23/12/2015,TOLIMA,IBAGUÉ (CT),Miércoles,23:30,BELENCITO,URBANA,VIAS PUBLICAS,NO REPORTADO,VEHICULO,VEHICULO,27,MASCULINO,SOLTERO,ESTUDIANTE,NO REPORTADA,SECUNDARIA,COLOMBIA,"76,001,000",1
24/12/2015,NARIÑO,RICAURTE,Jueves,8:00,ALTAQUER,RURAL,FINCAS Y SIMILARES,ARMA BLANCA / CORTOPUNZANTE,A PIE,A PIE,31,MASCULINO,SOLTERO,EMPLEADO PARTICULAR,ABOGADO,SUPERIOR,COLOMBIA,"68,190,000",1
31/12/2015,NARIÑO,PUPIALES,Jueves,3:00,VDA TRES ESQUINAS,RURAL,FINCAS Y SIMILARES,ARMA BLANCA / CORTOPUNZANTE,VEHICULO,VEHICULO,25,MASCULINO,SOLTERO,EMPLEADO PARTICULAR,COMERCIO INTERNACIONAL,SUPERIOR,COLOMBIA,"18,610,000",1
TOTAL,,,,,,,,,,,,,,,,,,,213
"FUENTE: GRUPO INFORMACIÓN DE CRIMINALIDAD (GICRI) - DIJIN. INFORMACIÓN PRELIMINAR, DATOS EXTRAIDOS EL 26 DE AGOSTO DE 2016, SUJETO A VARIACIÓN.",,,,,,,,,,,,,,,,,,,
DATOS CONSOLIDADOS POR LA DIRECCIÓN DE ANTISECUESTRO Y ANTIEXTORSIÓN (DIASE),,,,,,,,,,,,,,,,,,,
